,Date/Time,LV ActivePower (kW),Wind Speed (m/s),Theoretical_Power_Curve (KWh),Wind Direction (°)
25311,2018-07-01 00:00:00,1473.84094238281,8.06948375701904,1570.03476150611,242.697204589843
25312,2018-07-01 00:10:00,1428.65197753906,8.14485454559326,1614.00782899864,244.89599609375
25313,2018-07-01 00:20:00,1346.49499511718,7.92368078231811,1486.59934580559,244.389999389648
25314,2018-07-01 00:30:00,1273.41796875,7.93981313705444,1495.7207738533,243.602600097656
25315,2018-07-01 00:40:00,1502.30505371093,8.22244930267333,1659.8403223482,245.853103637695
25316,2018-07-01 00:50:00,1625.06896972656,8.46450233459472,1806.14942240269,248.505706787109
25317,2018-07-01 01:00:00,1736.47595214843,8.80661010742187,2020.14500866429,247.89680480957
25318,2018-07-01 01:10:00,1708.89196777343,8.84126853942871,2042.20939330776,246.242706298828
25319,2018-07-01 01:20:00,1354.01098632812,7.99604177474975,1527.73079731675,245.362396240234
25320,2018-07-01 01:30:00,1427.30505371093,8.11866474151611,1598.6656858395,245.995498657226
25321,2018-07-01 01:40:00,1351.01904296875,7.9796872138977,1518.38592109337,244.155807495117
25322,2018-07-01 01:50:00,1530.76403808593,8.34580135345458,1733.80044575239,244.443496704101
25323,2018-07-01 02:00:00,1548.10302734375,8.433931350708,1787.41187588204,243.354293823242
25324,2018-07-01 02:10:00,1051.76599121093,7.40396404266357,1208.7378814518,237.431396484375
25325,2018-07-01 02:20:00,1094.55395507812,7.54817104339599,1282.85196539421,237.68440246582
25326,2018-07-01 02:30:00,1176.71301269531,7.6766037940979,1350.5997949242,241.571792602539
25327,2018-07-01 02:40:00,899.143920898437,7.11996698379516,1070.9205175167,240.575103759765
25328,2018-07-01 02:50:00,878.082275390625,7.10213184356689,1062.63520751724,237.312896728515
25329,2018-07-01 03:00:00,803.644287109375,6.81759595870971,935.947697433237,240.650604248046
25330,2018-07-01 03:10:00,671.501586914062,6.49703407287597,804.8312307494,241.00340270996
25331,2018-07-01 03:20:00,716.030883789062,6.66824388504028,873.389976251782,235.89109802246
25332,2018-07-01 03:30:00,911.847229003906,7.08417701721191,1054.33662778922,238.559295654296
25333,2018-07-01 03:40:00,897.501892089843,7.04260778427124,1035.28511264946,243.839599609375
25334,2018-07-01 03:50:00,899.858703613281,7.07456111907958,1049.909601925,241.930404663085
25335,2018-07-01 04:00:00,959.126220703125,7.21570110321044,1116.12196456868,245.524795532226
25336,2018-07-01 04:10:00,884.040283203125,7.14121294021606,1080.84540673095,248.361694335937
25337,2018-07-01 04:20:00,776.629272460937,6.87593793869018,961.104474061935,250.101104736328
25338,2018-07-01 04:30:00,694.006225585937,6.59542417526245,843.825635931653,246.806106567382
25339,2018-07-01 04:40:00,589.520385742187,6.34615278244018,747.114382943055,252.351898193359
25340,2018-07-01 04:50:00,410.957305908203,5.74812793731689,543.291974826102,254.196105957031
25341,2018-07-01 05:00:00,254.101806640625,5.10824012756347,363.042584016467,256.513305664062
25342,2018-07-01 05:10:00,91.751220703125,4.07056999206542,136.213885349279,253.423599243164
25343,2018-07-01 05:20:00,11.3281898498535,3.38459706306457,40.1402980914982,249.242797851562
25344,2018-07-01 05:30:00,0.0,2.52580189704895,0.0,248.923400878906
25345,2018-07-01 05:40:00,0.0,2.73970198631286,0.0,244.13540649414
25346,2018-07-01 05:50:00,0.0,2.51656007766723,0.0,258.489593505859
25347,2018-07-01 06:00:00,0.0,2.00728297233581,0.0,258.633209228515
25348,2018-07-01 06:10:00,0.0,1.51985394954681,0.0,262.572814941406
25349,2018-07-01 06:20:00,0.0,1.46881794929504,0.0,291.330291748046
25350,2018-07-01 06:30:00,0.0,2.88083291053771,0.0,319.183288574218
25351,2018-07-01 06:40:00,0.0,3.00814700126647,16.2660139308982,328.303192138671
25352,2018-07-01 06:50:00,0.0,2.36942100524902,0.0,330.241302490234
25353,2018-07-01 07:00:00,0.0,2.6365430355072,0.0,333.984497070312
25354,2018-07-01 07:10:00,0.0,2.27824091911315,0.0,332.290588378906
25355,2018-07-01 07:20:00,0.0,2.77014398574829,0.0,323.553588867187
25356,2018-07-01 07:30:00,0.0,2.74329209327697,0.0,330.653411865234
25357,2018-07-01 07:40:00,0.0,2.2795341014862,0.0,321.631195068359
25358,2018-07-01 07:50:00,0.0,2.56324505805969,0.0,338.777191162109
25359,2018-07-01 08:00:00,0.0,2.63604998588562,0.0,1.95547103881835
25360,2018-07-01 08:10:00,0.0,3.61660099029541,66.1469741881156,353.679290771484
25361,2018-07-01 08:20:00,0.0,2.66343307495117,0.0,348.048095703125
25362,2018-07-01 08:30:00,0.0,1.7754670381546,0.0,349.9912109375
25363,2018-07-01 08:40:00,0.0,1.97026896476745,0.0,6.67182493209838
25364,2018-07-01 08:50:00,0.0,1.81450104713439,0.0,6.91995620727539
25365,2018-07-01 09:00:00,0.0,2.25999093055725,0.0,10.6673898696899
25366,2018-07-01 09:10:00,0.0,2.03736400604248,0.0,346.637512207031
25367,2018-07-01 09:20:00,0.0,2.48166298866271,0.0,357.827514648437
25368,2018-07-01 09:30:00,0.0,2.52284598350524,0.0,10.6431102752685
25369,2018-07-01 09:40:00,0.0,2.33812999725341,0.0,350.69189453125
25370,2018-07-01 09:50:00,0.0,2.43322896957397,0.0,357.002014160156
25371,2018-07-01 10:00:00,0.0,3.43952393531799,45.519269107569,20.5903491973876
25372,2018-07-01 10:10:00,4.28079080581665,3.008544921875,16.2792787551879,15.3245801925659
25373,2018-07-01 10:20:00,5.2963261604309,2.86112594604492,0.0,16.2201995849609
25374,2018-07-01 10:30:00,15.219160079956,3.10289597511291,20.1396777391683,13.0590896606445
25375,2018-07-01 10:40:00,0.0,3.20411992073059,25.8650328265039,22.7077903747558
25376,2018-07-01 10:50:00,59.7249107360839,3.83312010765075,98.1869725465849,26.6305408477783
25377,2018-07-01 11:00:00,52.7405395507812,3.58465695381164,62.0549228131977,24.1911392211914
25378,2018-07-01 11:10:00,49.084358215332,3.5262598991394,54.9962752878382,16.2365493774414
25379,2018-07-01 11:20:00,16.3726196289062,3.02806305885314,16.9610207050764,15.669280052185
25380,2018-07-01 11:30:00,-0.0957331135869026,2.67428588867187,0.0,21.8959808349609
25381,2018-07-01 11:40:00,0.0,2.58886098861694,0.0,13.2955303192138
25382,2018-07-01 11:50:00,0.0,2.75096011161804,0.0,18.9361896514892
25383,2018-07-01 12:00:00,0.0,3.05581307411193,18.035226310928,24.6789207458496
25384,2018-07-01 12:10:00,0.0,3.44960498809814,46.5589312449592,21.3540897369384
25385,2018-07-01 12:20:00,56.6525115966796,3.63714599609375,68.8650735020637,16.8313694000244
25386,2018-07-01 12:30:00,54.1434593200683,3.6547520160675,71.2480807177171,21.2493000030517
25387,2018-07-01 12:40:00,5.59100294113159,2.70268607139587,0.0,20.731819152832
25388,2018-07-01 12:50:00,0.0,3.15339398384094,22.7909846251978,20.2874298095703
25389,2018-07-01 13:00:00,0.0,3.28212904930114,31.3958736144023,18.9274806976318
25390,2018-07-01 13:10:00,19.0712795257568,3.15057802200317,22.6323959609326,28.7965908050537
25391,2018-07-01 13:20:00,51.970458984375,3.41773700714111,43.3279207993328,19.3900699615478
25392,2018-07-01 13:30:00,58.5983390808105,3.7193648815155,80.4185428291212,20.4211997985839
25393,2018-07-01 13:40:00,139.275894165039,4.20924997329711,162.862754783606,15.6843996047973
25394,2018-07-01 13:50:00,193.055892944335,4.60672616958618,244.938225425043,20.8991603851318
25395,2018-07-01 14:00:00,252.033294677734,4.94799900054931,323.326688991227,22.8791809082031
25396,2018-07-01 14:10:00,179.625,4.50269794464111,222.570982164807,26.7134990692138
25397,2018-07-01 14:20:00,264.478210449218,4.91363906860351,315.06356894219,23.5222206115722
25398,2018-07-01 14:30:00,145.89549255371,4.24767923355102,170.416240732348,27.3492794036865
25399,2018-07-01 14:40:00,144.910995483398,4.2967939376831,180.18188875021,27.5728492736816
25400,2018-07-01 14:50:00,161.144699096679,4.38135719299316,197.300409712279,27.9995193481445
25401,2018-07-01 15:00:00,180.21369934082,4.45626306533813,212.799011352363,40.6617889404296
25402,2018-07-01 15:10:00,106.072998046875,3.96473002433776,121.327682367509,43.9541587829589
25403,2018-07-01 15:20:00,91.7728881835937,3.88285899162292,106.606687659089,38.6972618103027
25404,2018-07-01 15:30:00,122.920600891113,4.06287622451782,134.762278138219,38.4225196838378
25405,2018-07-01 15:40:00,125.914199829101,4.17086505889892,155.392725168322,34.3368606567382
25406,2018-07-01 15:50:00,215.501693725585,4.66665410995483,258.132648060877,44.0149383544921
25407,2018-07-01 16:00:00,544.752380371093,6.05379199981689,642.284875515797,60.4026298522949
25408,2018-07-01 16:10:00,677.605224609375,6.56230688095092,830.579272033491,60.37255859375
25409,2018-07-01 16:20:00,905.125671386718,7.18614721298217,1102.03550950171,60.8662300109863
25410,2018-07-01 16:30:00,801.098571777343,6.88639879226684,965.658801499956,66.186897277832
25411,2018-07-01 16:40:00,850.909606933593,7.12129402160644,1071.53867542478,74.0420684814453
25412,2018-07-01 16:50:00,743.94580078125,6.89961385726928,971.431366581537,71.8073425292968
25413,2018-07-01 17:00:00,549.390319824218,6.30815696716308,732.971058212008,71.5238571166992
25414,2018-07-01 17:10:00,717.137084960937,6.8966588973999,970.138731096649,71.8980636596679
25415,2018-07-01 17:20:00,950.364685058593,7.39055204391479,1201.97031709287,74.7540206909179
25416,2018-07-01 17:30:00,702.341613769531,6.97633123397827,1005.36947019761,76.6121215820312
25417,2018-07-01 17:40:00,608.370971679687,6.48411607742309,799.791705918733,67.3761672973632
25418,2018-07-01 17:50:00,480.88198852539,5.97438287734985,616.386034872305,56.8195114135742
25419,2018-07-01 18:00:00,447.589813232421,5.99680805206298,623.923527517222,53.1270790100097
25420,2018-07-01 18:10:00,565.271911621093,6.27890300750732,722.188065903338,47.181468963623
25421,2018-07-01 18:20:00,374.909790039062,5.63809299468994,509.616081361059,52.3320617675781
25422,2018-07-01 18:30:00,353.140411376953,5.5838918685913,493.459787672839,52.8183097839355
25423,2018-07-01 18:40:00,395.243591308593,5.77089977264404,550.410951572271,48.3130416870117
25424,2018-07-01 18:50:00,297.950988769531,5.35750913619995,428.928428229846,51.4498710632324
25425,2018-07-01 19:00:00,376.951293945312,5.66752099990844,518.506316567305,55.3708610534667
25426,2018-07-01 19:10:00,244.134994506835,4.99407291412353,334.544845650128,50.1669311523437
25427,2018-07-01 19:20:00,275.693298339843,5.08066892623901,356.067366128705,53.7945518493652
25428,2018-07-01 19:30:00,92.1014328002929,3.90180706977844,109.918305521101,40.8163604736328
25429,2018-07-01 19:40:00,126.841102600097,4.17719078063964,156.618699872698,40.2676696777343
25430,2018-07-01 19:50:00,166.781692504882,4.53326416015625,229.073990263078,43.7301712036132
25431,2018-07-01 20:00:00,238.12939453125,4.97850084304809,330.735482400104,46.1527404785156
25432,2018-07-01 20:10:00,180.346099853515,4.63085985183715,250.223995421407,44.3774604797363
25433,2018-07-01 20:20:00,224.226806640625,4.87970399856567,306.987495882946,46.8366508483886
25434,2018-07-01 20:30:00,210.246597290039,4.83511114120483,296.501149398515,44.8535614013671
25435,2018-07-01 20:40:00,277.546997070312,5.12924909591674,368.398143690451,47.0363807678222
25436,2018-07-01 20:50:00,265.819793701171,5.05241012573242,348.980177114067,44.5359802246093
25437,2018-07-01 21:00:00,271.66128540039,5.15551805496215,375.144366615744,46.9967002868652
25438,2018-07-01 21:10:00,201.106506347656,4.6326880455017,250.625924878407,46.5178604125976
25439,2018-07-01 21:20:00,288.02978515625,5.21709299087524,391.177664497662,42.9108695983886
25440,2018-07-01 21:30:00,313.763885498046,5.33561611175537,422.93130401743,46.3467483520507
25441,2018-07-01 21:40:00,286.716400146484,5.17311811447143,379.695525152961,44.9189300537109
25442,2018-07-01 21:50:00,235.647399902343,4.90920114517211,314.002638250871,46.7933883666992
25443,2018-07-01 22:00:00,393.289093017578,5.62322378158569,505.155880384402,46.562759399414
25444,2018-07-01 22:10:00,512.482727050781,6.08554410934448,653.226918147224,41.3069610595703
25445,2018-07-01 22:20:00,421.641387939453,5.81370878219604,563.935605198957,43.228458404541
25446,2018-07-01 22:30:00,453.597595214843,5.98777294158935,620.880162509433,43.6706886291503
25447,2018-07-01 22:40:00,400.759887695312,5.74523878097534,542.392473662869,43.0922317504882
25448,2018-07-01 22:50:00,385.492889404296,5.65455198287963,514.578018003792,44.8225212097167
25449,2018-07-01 23:00:00,414.481414794921,5.7989649772644,559.256609022971,45.0249595642089
25450,2018-07-01 23:10:00,416.402709960937,5.79185676574707,557.00868882381,45.3472290039062
25451,2018-07-01 23:20:00,487.754089355468,6.03294706344604,635.160112391784,48.0406913757324
25452,2018-07-01 23:30:00,472.192504882812,5.95398998260498,609.57843190262,49.8502197265625
25453,2018-07-01 23:40:00,553.459716796875,6.26337385177612,716.501512270272,59.2863388061523
25454,2018-07-01 23:50:00,629.590270996093,6.51236104965209,810.834557111009,64.0710220336914
25455,2018-07-02 00:00:00,695.752075195312,6.62213277816772,854.598974402798,63.8662910461425
25456,2018-07-02 00:10:00,797.351989746093,7.10039901733398,1061.8324616272,63.910400390625
25457,2018-07-02 00:20:00,782.664428710937,6.94431114196777,991.115412417609,68.7547988891601
25458,2018-07-02 00:30:00,706.855224609375,6.75728797912597,910.371688805272,72.584861755371
25459,2018-07-02 00:40:00,767.836486816406,6.9423599243164,990.250953097778,72.1574935913085
25460,2018-07-02 00:50:00,829.460876464843,7.15955018997192,1089.46001935412,69.9894714355468
25461,2018-07-02 01:00:00,1059.48999023437,7.66208600997924,1342.83608058419,73.05029296875
25462,2018-07-02 01:10:00,1041.52001953125,7.6291480064392,1325.32022674845,74.9418563842773
25463,2018-07-02 01:20:00,923.451721191406,7.31076478958129,1162.2550731654,76.5830764770507
25464,2018-07-02 01:30:00,928.711120605468,7.38319683074951,1198.27024940867,73.636131286621
25465,2018-07-02 01:40:00,914.03857421875,7.36324310302734,1188.27253761908,72.904067993164
25466,2018-07-02 01:50:00,665.460815429687,6.7683048248291,915.011641204449,75.2821884155273
25467,2018-07-02 02:00:00,667.252685546875,6.58508586883544,839.677206659107,77.1428527832031
25468,2018-07-02 02:10:00,624.495727539062,6.25860881805419,714.76183018155,79.6009063720703
25469,2018-07-02 02:20:00,674.34619140625,6.67783784866333,877.330320405666,74.2770767211914
25470,2018-07-02 02:30:00,766.608093261718,6.94108486175537,989.686310899042,76.5060729980468
25471,2018-07-02 02:40:00,861.084228515625,7.15474700927734,1087.19918143081,72.8573837280273
25472,2018-07-02 02:50:00,963.594787597656,7.4369888305664,1225.5162056596,71.6490097045898
25473,2018-07-02 03:00:00,1014.9580078125,7.49064111709594,1253.12611569763,73.0105819702148
25474,2018-07-02 03:10:00,1025.96203613281,7.72154378890991,1374.79820744523,76.096076965332
25475,2018-07-02 03:20:00,1075.76696777343,7.72332191467285,1375.76075609485,76.0817337036132
25476,2018-07-02 03:30:00,1264.25500488281,8.16529464721679,1626.02696537276,75.3727722167968
25477,2018-07-02 03:40:00,1260.09094238281,8.16328334808349,1624.84254612875,76.8608627319335
25478,2018-07-02 03:50:00,1452.77502441406,8.66164207458496,1928.56751711892,76.9356613159179
25479,2018-07-02 04:00:00,1524.80004882812,8.73945331573486,1977.57283618519,77.2356872558593
25480,2018-07-02 04:10:00,1463.5400390625,8.59127807617187,1884.57304707755,75.4998703002929
25481,2018-07-02 04:20:00,1432.96301269531,8.61427688598632,1898.91789965428,74.6643905639648
25482,2018-07-02 04:30:00,1452.39501953125,8.55239677429199,1860.40193976406,75.349983215332
25483,2018-07-02 04:40:00,1810.18103027343,9.33415985107421,2361.2463833973,75.9317092895507
25484,2018-07-02 04:50:00,1799.40002441406,9.23781299591064,2298.28756434437,75.3950729370117
25485,2018-07-02 05:00:00,1729.34704589843,9.11415767669677,2217.82878008117,73.5226593017578
25486,2018-07-02 05:10:00,1667.92895507812,8.93517112731933,2102.28516912883,73.6036529541015
25487,2018-07-02 05:20:00,1554.33801269531,8.74084568023681,1978.45295882619,73.8713073730468
25488,2018-07-02 05:30:00,1542.94201660156,8.57568168640136,1874.86510799282,73.4396133422851
25489,2018-07-02 05:40:00,1377.70397949218,8.3159646987915,1715.79203937189,74.2647094726562
25490,2018-07-02 05:50:00,1170.59594726562,7.86772394180297,1455.18200136438,73.5588912963867
25491,2018-07-02 06:00:00,1038.98095703125,7.4352707862854,1224.63931329644,74.0262908935546
25492,2018-07-02 06:10:00,913.087097167968,7.08440494537353,1054.44170940257,72.2972412109375
25493,2018-07-02 06:20:00,1007.30999755859,7.35575819015502,1184.53729535453,70.1438064575195
25494,2018-07-02 06:30:00,868.820617675781,7.07241201400756,1048.92183406986,70.2549819946289
25495,2018-07-02 06:40:00,631.859802246093,6.39594793319702,765.887087416619,71.2649765014648
25496,2018-07-02 06:50:00,807.687316894531,6.7836480140686,921.497606453741,69.8449172973632
25497,2018-07-02 07:00:00,1041.96594238281,7.33927297592163,1176.33932693142,69.9242095947265
25498,2018-07-02 07:10:00,1264.58996582031,7.87879085540771,1461.36801337473,70.3585205078125
25499,2018-07-02 07:20:00,1003.70098876953,7.35548019409179,1184.39872263074,68.8665618896484
25500,2018-07-02 07:30:00,849.505981445312,6.80063486099243,928.710962462951,60.8914909362792
25501,2018-07-02 07:40:00,1095.69799804687,7.48031091690063,1247.77588630935,65.5044937133789
25502,2018-07-02 07:50:00,1363.36694335937,8.16147136688232,1623.77582579699,69.913719177246
25503,2018-07-02 08:00:00,992.98388671875,7.15225219726562,1086.02610716623,68.9478530883789
25504,2018-07-02 08:10:00,961.974426269531,7.04577302932739,1036.72789210506,76.8272705078125
25505,2018-07-02 08:20:00,500.52978515625,5.81378698348999,563.960481690636,83.7528228759765
25506,2018-07-02 08:30:00,0.0,6.16866493225097,682.381207794398,86.6011199951171
25507,2018-07-02 08:40:00,599.521728515625,6.27434301376342,720.515568399456,74.2313537597656
25508,2018-07-02 08:50:00,998.024780273437,7.13340711593627,1077.19198702999,69.7671432495117
25509,2018-07-02 09:00:00,762.311218261718,6.67298316955566,875.335126394942,66.5931091308593
25510,2018-07-02 09:10:00,609.732177734375,6.27689409255981,721.45096750876,66.5684280395507
25511,2018-07-02 09:20:00,877.721374511718,6.76665019989013,914.31385105313,57.6524391174316
25512,2018-07-02 09:30:00,468.568695068359,5.51692390441894,473.881563801852,53.4162483215332
25513,2018-07-02 09:40:00,432.81460571289,5.2763237953186,406.897259366694,50.8654518127441
25514,2018-07-02 09:50:00,350.945098876953,5.09478902816772,359.632095384811,45.8405799865722
25515,2018-07-02 10:00:00,650.998413085937,5.98983716964721,621.574697060408,32.9179306030273
25516,2018-07-02 10:10:00,683.586486816406,6.35102987289428,748.94112927834,32.7937088012695
25517,2018-07-02 10:20:00,630.913208007812,6.01623392105102,629.481138707696,42.2137107849121
25518,2018-07-02 10:30:00,1011.49102783203,7.26994705200195,1142.29136277461,59.6568908691406
25519,2018-07-02 10:40:00,1409.59497070312,8.13043308258056,1605.55153792485,68.2520599365234
25520,2018-07-02 10:50:00,1429.73303222656,8.09275245666503,1583.55118950746,66.9357528686523
25521,2018-07-02 11:00:00,344.814697265625,6.99226713180541,1012.5115411455,86.4909362792968
25522,2018-07-02 11:10:00,0.0,6.14281702041625,673.236031525417,93.0155181884765
25523,2018-07-02 11:20:00,0.0,6.76405811309814,913.221363152804,81.691062927246
25524,2018-07-02 11:30:00,0.0,8.31942844390869,1717.87884587859,79.9250106811523
25525,2018-07-02 11:40:00,0.0,6.20676517486572,695.991734015254,65.0730667114257
25526,2018-07-02 11:50:00,0.0,6.29548692703247,728.2895526217,111.351600646972
25527,2018-07-02 12:00:00,0.0,8.22365570068359,1660.55724342344,81.6488571166992
25528,2018-07-02 12:10:00,0.0,6.01452779769897,628.90309365352,0.0
25529,2018-07-02 12:20:00,0.0,6.07656192779541,650.120657653804,0.0
25530,2018-07-02 12:30:00,0.0,5.9996690750122,624.889062737707,21.3568897247314
25531,2018-07-02 12:40:00,0.0,8.36242198944091,1743.86382230744,13.8854103088378
25532,2018-07-02 12:50:00,495.3544921875,6.37067604064941,756.325896623496,21.8186607360839
25533,2018-07-02 13:00:00,765.211975097656,6.43522596359252,780.885765598947,26.3917598724365
25534,2018-07-02 13:10:00,764.955688476562,6.62730693817138,856.695425628893,29.7069492340087
25535,2018-07-02 13:20:00,717.674987792968,6.30006599426269,729.979490941562,28.8269004821777
25536,2018-07-02 13:30:00,772.241882324218,6.64431095123291,863.606566160661,28.7003192901611
25537,2018-07-02 13:40:00,835.907775878906,6.79359912872314,925.719121034437,26.9230594635009
25538,2018-07-02 13:50:00,1149.77294921875,7.57504510879516,1296.85107771124,28.5068302154541
25539,2018-07-02 14:00:00,1072.58996582031,7.45109701156616,1232.73390918666,29.6103706359863
25540,2018-07-02 14:10:00,1245.29797363281,7.53832006454467,1277.74441714826,29.8877601623535
25541,2018-07-02 14:20:00,1279.39001464843,7.81682205200195,1426.90836921049,29.6918296813964
25542,2018-07-02 14:30:00,1358.43298339843,8.00311946868896,1531.78360125984,38.47652053833
25543,2018-07-02 14:40:00,1149.751953125,7.37637376785278,1194.84501160052,41.4718208312988
25544,2018-07-02 14:50:00,1007.51397705078,7.1270260810852,1074.21145716197,36.9559593200683
25545,2018-07-02 15:00:00,911.057495117187,6.79166603088378,924.898131279956,38.2491188049316
25546,2018-07-02 15:10:00,630.002380371093,6.19278383255004,690.97912872463,41.612060546875
25547,2018-07-02 15:20:00,622.047485351562,6.16677713394165,681.710871898332,54.0319519042968
25548,2018-07-02 15:30:00,1420.13696289062,8.18502616882324,1637.66647575286,55.8875007629394
25549,2018-07-02 15:40:00,1629.21704101562,8.71172523498535,1960.06884517591,55.4791717529296
25550,2018-07-02 15:50:00,1439.19702148437,8.23766708374023,1668.89326167066,55.7095413208007
25551,2018-07-02 16:00:00,1543.96203613281,8.45890712738037,1802.71476826342,60.7601509094238
25552,2018-07-02 16:10:00,1445.47705078125,8.38906288146972,1760.04065409826,62.7175216674804
25553,2018-07-02 16:20:00,1330.74694824218,8.08093929290771,1576.68241925338,60.1796798706054
25554,2018-07-02 16:30:00,1249.81298828125,7.90428781509399,1475.67185979956,63.7968482971191
25555,2018-07-02 16:40:00,1337.64599609375,8.11078262329101,1594.06118701626,67.7714691162109
25556,2018-07-02 16:50:00,1239.47595214843,7.93237686157226,1491.51271047664,70.0875396728515
25557,2018-07-02 17:00:00,1310.10900878906,8.10576820373535,1591.13504395696,67.8426971435546
25558,2018-07-02 17:10:00,1668.03198242187,8.85684013366699,2052.1424179096,68.7624206542968
25559,2018-07-02 17:20:00,1770.25903320312,9.15984535217285,2247.50457083378,71.2716598510742
25560,2018-07-02 17:30:00,1845.93395996093,9.4751443862915,2453.66966915032,70.3057098388671
25561,2018-07-02 17:40:00,2111.333984375,10.1115999221801,2859.56223703198,71.080322265625
25562,2018-07-02 17:50:00,2281.38696289062,10.5673904418945,3097.31653271597,71.7374267578125
25563,2018-07-02 18:00:00,2285.09008789062,10.2482595443725,2937.04980014667,69.0908737182617
25564,2018-07-02 18:10:00,2148.2958984375,10.1760702133178,2896.80711020014,66.1727905273437
25565,2018-07-02 18:20:00,2128.53295898437,10.0356197357177,2814.05122513045,65.5935668945312
25566,2018-07-02 18:30:00,2270.01000976562,10.346209526062,2989.24454796257,69.0258483886718
25567,2018-07-02 18:40:00,2306.4580078125,10.4690103530883,3050.88324099134,70.3112564086914
25568,2018-07-02 18:50:00,2286.0458984375,10.4467000961303,3039.99241092023,70.2859268188476
25569,2018-07-02 19:00:00,2192.14892578125,10.1940298080444,2906.96190428863,68.9262924194335
25570,2018-07-02 19:10:00,2216.18090820312,10.2177200317382,2920.21156461552,67.729621887207
25571,2018-07-02 19:20:00,2276.09912109375,10.3251895904541,2978.27366070351,66.3667678833007
25572,2018-07-02 19:30:00,2247.7939453125,10.241470336914,2933.32996765332,66.2557830810546
25573,2018-07-02 19:40:00,2344.81689453125,10.4278001785278,3030.66041506523,64.9488830566406
25574,2018-07-02 19:50:00,2305.88500976562,10.4263296127319,3029.93021782158,65.4916381835937
25575,2018-07-02 20:00:00,2332.80004882812,10.5508699417114,3089.69846552454,67.111343383789
25576,2018-07-02 20:10:00,2172.42602539062,10.3950395584106,3014.25257888817,68.3099136352539
25577,2018-07-02 20:20:00,2004.4169921875,9.87633609771728,2712.78279414693,68.5267333984375
25578,2018-07-02 20:30:00,1848.10803222656,9.22801113128662,2291.8943697774,69.2955474853515
25579,2018-07-02 20:40:00,1731.59301757812,9.0003023147583,2144.18579260395,67.8314666748046
25580,2018-07-02 20:50:00,1830.97802734375,9.27326869964599,2321.43273258601,70.8902282714843
25581,2018-07-02 21:00:00,1856.22595214843,9.25395107269287,2308.81866597951,71.5507125854492
25582,2018-07-02 21:10:00,1912.36694335937,9.44057083129882,2430.98022367055,70.1856536865234
25583,2018-07-02 21:20:00,1839.43103027343,9.16061496734619,2248.00501298586,69.8344268798828
25584,2018-07-02 21:30:00,1675.90197753906,8.91486930847167,2089.2619293181,71.6791076660156
25585,2018-07-02 21:40:00,1549.17297363281,8.67730998992919,1938.40608437617,70.8839874267578
25586,2018-07-02 21:50:00,1275.08703613281,8.14002132415771,1611.17157586438,68.5376663208007
25587,2018-07-02 22:00:00,1297.03100585937,8.15654373168945,1620.87646438612,69.4151535034179
25588,2018-07-02 22:10:00,1271.67602539062,8.09094715118408,1582.50060518542,72.3815536499023
25589,2018-07-02 22:20:00,1355.94299316406,8.35722923278808,1740.71732749523,74.8350830078125
25590,2018-07-02 22:30:00,1397.23498535156,8.42688846588134,1783.10518628778,76.4806365966796
25591,2018-07-02 22:40:00,1324.29504394531,8.26416778564453,1684.70727159562,76.4687576293945
25592,2018-07-02 22:50:00,1103.19995117187,7.95748996734619,1505.74768566374,76.91748046875
25593,2018-07-02 23:00:00,1081.44897460937,7.78963804244995,1411.93120217646,74.7105331420898
25594,2018-07-02 23:10:00,1078.07495117187,7.7986397743225,1416.88120212833,73.0058670043945
25595,2018-07-02 23:20:00,1047.79895019531,7.73960781097412,1384.59461915396,75.9556427001953
25596,2018-07-02 23:30:00,1007.03100585937,7.68585205078125,1355.55922622659,77.5952835083007
25597,2018-07-02 23:40:00,1028.34997558593,7.92277002334594,1486.08523423833,78.0283508300781
25598,2018-07-02 23:50:00,858.947814941406,7.29191017150878,1153.00402541521,79.1553573608398
25599,2018-07-03 00:00:00,938.298706054687,7.44421815872192,1229.21094699937,76.4170608520507
25600,2018-07-03 00:10:00,1010.27001953125,7.61056184768676,1315.49744790883,75.9410781860351
25601,2018-07-03 00:20:00,959.393188476562,7.63304901123046,1327.38752285636,78.0653762817382
25602,2018-07-03 00:30:00,492.049499511718,5.11167478561401,363.915733231925,84.3942413330078
25603,2018-07-03 00:40:00,358.44351196289,4.89317607879638,310.183647862941,90.8984375
25604,2018-07-03 00:50:00,188.084899902343,4.11381196975708,144.423845722361,99.0529327392578
25605,2018-07-03 01:00:00,162.55239868164,4.03360080718994,129.263568115421,87.1476287841796
25606,2018-07-03 01:10:00,88.3767166137695,3.30741190910339,33.397347639996,88.974998474121
25607,2018-07-03 01:20:00,195.90510559082,4.48782014846801,219.4260779954,82.874153137207
25608,2018-07-03 01:30:00,522.16357421875,6.14669895172119,674.604926713169,76.1682815551757
25609,2018-07-03 01:40:00,516.823974609375,6.30913591384887,733.333494851628,74.8753814697265
25610,2018-07-03 01:50:00,358.526885986328,5.6047339439392,499.639207048845,68.7759628295898
25611,2018-07-03 02:00:00,401.967498779296,5.64656686782836,512.167452133132,71.8748474121093
25612,2018-07-03 02:10:00,334.353790283203,5.37106609344482,432.663056517741,73.912483215332
25613,2018-07-03 02:20:00,499.82730102539,6.19207096099853,690.724110465225,75.3200225830078
25614,2018-07-03 02:30:00,540.251708984375,6.37724113464355,758.802997081249,69.9461669921875
25615,2018-07-03 02:40:00,531.945678710937,6.31251716613769,734.586136677754,72.6173095703125
25616,2018-07-03 02:50:00,373.944885253906,5.73717498779296,539.886323850313,75.6682586669921
25617,2018-07-03 03:00:00,373.775085449218,5.55643796920776,485.382770316164,73.9752578735351
25618,2018-07-03 03:10:00,504.108795166015,6.35619211196899,750.877492904627,75.0344161987304
25619,2018-07-03 03:20:00,574.852172851562,6.67408180236816,875.786408816466,75.2079696655273
25620,2018-07-03 03:30:00,461.505798339843,6.15004777908325,675.787126762588,75.9408569335937
25621,2018-07-03 03:40:00,291.314086914062,5.0822057723999,356.454593406738,77.1813278198242
25622,2018-07-03 03:50:00,148.983993530273,4.26029777526855,172.913121055287,79.2335968017578
25623,2018-07-03 04:00:00,70.9235687255859,3.32208609580993,34.605911315045,86.5474472045898
25624,2018-07-03 04:10:00,45.0334587097167,3.337336063385,35.8984036011279,90.1328964233398
25625,2018-07-03 04:20:00,6.2794017791748,2.99453401565551,0.0,99.3852996826171
25626,2018-07-03 04:30:00,40.4234199523925,3.8053719997406,93.6618286289931,105.626899719238
25627,2018-07-03 04:40:00,120.898803710937,3.89426589012145,108.593427062665,105.195503234863
25628,2018-07-03 04:50:00,58.343521118164,3.43451309204101,45.008549117716,100.491600036621
25629,2018-07-03 05:00:00,190.119598388671,4.55078220367431,232.826640558965,107.991996765136
25630,2018-07-03 05:10:00,143.561798095703,4.11398410797119,144.456704340568,109.419296264648
25631,2018-07-03 05:20:00,16.7213191986083,2.86133408546447,0.0,92.1044769287109
25632,2018-07-03 05:30:00,57.9633407592773,3.3313660621643,35.3879913616001,99.1141815185546
25633,2018-07-03 05:40:00,95.7098693847656,3.66349101066589,72.4493380400645,104.143997192382
25634,2018-07-03 05:50:00,155.447998046875,4.12722206115722,146.987873834098,105.122001647949
25635,2018-07-03 06:00:00,119.192497253417,3.76208090782165,86.8479738555952,101.84220123291
25636,2018-07-03 06:10:00,78.2956314086914,3.35927391052246,37.8229845592869,92.5051498413085
25637,2018-07-03 06:20:00,62.5356216430664,3.45432901382446,47.0517166665995,89.2786483764648
25638,2018-07-03 06:30:00,23.3897304534912,2.85761594772338,0.0,94.3790206909179
25639,2018-07-03 06:40:00,0.487665504217148,2.52302598953247,0.0,99.7272567749023
25640,2018-07-03 06:50:00,0.0,3.36019992828369,37.9059167719242,106.510498046875
25641,2018-07-03 07:00:00,31.2788391113281,3.52450895309448,54.793057849125,96.208267211914
25642,2018-07-03 07:10:00,0.0,2.2140929698944,0.0,94.7512588500976
25643,2018-07-03 07:20:00,0.0,3.37101888656616,38.8850055052208,101.572700500488
25644,2018-07-03 07:30:00,14.6460599899291,3.10171794891357,20.0826976557291,95.0984878540039
25645,2018-07-03 07:40:00,58.3172988891601,3.5762619972229,61.0066150665989,96.6728897094726
25646,2018-07-03 07:50:00,68.3696212768554,3.58139300346374,61.6460020689674,99.4768371582031
25647,2018-07-03 08:00:00,28.3232192993164,3.10589790344238,20.2858821864356,96.9735107421875
25648,2018-07-03 08:10:00,0.0,2.72781991958618,0.0,96.343162536621
25649,2018-07-03 08:20:00,0.0,2.94986104965209,0.0,103.749603271484
25650,2018-07-03 08:30:00,0.0,2.58817100524902,0.0,90.0024871826171
25651,2018-07-03 08:40:00,0.0,3.49448800086975,51.3850866681651,81.8071365356445
25652,2018-07-03 08:50:00,127.279403686523,4.11146306991577,143.975616760393,72.300422668457
25653,2018-07-03 09:00:00,187.811599731445,4.53251600265502,228.914141220035,77.4988327026367
25654,2018-07-03 09:10:00,87.5279235839843,3.76581501960754,87.4238921679616,81.1788101196289
25655,2018-07-03 09:20:00,189.802597045898,4.61062622070312,245.78990242859,70.3153228759765
25656,2018-07-03 09:30:00,31.0177593231201,3.29595303535461,32.4775530621964,64.2457809448242
25657,2018-07-03 09:40:00,32.2472305297851,3.2545850276947,29.3318037923354,85.8752670288085
25658,2018-07-03 09:50:00,54.6220893859863,3.5623300075531,59.2917632332728,80.8124237060546
25659,2018-07-03 10:00:00,58.4207000732421,3.66396594047546,72.5149717041322,73.376220703125
25660,2018-07-03 10:10:00,37.6699104309082,3.55705904960632,58.6510723672664,69.2876434326171
25661,2018-07-03 10:20:00,4.5847430229187,2.72186088562011,0.0,65.201301574707
25662,2018-07-03 10:30:00,0.0,2.3681149482727,0.0,41.9404983520507
25663,2018-07-03 10:40:00,0.0,2.77520394325256,0.0,44.4944801330566
25664,2018-07-03 10:50:00,0.0,2.40339398384094,0.0,32.313190460205
25665,2018-07-03 11:00:00,0.0,2.69905090332031,0.0,51.9691696166992
25666,2018-07-03 11:10:00,100.301597595214,4.72825717926025,271.940520657803,67.6279525756835
25667,2018-07-03 11:20:00,252.458694458007,4.98918581008911,333.34734989297,63.7934684753417
25668,2018-07-03 11:30:00,159.764007568359,4.39748096466064,200.609447239889,59.6039505004882
25669,2018-07-03 11:40:00,169.684997558593,4.51720094680786,225.649462486932,60.9637489318847
25670,2018-07-03 11:50:00,58.0981216430664,3.39785909652709,41.394839944016,54.3553581237792
25671,2018-07-03 12:00:00,21.408519744873,3.09461998939514,19.7440750520955,28.6391105651855
25672,2018-07-03 12:10:00,123.502799987792,3.97305297851562,122.88426323235,16.2110805511474
25673,2018-07-03 12:20:00,124.350700378417,4.10470676422119,142.687805951966,21.9507007598876
25674,2018-07-03 12:30:00,85.2308731079101,3.80074906349182,92.9198950463806,25.1520805358886
25675,2018-07-03 12:40:00,68.6338119506835,3.62894797325134,67.7723793886007,32.3585090637207
25676,2018-07-03 12:50:00,77.4102935791015,3.8793671131134,106.002669189661,25.4798908233642
25677,2018-07-03 13:00:00,74.1211700439453,3.77353596687316,88.6217823036541,25.1303806304931
25678,2018-07-03 13:10:00,84.8365631103515,3.87948894500732,106.023710591442,23.1202201843261
25679,2018-07-03 13:20:00,113.467597961425,4.06642818450927,135.432098213381,26.226110458374
25680,2018-07-03 13:30:00,155.870697021484,4.27620077133178,176.071785036099,32.8088607788085
25681,2018-07-03 13:40:00,108.137001037597,3.95062398910522,118.714845144354,31.9326000213623
25682,2018-07-03 13:50:00,70.56005859375,3.62130188941955,66.7629434851306,30.0777492523193
25683,2018-07-03 14:00:00,44.8414611816406,3.4788498878479,49.6669736184886,37.8145408630371
25684,2018-07-03 14:10:00,26.0914192199707,3.25612998008728,29.4443646987538,35.7248992919921
25685,2018-07-03 14:20:00,76.9473190307617,3.71509599685668,79.7920546770511,45.273639678955
25686,2018-07-03 14:30:00,96.5377578735351,3.76147294044494,86.7544172166281,43.69575881958
25687,2018-07-03 14:40:00,18.9110698699951,3.15563011169433,22.9178221074981,42.7500495910644
25688,2018-07-03 14:50:00,75.7592697143554,3.76763010025024,87.7046408728238,47.8801193237304
25689,2018-07-03 15:00:00,226.744995117187,4.74241209030151,275.149055337107,47.0206909179687
25690,2018-07-03 15:10:00,260.254089355468,4.91121816635131,314.484649027165,46.4518318176269
25691,2018-07-03 15:20:00,313.576599121093,5.17299079895019,379.662512441359,53.428970336914
25692,2018-07-03 15:30:00,559.224426269531,6.21119594573974,697.584630539208,57.0481910705566
25693,2018-07-03 15:40:00,584.440795898437,6.30712080001831,732.587549573404,55.4589805603027
25694,2018-07-03 15:50:00,570.438415527343,6.30531597137451,731.919819093934,56.1153297424316
25695,2018-07-03 16:00:00,511.346496582031,6.16802787780761,682.154954312924,53.6271286010742
25696,2018-07-03 16:10:00,537.658325195312,6.1647629737854,680.996086809089,55.4303703308105
25697,2018-07-03 16:20:00,574.877380371093,6.29227113723754,727.10409442929,56.8510208129882
25698,2018-07-03 16:30:00,859.767028808593,7.05553913116455,1041.18762512435,57.8577117919921
25699,2018-07-03 16:40:00,969.512390136718,7.24070501327514,1128.13354167295,57.911880493164
25700,2018-07-03 16:50:00,927.50048828125,7.22741413116455,1121.73799854734,58.2914199829101
25701,2018-07-03 17:00:00,1114.65600585937,7.6330280303955,1327.37639909299,58.527000427246
25702,2018-07-03 17:10:00,882.377990722656,7.16060018539428,1089.95466151663,52.0544281005859
25703,2018-07-03 17:20:00,1093.22399902343,7.67077016830444,1347.47696162036,52.5773200988769
25704,2018-07-03 17:30:00,1177.18298339843,7.77735376358032,1405.19151528417,45.2974205017089
25705,2018-07-03 17:40:00,828.821899414062,6.94294118881225,990.508424490167,48.2426490783691
25706,2018-07-03 17:50:00,1195.05004882812,7.84848308563232,1444.45988854836,57.315689086914
25707,2018-07-03 18:00:00,1656.21594238281,8.98261547088623,2132.78985901018,62.5174903869628
25708,2018-07-03 18:10:00,1688.39501953125,8.96898746490478,2124.0178581521,67.2640762329101
25709,2018-07-03 18:20:00,1247.22204589843,7.89780092239379,1472.02586750749,68.7816314697265
25710,2018-07-03 18:30:00,1358.32104492187,8.15619087219238,1620.66893355908,72.5176391601562
25711,2018-07-03 18:40:00,1523.33605957031,8.73824214935302,1976.80733940618,76.2524871826171
25712,2018-07-03 18:50:00,1522.06994628906,8.70555210113525,1956.17798009752,74.92041015625
25713,2018-07-03 19:00:00,1370.76599121093,8.46584892272949,1806.97638180694,72.6813278198242
25714,2018-07-03 19:10:00,1168.84802246093,7.90942907333374,1478.56482385254,73.3603134155273
25715,2018-07-03 19:20:00,1105.48303222656,7.8137788772583,1425.22744225055,71.2885665893554
25716,2018-07-03 19:30:00,1009.53399658203,7.55274009704589,1285.22531662999,71.8443222045898
25717,2018-07-03 19:40:00,906.680114746093,7.32835006713867,1170.92912550221,70.413963317871
25718,2018-07-03 19:50:00,950.234008789062,7.41960000991821,1216.66141765551,68.3349533081054
25719,2018-07-03 20:00:00,922.978576660156,7.36051797866821,1186.91165546813,64.6762771606445
25720,2018-07-03 20:10:00,904.436706542968,7.21699476242065,1116.74130504652,65.3946533203125
25721,2018-07-03 20:20:00,1006.80499267578,7.52742719650268,1272.11175956376,66.6791534423828
25722,2018-07-03 20:30:00,1125.23706054687,7.8098611831665,1423.06504692014,66.1967697143554
25723,2018-07-03 20:40:00,1261.32299804687,8.0542459487915,1561.21251082702,67.2607269287109
25724,2018-07-03 20:50:00,1262.91296386718,8.04165840148925,1553.94228006167,70.2760009765625
25725,2018-07-03 21:00:00,1093.17395019531,7.85217094421386,1446.51172900721,66.989013671875
25726,2018-07-03 21:10:00,1036.77905273437,7.45239877700805,1233.40140764092,63.3730888366699
25727,2018-07-03 21:20:00,1010.9810180664,7.50756502151489,1261.88217092132,61.7698593139648
25728,2018-07-03 21:30:00,1061.62902832031,7.61168098449707,1316.08765535231,62.1814002990722
25729,2018-07-03 21:40:00,1136.0830078125,7.81426811218261,1425.49760351418,59.439769744873
25730,2018-07-03 21:50:00,1242.62902832031,7.95564889907836,1504.70180604226,61.7190895080566
25731,2018-07-03 22:00:00,1219.78100585937,7.91583681106567,1482.17449216434,63.8800086975097
25732,2018-07-03 22:10:00,1334.60302734375,8.16823196411132,1627.75737927983,64.9144973754882
25733,2018-07-03 22:20:00,1372.73706054687,8.24488544464111,1673.19461202254,61.7526893615722
25734,2018-07-03 22:30:00,1356.09497070312,8.31176853179931,1713.26531649913,59.3987884521484
25735,2018-07-03 22:40:00,1377.60095214843,8.30824184417724,1711.14286515234,58.3168296813964
25736,2018-07-03 22:50:00,1317.43395996093,8.09912014007568,1587.25936556063,58.1359100341796
25737,2018-07-03 23:00:00,1285.67602539062,8.07850837707519,1575.27066939671,55.2492218017578
25738,2018-07-03 23:10:00,1220.78002929687,7.9995732307434,1529.75231570393,54.4850311279296
25739,2018-07-03 23:20:00,1180.93005371093,7.98669385910034,1522.38603466699,55.596321105957
25740,2018-07-03 23:30:00,1095.23498535156,7.7509422302246,1390.76158592037,57.7706985473632
25741,2018-07-03 23:40:00,1103.65600585937,7.76958179473876,1400.93668558985,56.1279296875
25742,2018-07-03 23:50:00,1151.32495117187,7.91597414016723,1482.25190293195,60.5162200927734
25743,2018-07-04 00:00:00,1263.99401855468,8.18397712707519,1637.04674465143,63.5336990356445
25744,2018-07-04 00:10:00,1294.15600585937,8.12728881835937,1603.71047543575,63.8998985290527
25745,2018-07-04 00:20:00,1488.30004882812,8.59023666381835,1883.92431810281,66.324951171875
25746,2018-07-04 00:30:00,1617.02099609375,8.85024833679199,2047.93608196451,65.8061599731445
25747,2018-07-04 00:40:00,1608.17895507812,8.90124416351318,2080.53212390835,68.4423828125
25748,2018-07-04 00:50:00,1511.65698242187,8.79961395263671,2015.69863583961,69.7371826171875
25749,2018-07-04 01:00:00,1657.82495117187,8.95646953582763,2115.96725273987,68.5985488891601
25750,2018-07-04 01:10:00,1797.06994628906,9.23850917816162,2298.74173540259,66.6573333740234
25751,2018-07-04 01:20:00,1911.34802246093,9.45071029663085,2437.63306472624,65.9912719726562
25752,2018-07-04 01:30:00,2043.39196777343,9.68186378479003,2577.88772561818,64.3262023925781
25753,2018-07-04 01:40:00,2107.22094726562,9.85231113433837,2696.80071328946,62.4500503540039
25754,2018-07-04 01:50:00,2098.52099609375,9.93004035949707,2747.83022921958,63.7803916931152
25755,2018-07-04 02:00:00,2123.55908203125,9.90285396575927,2730.20487088292,64.0762176513671
25756,2018-07-04 02:10:00,2052.3720703125,9.75426578521728,2629.59780609246,63.303050994873
25757,2018-07-04 02:20:00,2030.53503417968,9.62381172180175,2535.11705416532,62.2381401062011
25758,2018-07-04 02:30:00,1981.29296875,9.53491020202636,2467.30689617206,64.1432418823242
25759,2018-07-04 02:40:00,2019.40002441406,9.63819599151611,2545.82478279785,65.1123580932617
25760,2018-07-04 02:50:00,2055.77905273437,9.85265254974365,2697.02915666382,65.9945602416992
25761,2018-07-04 03:00:00,2078.73706054687,9.96467876434326,2769.9439651627,69.6985931396484
25762,2018-07-04 03:10:00,1999.27404785156,9.82028770446777,2675.20288256957,68.9811477661132
25763,2018-07-04 03:20:00,1996.72595214843,9.68044567108154,2576.85690323538,66.8225021362304
25764,2018-07-04 03:30:00,1939.53796386718,9.59324836730957,2512.12292514893,67.1607131958007
25765,2018-07-04 03:40:00,2088.17993164062,10.1279401779174,2869.12009695868,70.2422409057617
25766,2018-07-04 03:50:00,2126.00805664062,10.251950263977,2939.066352747,70.5412368774414
25767,2018-07-04 04:00:00,2245.61010742187,10.1731395721435,2895.14099153596,70.9822769165039
25768,2018-07-04 04:10:00,2228.05200195312,10.0200099945068,2804.48102575056,70.1486511230468
25769,2018-07-04 04:20:00,2127.18505859375,9.93107509613037,2748.49637305183,68.7118072509765
25770,2018-07-04 04:30:00,2070.67504882812,9.82501029968261,2678.40928271537,68.4335784912109
25771,2018-07-04 04:40:00,2047.46105957031,9.74936866760253,2626.15666445746,70.6515502929687
25772,2018-07-04 04:50:00,2037.47094726562,9.79189777374267,2655.77128564008,73.2456893920898
25773,2018-07-04 05:00:00,2026.93103027343,9.91985130310058,2741.2523659927,74.8637237548828
25774,2018-07-04 05:10:00,2036.05700683593,9.97389698028564,2775.76477957762,76.8516235351562
25775,2018-07-04 05:20:00,1777.4599609375,9.52394008636474,2458.74242042373,77.4599914550781
25776,2018-07-04 05:30:00,1851.05102539062,9.48601531982421,2460.80638693545,76.1113891601562
25777,2018-07-04 05:40:00,1826.22204589843,9.51799583435058,2454.08341342992,74.4687805175781
25778,2018-07-04 05:50:00,1627.04699707031,8.94927978515625,2111.34636064301,75.5773773193359
25779,2018-07-04 06:00:00,1536.94702148437,8.74255657196044,1979.53457479583,76.1128387451171
25780,2018-07-04 06:10:00,1066.7060546875,7.59880781173706,1309.30840621471,72.3002319335937
25781,2018-07-04 06:20:00,1137.67602539062,7.6954607963562,1360.72321458634,69.6205825805664
25782,2018-07-04 06:30:00,939.131774902343,7.26688194274902,1140.80174264824,67.6557464599609
25783,2018-07-04 06:40:00,906.026977539062,7.07807683944702,1051.52678998355,68.0451431274414
25784,2018-07-04 06:50:00,927.957824707031,7.10693597793579,1064.86283147462,69.9375762939453
25785,2018-07-04 07:00:00,1017.13000488281,7.34684085845947,1180.09787713235,69.9703826904296
25786,2018-07-04 07:10:00,909.57080078125,7.00517797470092,1018.32143724864,69.4459762573242
25787,2018-07-04 07:20:00,1096.74096679687,7.54182815551757,1279.56181404819,68.7624588012695
25788,2018-07-04 07:30:00,877.659729003906,6.9833960533142,1008.53178763181,69.589988708496
25789,2018-07-04 07:40:00,757.772888183593,6.7398362159729,903.050780082112,71.175048828125
25790,2018-07-04 07:50:00,724.972717285156,6.65040302276611,866.090678856495,70.6827011108398
25791,2018-07-04 08:00:00,845.639282226562,6.97750616073608,1005.89494846566,66.7966537475585
25792,2018-07-04 08:10:00,675.789794921875,6.33168601989746,741.71093678278,67.0287704467773
25793,2018-07-04 08:20:00,651.426025390625,6.39240884780883,764.543941281984,62.50484085083
25794,2018-07-04 08:30:00,771.741577148437,6.75173711776733,908.039255413094,64.0724563598632
25795,2018-07-04 08:40:00,727.083801269531,6.68039798736572,878.383590033842,65.9507980346679
25796,2018-07-04 08:50:00,672.709716796875,6.51173400878906,810.588443214522,66.6016693115234
25797,2018-07-04 09:00:00,634.727111816406,6.35492610931396,750.40234557935,69.0822982788085
25798,2018-07-04 09:10:00,578.470092773437,6.20916414260864,696.853920247102,65.765266418457
25799,2018-07-04 09:20:00,565.881591796875,6.17615413665771,685.044297575039,61.2920494079589
25800,2018-07-04 09:30:00,641.135986328125,6.34414720535278,746.363929731521,61.7555694580078
25801,2018-07-04 09:40:00,618.752014160156,6.47297620773315,795.46069176503,65.6674194335937
25802,2018-07-04 09:50:00,729.407104492187,6.7783761024475,919.265889650891,63.9737892150878
25803,2018-07-04 10:00:00,675.826171875,6.55449390411376,827.472206280075,64.8495788574218
25804,2018-07-04 10:10:00,553.700012207031,6.21811580657958,700.076585520232,64.3558197021484
25805,2018-07-04 10:20:00,490.575012207031,5.95458889007568,609.777727794068,66.793228149414
25806,2018-07-04 10:30:00,445.56509399414,5.5785641670227,491.886801986451,63.145938873291
25807,2018-07-04 10:40:00,380.251708984375,5.46428489685058,458.784249553038,60.9816589355468
25808,2018-07-04 10:50:00,298.9580078125,4.96418714523315,327.250063914398,43.5774497985839
25809,2018-07-04 11:00:00,426.603393554687,5.56377792358398,487.535254196765,26.2510108947753
25810,2018-07-04 11:10:00,458.209289550781,5.53526496887207,479.201937845365,27.5472106933593
25811,2018-07-04 11:20:00,450.147399902343,5.72860383987426,537.229592618999,25.4563198089599
25812,2018-07-04 11:30:00,536.145324707031,5.93362712860107,602.825062472,29.4586200714111
25813,2018-07-04 11:40:00,546.755187988281,6.12971591949462,668.628051147899,24.0184307098388
25814,2018-07-04 11:50:00,549.463684082031,5.91315221786499,596.07879417617,27.7409992218017
25815,2018-07-04 12:00:00,511.767303466796,5.89522314071655,590.207586557076,25.6749401092529
25816,2018-07-04 12:10:00,535.924682617187,6.00995016098022,627.353700483683,30.9400405883789
25817,2018-07-04 12:20:00,419.675506591796,5.62965011596679,507.080928379368,29.3925399780273
25818,2018-07-04 12:30:00,332.095489501953,5.10433387756347,362.050687288076,33.8484115600585
25819,2018-07-04 12:40:00,292.333892822265,4.92961120605468,318.893828249767,25.8878993988037
25820,2018-07-04 12:50:00,225.20849609375,4.60962200164794,245.570512918026,26.8632202148437
25821,2018-07-04 13:00:00,423.378692626953,5.54389715194702,481.716790755717,27.1434001922607
25822,2018-07-04 13:10:00,403.851593017578,5.49725914001464,468.21178830352,23.0666103363037
25823,2018-07-04 13:20:00,367.03530883789,5.44508123397827,453.339398827138,25.176700592041
25824,2018-07-04 13:30:00,391.31640625,5.49499177932739,467.560349321919,28.0767192840576
25825,2018-07-04 13:40:00,375.74868774414,5.52177715301513,475.286356593101,29.5879497528076
25826,2018-07-04 13:50:00,381.867889404296,5.46551322937011,459.133658743938,28.7026500701904
25827,2018-07-04 14:00:00,523.418823242187,6.01177883148193,627.972381942573,29.1671504974365
25828,2018-07-04 14:10:00,507.30810546875,6.01132583618164,627.819089844281,30.518590927124
25829,2018-07-04 14:20:00,633.43408203125,6.29719877243041,728.921056820743,26.5696201324462
25830,2018-07-04 14:30:00,549.39501953125,6.11552476882934,663.657372449351,31.780590057373
25831,2018-07-04 14:40:00,607.534484863281,6.23187017440795,705.045012222684,36.6247596740722
25832,2018-07-04 14:50:00,430.251403808593,5.54638719558715,482.443518964413,33.4960784912109
25833,2018-07-04 15:00:00,510.140899658203,5.83209705352783,569.802280899038,37.6158103942871
25834,2018-07-04 15:10:00,368.122314453125,5.37708902359008,434.327411337111,34.1535911560058
25835,2018-07-04 15:20:00,364.832702636718,5.52179098129272,475.290362362739,38.645881652832
25836,2018-07-04 15:30:00,211.991500854492,4.71663284301757,269.315687332162,41.2944412231445
25837,2018-07-04 15:40:00,117.167098999023,4.14052009582519,149.539012968062,48.1730194091796
25838,2018-07-04 15:50:00,255.159301757812,4.91073608398437,314.369417974825,51.8827896118164
25839,2018-07-04 16:00:00,530.432678222656,6.14198303222656,672.942150440323,59.4983787536621
25840,2018-07-04 16:10:00,622.785217285156,6.50244522094726,806.947708923469,62.1792106628417
25841,2018-07-04 16:20:00,771.339416503906,6.85720777511596,952.98324842173,65.3601531982421
25842,2018-07-04 16:30:00,789.920471191406,6.91553783416748,978.41573550139,69.5677490234375
25843,2018-07-04 16:40:00,620.593994140625,6.56626987457275,832.157896612473,75.6048202514648
25844,2018-07-04 16:50:00,688.781127929687,6.80160808563232,929.125276117069,74.9742279052734
25845,2018-07-04 17:00:00,678.090698242187,6.58496379852294,839.628295895444,72.1194534301757
25846,2018-07-04 17:10:00,665.227416992187,6.58829498291015,840.96362825609,70.6803665161132
25847,2018-07-04 17:20:00,734.013427734375,6.8937931060791,968.886125535715,70.055061340332
25848,2018-07-04 17:30:00,608.593688964843,6.50382995605468,807.489846814854,73.2630920410156
25849,2018-07-04 17:40:00,572.001281738281,6.49335622787475,803.394558969769,72.9568328857421
25850,2018-07-04 17:50:00,654.325012207031,6.76612377166748,914.09191296846,70.9255294799804
25851,2018-07-04 18:00:00,622.154296875,6.65809202194213,869.232027265926,72.5513381958007
25852,2018-07-04 18:10:00,648.1337890625,6.52503490447998,815.818436570459,70.8424835205078
25853,2018-07-04 18:20:00,741.545288085937,6.94389486312866,990.930946173488,64.4845504760742
25854,2018-07-04 18:30:00,926.783630371093,7.37690782546997,1195.11286617967,63.1565895080566
25855,2018-07-04 18:40:00,881.330627441406,7.30040311813354,1157.16483618129,57.8418998718261
25856,2018-07-04 18:50:00,856.390075683593,7.26601219177246,1140.37929060737,59.7978591918945
25857,2018-07-04 19:00:00,890.329528808593,7.24228191375732,1128.89396942196,50.9856605529785
25858,2018-07-04 19:10:00,861.206787109375,7.16370105743408,1091.41631783011,51.2008590698242
25859,2018-07-04 19:20:00,979.13232421875,7.46973705291748,1242.31644157813,51.4766883850097
25860,2018-07-04 19:30:00,887.450073242187,7.30092477798461,1157.42073890831,56.3577117919921
25861,2018-07-04 19:40:00,864.264221191406,7.36105489730834,1187.17969798217,68.4484024047851
25862,2018-07-04 19:50:00,883.128295898437,7.18378210067749,1100.91336392458,62.6482505798339
25863,2018-07-04 20:00:00,757.460327148437,7.00495910644531,1018.22276980029,71.0248336791992
25864,2018-07-04 20:10:00,757.289306640625,6.93339300155639,986.284377069592,71.7496109008789
25865,2018-07-04 20:20:00,708.990417480468,6.84113311767578,946.047342083852,71.888313293457
25866,2018-07-04 20:30:00,757.794921875,6.97906684875488,1006.59322496276,68.0191421508789
25867,2018-07-04 20:40:00,714.447326660156,6.87229919433593,959.523408543859,57.5898399353027
25868,2018-07-04 20:50:00,544.750183105468,6.39428806304931,765.256966798858,57.5019798278808
25869,2018-07-04 21:00:00,526.501708984375,6.41291284561157,772.344575854941,53.6230812072753
25870,2018-07-04 21:10:00,419.629791259765,5.79988479614257,559.547869822748,47.8370704650878
25871,2018-07-04 21:20:00,395.683898925781,5.76990795135498,550.099801805063,48.1605911254882
25872,2018-07-04 21:30:00,446.087707519531,5.89640092849731,590.592240573423,55.7101097106933
25873,2018-07-04 21:40:00,388.011993408203,5.80635118484497,561.597880581776,58.0782585144042
25874,2018-07-04 21:50:00,338.195892333984,5.42503881454467,447.692223065811,60.1283912658691
25875,2018-07-04 22:00:00,446.886108398437,6.0017237663269,624.574945401087,47.7966995239257
25876,2018-07-04 22:10:00,435.783508300781,5.98454093933105,619.793637086907,46.6363906860351
25877,2018-07-04 22:20:00,442.062896728515,5.96196317672729,612.234772308845,49.2849082946777
25878,2018-07-04 22:30:00,545.677307128906,6.38752508163452,762.69270913727,51.7878990173339
25879,2018-07-04 22:40:00,565.836669921875,6.47618198394775,796.705643282503,48.0278205871582
25880,2018-07-04 22:50:00,439.691101074218,5.94205904006958,605.616176671079,48.8892593383789
25881,2018-07-04 23:00:00,358.534912109375,5.67887592315673,521.959151530356,50.1453895568847
25882,2018-07-04 23:10:00,378.074005126953,5.70301723480224,529.342035854317,55.2302284240722
25883,2018-07-04 23:20:00,542.4365234375,6.30850505828857,733.09992055499,60.360668182373
25884,2018-07-04 23:30:00,636.060974121093,6.58737897872924,840.596315619781,56.8142890930175
25885,2018-07-04 23:40:00,678.622314453125,6.76356410980224,913.013245310599,55.2098197937011
25886,2018-07-04 23:50:00,740.462219238281,6.88755178451538,966.161596287115,52.2353515625
25887,2018-07-05 00:00:00,862.022705078125,7.04620599746704,1036.92534779941,50.2924613952636
25888,2018-07-05 00:10:00,768.285400390625,6.93313407897949,986.169989460093,50.3052215576171
25889,2018-07-05 00:20:00,845.850219726562,7.14562702178955,1082.91496732346,51.2812194824218
25890,2018-07-05 00:30:00,943.84228515625,7.33144998550415,1172.46278919974,50.3983306884765
25891,2018-07-05 00:40:00,963.967590332031,7.40275907516479,1208.12877523485,50.2135200500488
25892,2018-07-05 00:50:00,1023.82598876953,7.47742700576782,1246.28517899157,49.6290588378906
25893,2018-07-05 01:00:00,944.55908203125,7.37534713745117,1194.33022673164,48.7476196289062
25894,2018-07-05 01:10:00,797.355712890625,7.0199270248413,1024.98448722993,48.6258201599121
25895,2018-07-05 01:20:00,718.787109375,6.77657079696655,918.502420718698,48.0719184875488
25896,2018-07-05 01:30:00,573.020690917968,6.29530477523803,728.222374969239,52.6318893432617
25897,2018-07-05 01:40:00,415.829315185546,5.74415397644042,542.054949180325,53.4964790344238
25898,2018-07-05 01:50:00,341.805603027343,5.46769618988037,459.754958129643,58.3240394592285
25899,2018-07-05 02:00:00,343.106903076171,5.51189184188842,472.427314264743,58.9054908752441
25900,2018-07-05 02:10:00,363.251800537109,5.63849401473999,509.736666947743,56.6309394836425
25901,2018-07-05 02:20:00,385.491790771484,5.74638080596923,542.747928599947,59.5826797485351
25902,2018-07-05 02:30:00,412.555999755859,5.80277919769287,560.464943489957,60.7924880981445
25903,2018-07-05 02:40:00,422.864288330078,5.86601877212524,580.716019235273,60.6743583679199
25904,2018-07-05 02:50:00,405.434112548828,5.77877902984619,552.886318042383,64.6617126464843
25905,2018-07-05 03:00:00,328.808807373046,5.48741388320922,465.386555903821,63.8144798278808
25906,2018-07-05 03:10:00,312.703796386718,5.37238311767578,433.026725687102,64.5629730224609
25907,2018-07-05 03:20:00,317.429992675781,5.36754083633422,431.690379065716,66.0403137207031
25908,2018-07-05 03:30:00,408.68960571289,5.86348676681518,579.8972832697,67.4846572875976
25909,2018-07-05 03:40:00,521.827209472656,6.17109680175781,683.245299305461,66.6794662475585
25910,2018-07-05 03:50:00,508.004608154296,6.10216522216796,658.997642345096,68.2542190551757
25911,2018-07-05 04:00:00,479.145599365234,6.10002613067626,658.25331116525,67.8609313964843
25912,2018-07-05 04:10:00,366.539306640625,5.66819477081298,518.710847791611,65.475730895996
25913,2018-07-05 04:20:00,281.767791748046,5.1993761062622,386.532524161385,62.8225898742675
25914,2018-07-05 04:30:00,220.013000488281,5.00483798980712,337.189023530569,58.56005859375
25915,2018-07-05 04:40:00,63.8036308288574,3.73239398002624,82.3486827191346,57.9185714721679
25916,2018-07-05 04:50:00,0.0,2.59036803245544,0.0,55.665241241455
25917,2018-07-05 05:00:00,0.0,2.49307107925415,0.0,57.8736495971679
25918,2018-07-05 05:10:00,0.0,2.42689800262451,0.0,57.5241088867187
25919,2018-07-05 05:20:00,0.0,3.07953691482543,19.05127094001,68.3297271728515
25920,2018-07-05 05:30:00,16.9087295532226,4.30726385116577,182.280216814166,74.3741378784179
25921,2018-07-05 05:40:00,495.364685058593,6.38060903549194,760.075573925385,67.3722534179687
25922,2018-07-05 05:50:00,516.752014160156,6.18687677383422,688.867617291814,67.9302062988281
25923,2018-07-05 06:00:00,339.505187988281,5.51124477386474,472.24048356166,68.1179428100585
25924,2018-07-05 06:10:00,169.292892456054,4.45876312255859,213.321887928836,67.4573135375976
25925,2018-07-05 06:20:00,9.20440673828125,2.97293591499328,0.0,60.7111511230468
25926,2018-07-05 06:30:00,0.0,2.52679991722106,0.0,65.7904510498046
25927,2018-07-05 06:40:00,0.0,2.82324409484863,0.0,62.6710891723632
25928,2018-07-05 06:50:00,0.0,3.52533602714538,54.8889881820041,72.3415832519531
25929,2018-07-05 07:00:00,299.903198242187,5.38423013687133,436.304900923157,75.5884933471679
25930,2018-07-05 07:10:00,105.704902648925,4.18959188461303,159.027906597375,69.2571182250976
25931,2018-07-05 07:20:00,72.188133239746,3.83599710464477,98.6632000665886,71.3650131225585
25932,2018-07-05 07:30:00,35.4030113220214,3.32589292526245,34.9250695072878,55.0268516540527
25933,2018-07-05 07:40:00,0.0,2.50018692016601,0.0,38.9915618896484
25934,2018-07-05 07:50:00,0.0,3.0297040939331,17.0211176615703,41.1198616027832
25935,2018-07-05 08:00:00,0.0,3.26408696174621,30.0301366450267,49.6272392272949
25936,2018-07-05 08:10:00,16.1531200408935,3.57113289833068,60.371675751031,55.8764991760253
25937,2018-07-05 08:20:00,41.1479988098144,3.3482539653778,36.8465928441992,51.2195816040039
25938,2018-07-05 08:30:00,66.1028594970703,3.75225710868835,85.3434880838004,49.7489891052246
25939,2018-07-05 08:40:00,21.8845596313476,2.98369002342224,0.0,55.5139389038085
25940,2018-07-05 08:50:00,288.046997070312,5.04251813888549,346.514002630894,63.0694885253906
25941,2018-07-05 09:00:00,364.042114257812,5.4495620727539,454.606874400717,64.6140899658203
25942,2018-07-05 09:10:00,391.532501220703,5.56422281265258,487.665883204773,66.2786636352539
25943,2018-07-05 09:20:00,412.714385986328,5.64370822906494,511.305978846965,62.5480308532714
25944,2018-07-05 09:30:00,463.999389648437,5.83007001876831,569.153868491717,61.4462699890136
25945,2018-07-05 09:40:00,478.40478515625,5.88407516479492,586.573948756512,65.3542861938476
25946,2018-07-05 09:50:00,452.426696777343,5.85315322875976,576.562767965459,66.158592224121
25947,2018-07-05 10:00:00,468.384002685546,5.73744010925292,539.968618014681,57.9489707946777
25948,2018-07-05 10:10:00,365.303985595703,5.34740781784057,426.156201456309,57.7106895446777
25949,2018-07-05 10:20:00,99.7232971191406,3.77875590324401,89.4370494508012,40.3145904541015
25950,2018-07-05 10:30:00,273.952911376953,4.85745477676391,301.737666532915,24.3881607055664
25951,2018-07-05 10:40:00,218.082595825195,4.54702377319335,232.019935914414,30.764009475708
25952,2018-07-05 10:50:00,225.920196533203,4.61179590225219,246.045520950739,32.8760986328125
25953,2018-07-05 11:00:00,228.943206787109,4.70458602905273,266.604999207833,28.2870693206787
25954,2018-07-05 11:10:00,152.429504394531,4.42580986022949,206.459104538464,28.5870304107666
25955,2018-07-05 11:20:00,179.515899658203,4.4743218421936,216.584192906468,28.3899898529052
25956,2018-07-05 11:30:00,168.292297363281,4.30016088485717,180.856034107503,29.8919105529785
25957,2018-07-05 11:40:00,194.961502075195,4.47905492782592,217.579448213226,24.3253192901611
25958,2018-07-05 11:50:00,173.7666015625,4.52689218521118,227.713666360035,28.6320304870605
25959,2018-07-05 12:00:00,182.438903808593,4.44745397567749,210.959542531002,30.416109085083
25960,2018-07-05 12:10:00,159.624893188476,4.26033592224121,172.920681946757,24.5079708099365
25961,2018-07-05 12:20:00,115.331001281738,4.20036315917968,161.126726670301,32.9507293701171
25962,2018-07-05 12:30:00,146.141403198242,4.44659996032714,210.781452423631,62.3930397033691
25963,2018-07-05 12:40:00,165.835403442382,4.23022413253784,166.975946929633,25.0801391601562
25964,2018-07-05 12:50:00,209.841094970703,4.54374885559082,231.317720255674,33.1812210083007
25965,2018-07-05 13:00:00,269.608612060546,4.91497182846069,315.382460235249,31.3282508850097
25966,2018-07-05 13:10:00,229.461502075195,4.62548494338989,249.04356045405,32.9987602233886
25967,2018-07-05 13:20:00,208.760604858398,4.56176805496215,235.189626713027,30.6270503997802
25968,2018-07-05 13:30:00,161.725601196289,4.43035078048706,207.401044666675,30.300910949707
25969,2018-07-05 13:40:00,231.780807495117,4.69318294525146,264.048057059826,31.8174991607666
25970,2018-07-05 13:50:00,115.768798828125,4.07454490661621,136.964916780148,31.4207305908203
25971,2018-07-05 14:00:00,159.468597412109,4.36118602752685,193.181294632294,24.6921291351318
25972,2018-07-05 14:10:00,184.805801391601,4.47963809967041,217.702167280607,28.8805904388427
25973,2018-07-05 14:20:00,212.357101440429,4.6031470298767,244.157476567244,33.0503997802734
25974,2018-07-05 14:30:00,246.54150390625,4.86335515975952,303.126434985503,35.5439300537109
25975,2018-07-05 14:40:00,289.69189453125,5.0999732017517,360.944830229627,33.5708885192871
25976,2018-07-05 14:50:00,324.082489013671,5.31743478775024,417.98253517094,38.6550102233886
25977,2018-07-05 15:00:00,485.180389404296,5.98746395111083,620.776238380481,39.0258598327636
25978,2018-07-05 15:10:00,496.916198730468,5.93757200241088,604.129948342527,39.6462898254394
25979,2018-07-05 15:20:00,492.516693115234,6.00684976577758,626.30558251923,45.867130279541
25980,2018-07-05 15:30:00,692.099487304687,6.55727577209472,828.577714463316,46.7373580932617
25981,2018-07-05 15:40:00,1020.39099121093,7.36601877212524,1189.65977674817,39.0984306335449
25982,2018-07-05 15:50:00,1004.16900634765,7.19494915008544,1106.21834639849,42.1478385925292
25983,2018-07-05 16:00:00,861.663879394531,6.98062419891357,1007.29031419352,41.2690315246582
25984,2018-07-05 16:10:00,789.2451171875,6.71362876892089,892.123902189411,46.1524314880371
25985,2018-07-05 16:20:00,561.004272460937,6.24540185928344,709.952821187321,49.8143005371093
25986,2018-07-05 16:30:00,668.211181640625,6.51777219772338,812.960253873862,55.758071899414
25987,2018-07-05 16:40:00,605.076721191406,6.28823995590209,725.619628778237,57.5667190551757
25988,2018-07-05 16:50:00,901.251098632812,7.02647399902343,1027.95106370689,60.4071884155273
25989,2018-07-05 17:00:00,1595.71801757812,8.57922077178955,1877.0665798695,59.0740699768066
25990,2018-07-05 17:10:00,1829.78894042968,9.30800533294677,2344.13596363162,64.8688735961914
25991,2018-07-05 17:20:00,1635.39697265625,8.76775646209716,1995.48478178024,66.6234588623046
25992,2018-07-05 17:30:00,1412.09204101562,8.24850845336914,1675.35526354006,67.8584899902343
25993,2018-07-05 17:40:00,1472.18603515625,8.45099735260009,1797.86329060825,73.0703582763671
25994,2018-07-05 17:50:00,1070.32202148437,7.789972782135,1412.11510347753,77.2282180786132
25995,2018-07-05 18:00:00,1092.44104003906,7.88014698028564,1462.12698221037,72.9123077392578
25996,2018-07-05 18:10:00,1128.67199707031,7.88700819015502,1465.97007160579,69.6539916992187
25997,2018-07-05 18:20:00,1061.03002929687,7.759202003479,1395.26537349277,70.5856094360351
25998,2018-07-05 18:30:00,1012.89099121093,7.65832805633544,1340.83073573909,71.6956481933593
25999,2018-07-05 18:40:00,880.073120117187,7.40363979339599,1208.5739535262,72.0664367675781
26000,2018-07-05 18:50:00,906.318420410156,7.40498876571655,1209.25604469312,72.1184005737304
26001,2018-07-05 19:00:00,936.851379394531,7.55936098098754,1288.66938277495,76.9178771972656
26002,2018-07-05 19:10:00,798.404174804687,7.16646909713745,1092.72218244589,76.821792602539
26003,2018-07-05 19:20:00,795.308471679687,7.10487604141235,1063.90728897408,78.8045120239257
26004,2018-07-05 19:30:00,689.871520996093,6.83873701095581,945.016140849822,77.9034729003906
26005,2018-07-05 19:40:00,755.445495605468,6.9329490661621,986.088259029898,77.5653228759765
26006,2018-07-05 19:50:00,1037.10400390625,7.69016313552856,1357.87470084293,76.3468933105468
26007,2018-07-05 20:00:00,1044.56799316406,7.75501585006713,1392.98177883249,77.9388427734375
26008,2018-07-05 20:10:00,697.144775390625,7.00996017456054,1020.47881099988,80.3178787231445
26009,2018-07-05 20:20:00,535.9501953125,6.25926780700683,715.002277103114,78.824119567871
26010,2018-07-05 20:30:00,517.800415039062,6.34958791732788,748.400766541017,79.1568069458007
26011,2018-07-05 20:40:00,485.16909790039,6.22828102111816,703.746561130049,77.7250671386718
26012,2018-07-05 20:50:00,488.115814208984,6.18111181259155,686.810502475465,77.8273468017578
26013,2018-07-05 21:00:00,286.215606689453,5.45805788040161,457.01503181869,77.0448837280273
26014,2018-07-05 21:10:00,193.969696044921,4.82478284835815,294.092536216374,68.6567993164062
26015,2018-07-05 21:20:00,254.289398193359,5.14812183380126,373.239290580269,63.9624481201171
26016,2018-07-05 21:30:00,202.446197509765,4.85951900482177,302.223239057029,67.8526382446289
26017,2018-07-05 21:40:00,178.444107055664,4.73624515533447,273.749514733838,64.2691116333007
26018,2018-07-05 21:50:00,348.700988769531,5.60838317871093,500.725413258613,68.615737915039
26019,2018-07-05 22:00:00,330.871704101562,5.57197904586791,489.946274226062,71.1725006103515
26020,2018-07-05 22:10:00,276.350402832031,5.29615211486816,412.225780131011,70.0336227416992
26021,2018-07-05 22:20:00,316.283111572265,5.47157716751098,460.860606250287,66.2875366210937
26022,2018-07-05 22:30:00,234.151702880859,4.91741800308227,315.968098573082,53.8437614440917
26023,2018-07-05 22:40:00,249.399993896484,5.01945114135742,340.792516389958,51.6556282043457
26024,2018-07-05 22:50:00,255.531997680664,5.1508731842041,373.947450948013,52.0162200927734
26025,2018-07-05 23:00:00,170.390594482421,4.7072410583496,267.201583300176,51.1598510742187
26026,2018-07-05 23:10:00,166.57730102539,4.62038278579711,247.924738006083,48.6320304870605
26027,2018-07-05 23:20:00,100.592102050781,4.20065593719482,161.183856947288,49.6388282775878
26028,2018-07-05 23:30:00,166.565505981445,4.58683586120605,240.609626135365,51.8661003112792
26029,2018-07-05 23:40:00,129.132507324218,4.28939390182495,178.70234971267,51.1734085083007
26030,2018-07-05 23:50:00,100.814796447753,4.15077495574951,151.512192196285,45.2736091613769
26031,2018-07-06 00:00:00,115.42389678955,4.24630880355834,170.145567262301,43.9751205444335
26032,2018-07-06 00:10:00,101.287696838378,4.18246412277221,157.642233840871,42.798599243164
26033,2018-07-06 00:20:00,120.223098754882,4.30592918395996,182.012402029329,41.6918983459472
26034,2018-07-06 00:30:00,85.7963027954101,4.03937578201293,130.345179509526,43.6708984375
26035,2018-07-06 00:40:00,85.1567764282226,4.14518022537231,150.435053128976,42.6166610717773
26036,2018-07-06 00:50:00,28.2772502899169,3.65744590759277,71.6170787558076,37.3462791442871
26037,2018-07-06 01:00:00,54.0197296142578,4.09063482284545,140.012498836162,28.1911697387695
26038,2018-07-06 01:10:00,27.6648998260498,3.59470510482788,63.3244962911594,27.1499099731445
26039,2018-07-06 01:20:00,21.0947704315185,3.50246095657348,52.276111640811,21.280740737915
26040,2018-07-06 01:30:00,19.1399002075195,3.47518801689147,49.2703086523079,17.828929901123
26041,2018-07-06 01:40:00,16.6914405822753,3.45639491081237,47.2683423152312,18.1947803497314
26042,2018-07-06 01:50:00,4.24045896530151,3.17359709739685,23.9659832946681,21.8742198944091
26043,2018-07-06 02:00:00,0.0,2.88090300559997,0.0,28.4276008605957
26044,2018-07-06 02:10:00,0.0,3.23196697235107,27.7276372161723,16.4977302551269
26045,2018-07-06 02:20:00,20.1103191375732,3.75219106674194,85.3334262066528,10.6447896957397
26046,2018-07-06 02:30:00,12.1589803695678,3.39630389213562,41.2462665420871,20.4985809326171
26047,2018-07-06 02:40:00,0.0,2.66202998161315,0.0,24.2496395111083
26048,2018-07-06 02:50:00,0.0,2.5196828842163,0.0,20.9810600280761
26049,2018-07-06 03:00:00,0.0,3.334566116333,35.6608746185084,33.2342681884765
26050,2018-07-06 03:10:00,8.04197692871093,3.60098910331726,64.1266834906392,28.342809677124
26051,2018-07-06 03:20:00,32.4433097839355,3.69235491752624,76.5037839066617,25.7263793945312
26052,2018-07-06 03:30:00,20.168550491333,3.4753029346466,49.2827242833855,28.6889495849609
26053,2018-07-06 03:40:00,43.3486404418945,3.81522011756896,95.2537509693402,28.4258403778076
26054,2018-07-06 03:50:00,83.9972305297851,4.0401120185852,130.483179697668,28.6709804534912
26055,2018-07-06 04:00:00,64.2152862548828,3.80861401557922,94.1841785938277,29.8838500976562
26056,2018-07-06 04:10:00,188.225997924804,4.63411283493041,250.939314552488,27.0735092163085
26057,2018-07-06 04:20:00,182.201599121093,4.6224021911621,248.367362667122,26.6999492645263
26058,2018-07-06 04:30:00,159.923706054687,4.55253076553344,233.202246213385,30.6836700439453
26059,2018-07-06 04:40:00,88.8561172485351,3.9640610218048,121.203044998821,30.128059387207
26060,2018-07-06 04:50:00,139.229705810546,4.40531110763549,202.221717031432,29.4720306396484
26061,2018-07-06 05:00:00,156.71809387207,4.54727411270141,232.073641435461,28.3577499389648
26062,2018-07-06 05:10:00,184.55549621582,4.64167022705078,252.603785719927,28.6632099151611
26063,2018-07-06 05:20:00,188.741104125976,4.70267820358276,266.176601225278,29.8381996154785
26064,2018-07-06 05:30:00,100.054298400878,3.96621298789978,121.604218651691,29.331859588623
26065,2018-07-06 05:40:00,51.2608604431152,3.52495288848876,54.8445352422568,31.7565994262695
26066,2018-07-06 05:50:00,58.1032485961914,3.76172590255737,86.7933369319835,33.8626899719238
26067,2018-07-06 06:00:00,26.0844898223876,3.34283709526062,36.373768959279,34.6128311157226
26068,2018-07-06 06:10:00,0.380132287740707,2.66343688964843,0.0,42.3314018249511
26069,2018-07-06 06:20:00,0.0,2.23648691177368,0.0,43.4827919006347
26070,2018-07-06 06:30:00,0.0,2.47864508628845,0.0,50.0232009887695
26071,2018-07-06 06:40:00,0.0,2.57655692100524,0.0,42.6020812988281
26072,2018-07-06 06:50:00,0.0,2.27506709098815,0.0,39.7569618225097
26073,2018-07-06 07:00:00,0.0,2.17004704475402,0.0,27.6881694793701
26074,2018-07-06 07:10:00,0.0,2.27983593940734,0.0,31.4975700378417
26075,2018-07-06 07:20:00,0.0,2.07620310783386,0.0,29.24361038208
26076,2018-07-06 07:30:00,0.0,2.21034002304077,0.0,30.1726207733154
26077,2018-07-06 07:40:00,0.0,2.42778801918029,0.0,26.8249893188476
26078,2018-07-06 07:50:00,0.0,2.55762910842895,0.0,17.8581008911132
26079,2018-07-06 08:00:00,0.0,2.58093905448913,0.0,16.0532398223876
26080,2018-07-06 08:10:00,0.0,2.21865892410278,0.0,19.7835006713867
26081,2018-07-06 08:20:00,0.0,2.13153195381164,0.0,17.0807399749755
26082,2018-07-06 08:30:00,0.0,1.98672497272491,0.0,12.6460695266723
26083,2018-07-06 08:40:00,0.0,1.74059498310089,0.0,22.3053398132324
26084,2018-07-06 08:50:00,0.0,1.93988704681396,0.0,34.2438697814941
26085,2018-07-06 09:00:00,0.0,1.44620704650878,0.0,41.3916893005371
26086,2018-07-06 09:10:00,0.0,1.87966203689575,0.0,31.4348106384277
26087,2018-07-06 09:20:00,0.0,1.79984295368194,0.0,33.2915306091308
26088,2018-07-06 09:30:00,0.0,1.65384602546691,0.0,21.5202407836914
26089,2018-07-06 09:40:00,0.0,2.15280604362487,0.0,27.0576496124267
26090,2018-07-06 09:50:00,0.0,2.41698503494262,0.0,23.0520706176757
26091,2018-07-06 10:00:00,0.0,2.44393992424011,0.0,35.1617088317871
26092,2018-07-06 10:10:00,0.0,2.77516198158264,0.0,25.0310192108154
26093,2018-07-06 10:20:00,0.0,3.46199011802673,47.8584733092039,4.47188711166381
26094,2018-07-06 10:30:00,15.2558097839355,3.35692310333251,37.6130674420419,11.7111701965332
26095,2018-07-06 10:40:00,15.4415597915649,3.17358708381652,23.965384735563,6.62230110168457
26096,2018-07-06 10:50:00,36.346580505371,3.45183110237121,46.790702881478,11.4014701843261
26097,2018-07-06 11:00:00,93.639663696289,3.89658188819885,108.999347002061,12.0631799697875
26098,2018-07-06 11:10:00,40.6880302429199,3.63327097892761,68.3472419458385,12.1414003372192
26099,2018-07-06 11:20:00,49.9852600097656,3.50985193252563,53.1111812888303,17.6454696655273
26100,2018-07-06 11:30:00,70.0728530883789,3.66598105430603,72.7938549133587,17.2298908233642
26101,2018-07-06 11:40:00,78.4261398315429,3.70030903816223,77.6445091357282,16.8614406585693
26102,2018-07-06 11:50:00,54.8413696289062,3.49669003486633,51.6301603745642,24.3535099029541
26103,2018-07-06 12:00:00,138.036102294921,4.18465614318847,158.06810348749,15.1266899108886
26104,2018-07-06 12:10:00,96.3901977539062,3.95948910713195,120.353199164613,11.7140703201293
26105,2018-07-06 12:20:00,55.3845901489257,3.56688404083251,59.8488905666891,16.6358795166015
26106,2018-07-06 12:30:00,90.0408325195312,3.88003611564636,106.118240888039,22.0796909332275
26107,2018-07-06 12:40:00,111.059303283691,4.0249228477478,127.641073281738,22.7885208129882
26108,2018-07-06 12:50:00,155.727005004882,4.2764868736267,176.128732852163,18.8877391815185
26109,2018-07-06 13:00:00,209.412796020507,4.63693618774414,251.560711001565,21.7259902954101
26110,2018-07-06 13:10:00,203.231506347656,4.56555700302124,236.006337770124,21.7947998046875
26111,2018-07-06 13:20:00,144.543197631835,4.24874114990234,170.626046765624,18.6399803161621
26112,2018-07-06 13:30:00,92.0923233032226,3.93048810958862,115.040269273701,22.8390197753906
26113,2018-07-06 13:40:00,150.343795776367,4.25204896926879,171.279958363807,21.010929107666
26114,2018-07-06 13:50:00,105.231002807617,3.9547700881958,119.479516527339,22.5247192382812
26115,2018-07-06 14:00:00,121.692398071289,4.13451385498046,148.385698295826,18.0273609161376
26116,2018-07-06 14:10:00,182.473800659179,4.46317720413208,214.245970516767,17.3812103271484
26117,2018-07-06 14:20:00,186.88540649414,4.47568607330322,216.870922113434,18.3755798339843
26118,2018-07-06 14:30:00,264.346405029296,4.96479892730712,327.398719853972,20.4450492858886
26119,2018-07-06 14:40:00,255.297393798828,4.8987431526184,311.508237351602,15.9053297042846
26120,2018-07-06 14:50:00,242.081497192382,4.83009481430053,295.330375003948,19.761619567871
26121,2018-07-06 15:00:00,179.443603515625,4.5037670135498,222.797475445954,23.102310180664
26122,2018-07-06 15:10:00,216.141296386718,4.65833902359008,256.288039949462,21.8279495239257
26123,2018-07-06 15:20:00,267.828887939453,5.03737592697143,345.234988452026,28.6517295837402
26124,2018-07-06 15:30:00,238.237106323242,4.87026119232177,304.7550703288,25.3555297851562
26125,2018-07-06 15:40:00,298.342498779296,5.11923789978027,365.841718345109,24.9330406188964
26126,2018-07-06 15:50:00,250.429992675781,5.00392389297485,336.964155648798,22.7810001373291
26127,2018-07-06 16:00:00,235.308197021484,4.8857831954956,308.42811461536,25.1442604064941
26128,2018-07-06 16:10:00,295.429901123046,5.15742921829223,375.637352754684,26.6312503814697
26129,2018-07-06 16:20:00,348.962799072265,5.40320014953613,441.579903167248,28.4166393280029
26130,2018-07-06 16:30:00,390.614013671875,5.58581686019897,494.028795595817,27.6269207000732
26131,2018-07-06 16:40:00,343.592987060546,5.60180902481079,498.769512518466,33.9747085571289
26132,2018-07-06 16:50:00,409.62548828125,5.70159482955932,528.905449446444,35.1789016723632
26133,2018-07-06 17:00:00,346.919891357421,5.45788478851318,456.96590326468,41.8011207580566
26134,2018-07-06 17:10:00,423.150909423828,5.78202104568481,553.90665609625,44.3344993591308
26135,2018-07-06 17:20:00,508.039398193359,6.06210279464721,645.138437651999,46.5085296630859
26136,2018-07-06 17:30:00,579.541870117187,6.35190486907958,749.269137999184,45.3411903381347
26137,2018-07-06 17:40:00,612.985290527343,6.43337297439575,780.174384912885,46.5384788513183
26138,2018-07-06 17:50:00,617.778198242187,6.39225006103515,764.48371090797,49.4945602416992
26139,2018-07-06 18:00:00,663.097473144531,6.5416350364685,822.373392427735,47.8112716674804
26140,2018-07-06 18:10:00,673.558471679687,6.62236213684082,854.691840727916,52.1087188720703
26141,2018-07-06 18:20:00,628.724487304687,6.55334091186523,827.014264173923,56.1058197021484
26142,2018-07-06 18:30:00,504.986511230468,6.10924100875854,661.463259022397,49.2161598205566
26143,2018-07-06 18:40:00,470.03759765625,6.00091695785522,624.30280722762,50.704288482666
26144,2018-07-06 18:50:00,400.906188964843,5.80848693847656,562.275903928179,56.3621101379394
26145,2018-07-06 19:00:00,241.794006347656,4.98850107192993,333.179711697083,48.4914512634277
26146,2018-07-06 19:10:00,201.095504760742,4.77483987808227,282.550880142538,40.3271102905273
26147,2018-07-06 19:20:00,142.255798339843,4.45238208770751,211.988046447902,38.9770011901855
26148,2018-07-06 19:30:00,179.60530090332,4.68476104736328,262.165121463787,33.6806182861328
26149,2018-07-06 19:40:00,109.07730102539,4.27383422851562,175.600897465156,33.812931060791
26150,2018-07-06 19:50:00,71.9919891357421,4.02420282363891,127.506604157374,35.8837585449218
26151,2018-07-06 20:00:00,38.78076171875,3.6711299419403,73.5093900595939,37.720890045166
26152,2018-07-06 20:10:00,24.529649734497,3.53972911834716,56.5759334824543,37.0670013427734
26153,2018-07-06 20:20:00,23.4815101623535,3.49235010147094,51.1478930405465,36.8749809265136
26154,2018-07-06 20:30:00,6.72531604766845,3.28198099136352,31.3844540828613,41.7997589111328
26155,2018-07-06 20:40:00,0.0,3.10337495803833,20.1629092131807,45.0342788696289
26156,2018-07-06 20:50:00,0.0,2.71531891822814,0.0,41.310691833496
26157,2018-07-06 21:00:00,0.0,2.50816392898559,0.0,25.3717899322509
26158,2018-07-06 21:10:00,0.0,2.70586490631103,0.0,13.6248998641967
26159,2018-07-06 21:20:00,0.0,2.4323570728302,0.0,10.1545896530151
26160,2018-07-06 21:30:00,0.0,2.66634488105773,0.0,353.348602294921
26161,2018-07-06 21:40:00,0.0,2.50015497207641,0.0,347.654113769531
26162,2018-07-06 21:50:00,0.0,2.88838100433349,0.0,10.0522403717041
26163,2018-07-06 22:00:00,0.0,2.88578295707702,0.0,23.9145908355712
26164,2018-07-06 22:10:00,0.0,3.23940706253051,28.2462853281359,55.9709510803222
26165,2018-07-06 22:20:00,0.0,3.53849911689758,56.4304756526808,54.3077011108398
26166,2018-07-06 22:30:00,11.8048095703125,3.22373509407043,27.1641143957504,44.8646697998046
26167,2018-07-06 22:40:00,63.396369934082,3.92564105987548,114.165423654209,46.8284606933593
26168,2018-07-06 22:50:00,49.2846298217773,3.75392603874206,85.5979909912103,53.336929321289
26169,2018-07-06 23:00:00,53.0275802612304,3.83367490768432,98.278705182096,47.1744194030761
26170,2018-07-06 23:10:00,26.4015502929687,3.50425601005554,52.4781222159481,46.8737602233886
26171,2018-07-06 23:20:00,59.1832809448242,3.88081002235412,106.25202435369,51.442569732666
26172,2018-07-06 23:30:00,38.5246086120605,3.68086409568786,74.8737244057602,55.3384704589843
26173,2018-07-06 23:40:00,37.6404304504394,3.7140290737152,79.6359318077348,56.7598304748535
26174,2018-07-06 23:50:00,32.9207382202148,3.66233992576599,72.2904118056076,63.3978881835937
26175,2018-07-07 00:00:00,45.9149017333984,3.72346806526184,81.0234614046758,59.8765907287597
26176,2018-07-07 00:10:00,30.8667602539062,3.66997408866882,73.348393196412,52.5025291442871
26177,2018-07-07 00:20:00,33.0547904968261,3.64702892303466,70.1966397165816,50.7961997985839
26178,2018-07-07 00:30:00,24.350299835205,3.56241798400878,59.3024945872021,51.0722312927246
26179,2018-07-07 00:40:00,9.67526817321777,3.63557505607604,68.6548539469195,65.7264404296875
26180,2018-07-07 00:50:00,16.4383201599121,3.36097502708435,37.975438480983,63.9069786071777
26181,2018-07-07 01:00:00,0.0,2.97418498992919,0.0,55.8269081115722
26182,2018-07-07 01:10:00,0.0,3.11924600601196,20.9534409883672,53.923828125
26183,2018-07-07 01:20:00,3.98006796836853,3.56709694862365,59.8750182870181,54.2615394592285
26184,2018-07-07 01:30:00,82.1329269409179,4.06467199325561,135.100847244698,59.4771194458007
26185,2018-07-07 01:40:00,141.017196655273,4.42623996734619,206.548272280216,59.8953895568847
26186,2018-07-07 01:50:00,213.716201782226,4.7944221496582,287.055607469389,58.4863510131835
26187,2018-07-07 02:00:00,281.459808349609,5.14347696304321,372.045150266216,58.0429801940917
26188,2018-07-07 02:10:00,365.940490722656,5.56864690780639,488.965906280629,61.4120216369628
26189,2018-07-07 02:20:00,411.951385498046,5.79459476470947,557.873954143167,67.6855926513671
26190,2018-07-07 02:30:00,511.003814697265,6.12125205993652,665.660857950334,72.8056030273437
26191,2018-07-07 02:40:00,562.768188476562,6.28069305419921,722.845224914989,73.4368820190429
26192,2018-07-07 02:50:00,707.022094726562,6.68641376495361,880.861525487043,73.3107223510742
26193,2018-07-07 03:00:00,659.168090820312,6.74934911727905,907.036948851126,77.9691009521484
26194,2018-07-07 03:10:00,751.806030273437,7.04229688644409,1035.14346914005,78.1231002807617
26195,2018-07-07 03:20:00,842.182678222656,7.21939420700073,1117.89065135066,78.6796035766601
26196,2018-07-07 03:30:00,855.500671386718,7.4008150100708,1207.14651302822,79.0818634033203
26197,2018-07-07 03:40:00,897.230712890625,7.38218021392822,1197.75946425785,78.5012969970703
26198,2018-07-07 03:50:00,871.917785644531,7.31344604492187,1163.57475464033,75.6783981323242
26199,2018-07-07 04:00:00,816.38427734375,6.97536897659301,1004.93923644672,74.3580474853515
26200,2018-07-07 04:10:00,918.705871582031,7.35242509841918,1182.87659022756,74.9366226196289
26201,2018-07-07 04:20:00,839.089782714843,7.0991768836975,1061.26653600476,75.1072769165039
26202,2018-07-07 04:30:00,718.750793457031,6.87731981277465,961.705332971896,73.5816497802734
26203,2018-07-07 04:40:00,773.781372070312,7.04588317871093,1036.77812358266,74.476333618164
26204,2018-07-07 04:50:00,704.679016113281,6.73854494094848,902.510518134379,75.15966796875
26205,2018-07-07 05:00:00,675.404296875,6.7392029762268,902.785811851461,70.6355209350585
26206,2018-07-07 05:10:00,776.754272460937,6.92793416976928,983.874518967145,71.761863708496
26207,2018-07-07 05:20:00,668.370727539062,6.60852813720703,849.10121316787,72.8764495849609
26208,2018-07-07 05:30:00,531.762329101562,6.15093517303466,676.10059478723,73.9651565551757
26209,2018-07-07 05:40:00,456.712707519531,5.93261623382568,602.490943860087,72.7638931274414
26210,2018-07-07 05:50:00,493.298187255859,5.99296617507934,622.628363822612,70.3819198608398
26211,2018-07-07 06:00:00,479.076995849609,5.90467405319213,593.298258166633,74.1901168823242
26212,2018-07-07 06:10:00,473.607696533203,5.78492307662963,554.820893607562,72.4794387817382
26213,2018-07-07 06:20:00,641.50341796875,6.44198513031005,783.483872657986,74.792251586914
26214,2018-07-07 06:30:00,629.487487792968,6.33523321151733,743.033740761577,73.4076385498046
26215,2018-07-07 06:40:00,641.382019042968,6.40563201904296,769.569363551038,75.6578369140625
26216,2018-07-07 06:50:00,838.963989257812,6.95554113388061,996.099934595354,74.5687789916992
26217,2018-07-07 07:00:00,713.544616699218,6.59247207641601,842.639821576367,74.0527572631835
26218,2018-07-07 07:10:00,710.740173339843,6.59480905532836,843.578470078298,72.715103149414
26219,2018-07-07 07:20:00,772.367919921875,6.82246780395507,938.032713954372,70.2472229003906
26220,2018-07-07 07:30:00,405.682403564453,5.5433030128479,481.543474718544,71.470848083496
26221,2018-07-07 07:40:00,271.500396728515,4.84164381027221,298.028495636773,63.167308807373
26222,2018-07-07 07:50:00,209.084503173828,4.39173221588134,199.427962732903,66.2454528808593
26223,2018-07-07 08:00:00,352.646697998046,5.20323514938354,387.542106899318,64.0685577392578
26224,2018-07-07 08:10:00,458.831512451171,5.89639711380004,590.590994496069,66.7078323364257
26225,2018-07-07 08:20:00,582.466186523437,6.14526414871215,674.098780806905,66.0578231811523
26226,2018-07-07 08:30:00,649.606323242187,6.25078678131103,711.911351844229,63.0972518920898
26227,2018-07-07 08:40:00,659.874694824218,6.47234392166137,795.215279844493,65.1539764404296
26228,2018-07-07 08:50:00,520.554016113281,5.80823183059692,562.194892112846,63.6681404113769
26229,2018-07-07 09:00:00,583.88818359375,6.09924221038818,657.980655942189,59.6518402099609
26230,2018-07-07 09:10:00,735.062622070312,6.62888002395629,857.333408491201,61.8004989624023
26231,2018-07-07 09:20:00,734.717712402343,6.56169700622558,830.336490347908,63.9585914611816
26232,2018-07-07 09:30:00,820.673278808593,6.77937412261962,919.688120938886,60.6678581237792
26233,2018-07-07 09:40:00,577.646179199218,6.06955194473266,647.702420592202,53.7000503540039
26234,2018-07-07 09:50:00,419.167785644531,5.49319601058959,467.044739247139,30.461139678955
26235,2018-07-07 10:00:00,554.976379394531,5.86034107208251,578.881033323346,30.1950206756591
26236,2018-07-07 10:10:00,695.848876953125,6.19490098953247,691.736828294468,24.6790790557861
26237,2018-07-07 10:20:00,601.469116210937,5.99071884155273,621.871486080481,25.6024494171142
26238,2018-07-07 10:30:00,457.982391357421,5.51070499420166,472.084660269003,23.6461791992187
26239,2018-07-07 10:40:00,655.172790527343,6.18407487869262,687.867370758144,20.4860000610351
26240,2018-07-07 10:50:00,660.419921875,6.15757417678833,678.448465828117,20.5519790649414
26241,2018-07-07 11:00:00,652.595825195312,6.26918983459472,718.62820018237,27.6351699829101
26242,2018-07-07 11:10:00,723.791625976562,6.57202720642089,834.454426912424,24.8784408569335
26243,2018-07-07 11:20:00,690.951477050781,6.26568889617919,717.347601440606,21.1277999877929
26244,2018-07-07 11:30:00,577.13623046875,6.03626585006713,636.291359583224,26.1737194061279
26245,2018-07-07 11:40:00,589.735778808593,6.13908576965332,671.921789821447,24.9621791839599
26246,2018-07-07 11:50:00,576.379821777343,5.92894506454467,601.278466886239,26.342580795288
26247,2018-07-07 12:00:00,614.943786621093,6.26231718063354,716.1155178611,24.2374992370605
26248,2018-07-07 12:10:00,637.346008300781,6.3357491493225,743.226255711096,21.7606506347656
26249,2018-07-07 12:20:00,761.976806640625,6.59511280059814,843.700514844023,25.6584205627441
26250,2018-07-07 12:30:00,773.563171386718,6.69089889526367,882.711699088666,25.2234706878662
26251,2018-07-07 12:40:00,657.385925292968,6.27955389022827,722.42697695217,26.7998008728027
26252,2018-07-07 12:50:00,719.219970703125,6.55452394485473,827.484139767108,28.927879333496
26253,2018-07-07 13:00:00,641.7255859375,6.30555200576782,732.00712447997,26.0659809112548
26254,2018-07-07 13:10:00,671.25341796875,6.36872577667236,755.590938893193,23.2499198913574
26255,2018-07-07 13:20:00,577.372924804687,6.13347578048706,669.948609746349,27.4319992065429
26256,2018-07-07 13:30:00,711.512817382812,6.58734893798828,840.584271052829,21.0462703704833
26257,2018-07-07 13:40:00,701.529418945312,6.53552389144897,819.956681515308,23.6278591156005
26258,2018-07-07 13:50:00,738.161499023437,6.63852882385253,861.252763737711,24.7146396636962
26259,2018-07-07 14:00:00,769.575622558593,6.78907203674316,923.797155768041,23.0258808135986
26260,2018-07-07 14:10:00,546.880187988281,6.09146499633789,655.279220824591,27.7011604309082
26261,2018-07-07 14:20:00,743.548522949218,6.68727016448974,881.214621598366,26.9222602844238
26262,2018-07-07 14:30:00,737.181884765625,6.65013980865478,865.983262423256,29.7945499420166
26263,2018-07-07 14:40:00,970.570922851562,7.20221519470214,1109.67926616603,31.388650894165
26264,2018-07-07 14:50:00,1078.97094726562,7.46423721313476,1239.48355811504,33.0800704956054
26265,2018-07-07 15:00:00,1213.13696289062,7.6634497642517,1343.56425535131,32.4934692382812
26266,2018-07-07 15:10:00,1298.34204101562,7.93709182739257,1494.18013711717,33.5113792419433
26267,2018-07-07 15:20:00,1006.666015625,7.20095109939575,1109.07664101428,34.0320510864257
26268,2018-07-07 15:30:00,1033.93701171875,7.31027221679687,1162.01274660251,34.0562705993652
26269,2018-07-07 15:40:00,999.138427734375,7.31634712219238,1165.00378901573,38.2724609375
26270,2018-07-07 15:50:00,961.0654296875,7.04694509506225,1037.26247015247,37.8356208801269
26271,2018-07-07 16:00:00,1228.06396484375,7.62572908401489,1323.51000330992,39.0897789001464
26272,2018-07-07 16:10:00,1173.94702148437,7.54366397857666,1280.51353223431,41.5376281738281
26273,2018-07-07 16:20:00,1016.73498535156,7.2204999923706,1118.420595271,44.632038116455
26274,2018-07-07 16:30:00,1079.17297363281,7.33389711380004,1173.67446819961,45.6048011779785
26275,2018-07-07 16:40:00,1239.65502929687,7.87591218948364,1459.75762062597,50.2027893066406
26276,2018-07-07 16:50:00,1395.45202636718,8.16722202301025,1627.16231821976,49.1368103027343
26277,2018-07-07 17:00:00,1488.43896484375,8.29494285583496,1703.14864387392,48.5646095275878
26278,2018-07-07 17:10:00,1652.50598144531,8.72507953643798,1968.49353039629,51.9368705749511
26279,2018-07-07 17:20:00,1469.53601074218,8.33269500732421,1725.88081739003,53.483169555664
26280,2018-07-07 17:30:00,1404.43298339843,8.1703405380249,1629.00006534617,57.6365013122558
26281,2018-07-07 17:40:00,1399.44897460937,8.18421077728271,1637.18476688675,57.4372482299804
26282,2018-07-07 17:50:00,1486.55297851562,8.41980361938476,1778.77667497192,60.6578712463378
26283,2018-07-07 18:00:00,1818.4189453125,9.18411064147949,2263.29140645886,62.2945518493652
26284,2018-07-07 18:10:00,1962.5419921875,9.57886600494384,2501.18759584982,67.606948852539
26285,2018-07-07 18:20:00,2020.93005371093,9.75815296173095,2632.32349359253,71.0097732543945
26286,2018-07-07 18:30:00,1834.46398925781,9.21620845794677,2284.19940746094,72.3640823364257
26287,2018-07-07 18:40:00,1614.05798339843,8.92810153961181,2097.74806747674,74.0973663330078
26288,2018-07-07 18:50:00,1497.21899414062,8.75099277496337,1984.87030533671,75.4320831298828
26289,2018-07-07 19:00:00,1728.84301757812,9.20276546478271,2275.43945543875,73.6587371826171
26290,2018-07-07 19:10:00,1428.93103027343,8.83013343811035,2035.11382477451,76.9092864990234
26291,2018-07-07 19:20:00,1306.7490234375,8.24769115447998,1674.8677503813,74.0943298339843
26292,2018-07-07 19:30:00,1317.03002929687,8.30545711517333,1709.46768403304,71.0931167602539
26293,2018-07-07 19:40:00,1458.49499511718,8.66643524169921,1931.5757602224,70.7787628173828
26294,2018-07-07 19:50:00,1529.251953125,8.66145420074462,1928.44963428462,70.7343368530273
26295,2018-07-07 20:00:00,1609.52795410156,8.92987346649169,2098.88504164714,71.5778503417968
26296,2018-07-07 20:10:00,1639.36499023437,9.01548099517822,2153.9756601548,74.8098220825195
26297,2018-07-07 20:20:00,1448.61303710937,8.81763935089111,2027.15978987232,76.4990310668945
26298,2018-07-07 20:30:00,1373.42797851562,8.88508129119873,2070.18752825456,78.8612670898437
26299,2018-07-07 20:40:00,1148.22900390625,8.13282871246337,1606.95488704129,78.574478149414
26300,2018-07-07 20:50:00,1094.92504882812,7.67110395431518,1347.655527937,78.6101989746093
26301,2018-07-07 21:00:00,1442.72705078125,8.4493989944458,1796.88350406546,77.6014404296875
26302,2018-07-07 21:10:00,1404.54602050781,8.28685855865478,1698.29639974297,77.8521728515625
26303,2018-07-07 21:20:00,1213.29504394531,8.01807880401611,1540.36664447136,75.8668899536132
26304,2018-07-07 21:30:00,961.060180664062,7.37731981277465,1195.31952550122,74.710823059082
26305,2018-07-07 21:40:00,738.5576171875,6.75270223617553,908.444531166697,71.6453475952148
26306,2018-07-07 21:50:00,572.877075195312,6.46265792846679,791.46133094393,74.1897277832031
26307,2018-07-07 22:00:00,409.556091308593,5.97048616409301,615.081788506671,77.8790130615234
26308,2018-07-07 22:10:00,541.579711914062,6.46670818328857,793.029806981679,75.3211364746093
26309,2018-07-07 22:20:00,541.508483886718,6.07330894470214,648.997821733554,68.3353271484375
26310,2018-07-07 22:30:00,640.910217285156,6.35616779327392,750.868364140962,62.7982292175292
26311,2018-07-07 22:40:00,597.994995117187,6.39455699920654,765.359040040312,63.3747100830078
26312,2018-07-07 22:50:00,590.287292480468,6.47697019577026,797.01191644459,60.2049217224121
26313,2018-07-07 23:00:00,721.747375488281,6.82670497894287,939.848423605908,55.7486915588378
26314,2018-07-07 23:10:00,929.6962890625,7.53451204299926,1275.77349901973,58.7836799621582
26315,2018-07-07 23:20:00,1036.25695800781,7.75132513046264,1390.97018845782,61.3522186279296
26316,2018-07-07 23:30:00,1252.69299316406,8.38092327117919,1755.09212348321,59.266860961914
26317,2018-07-07 23:40:00,1246.61596679687,8.05021381378173,1558.88191738257,67.2264175415039
26318,2018-07-07 23:50:00,1173.09399414062,7.90722179412841,1477.32244123406,71.9802627563476
26319,2018-07-08 00:00:00,1115.33996582031,7.54364490509033,1280.50364194457,75.8737182617187
26320,2018-07-08 00:10:00,1063.501953125,7.65918397903442,1341.2873228459,75.0809936523437
26321,2018-07-08 00:20:00,1132.45202636718,7.79459381103515,1414.6551758326,70.5220794677734
26322,2018-07-08 00:30:00,1169.64196777343,7.58441400527954,1301.75381724199,66.4292526245117
26323,2018-07-08 00:40:00,1684.49597167968,8.76700019836425,1995.00559431937,67.9888000488281
26324,2018-07-08 00:50:00,1529.30505371093,8.52474689483642,1843.27592552262,74.601333618164
26325,2018-07-08 01:00:00,1457.76794433593,8.36923217773437,1747.99368359384,74.9069671630859
26326,2018-07-08 01:10:00,1293.49304199218,7.97006797790527,1512.90269678795,75.0651702880859
26327,2018-07-08 01:20:00,2039.25305175781,9.89632320404052,2725.93536835242,73.4148635864257
26328,2018-07-08 01:30:00,2026.22802734375,9.52950572967529,2463.09303204291,69.9675369262695
26329,2018-07-08 01:40:00,2357.03393554687,10.3085603713989,2969.50591564119,68.6302108764648
26330,2018-07-08 01:50:00,2435.47705078125,10.5779800415039,3102.16207896843,70.4983367919921
26331,2018-07-08 02:00:00,2675.92504882812,11.3172302246093,3373.313711269,72.9746932983398
26332,2018-07-08 02:10:00,2482.09301757812,10.7054195404052,3158.20775532186,69.5765533447265
26333,2018-07-08 02:20:00,2656.84790039062,11.1334104537963,3317.53903850219,69.9086380004882
26334,2018-07-08 02:30:00,2639.4599609375,11.1591300964355,3325.77934329526,73.6298904418945
26335,2018-07-08 02:40:00,2588.9169921875,10.8996400833129,3235.84514368538,73.8676071166992
26336,2018-07-08 02:50:00,2454.66796875,10.646969795227,3133.01803497805,71.7864303588867
26337,2018-07-08 03:00:00,2217.2919921875,10.0034704208374,2794.25792339625,69.1868362426757
26338,2018-07-08 03:10:00,1888.63195800781,9.09638977050781,2206.30598150299,66.9239120483398
26339,2018-07-08 03:20:00,1527.36206054687,8.38286399841308,1756.27152396044,65.5029067993164
26340,2018-07-08 03:30:00,1554.90795898437,8.4466209411621,1795.18102711233,66.0347137451171
26341,2018-07-08 03:40:00,1709.876953125,8.9636526107788,2120.58606307638,65.9884567260742
26342,2018-07-08 03:50:00,1515.38903808593,8.46655368804931,1807.40924210096,65.4810714721679
26343,2018-07-08 04:00:00,1390.40600585937,8.09951782226562,1587.49108455528,64.9103775024414
26344,2018-07-08 04:10:00,1422.84899902343,8.2664566040039,1686.07598594707,64.3770523071289
26345,2018-07-08 04:20:00,1641.15002441406,8.68934917449951,1945.97614246941,63.7278213500976
26346,2018-07-08 04:30:00,1900.97302246093,9.23152446746826,2294.18564006233,65.1642532348632
26347,2018-07-08 04:40:00,1860.97497558593,9.22777652740478,2291.74138078491,66.2752532958984
26348,2018-07-08 04:50:00,1489.77404785156,8.37508964538574,1751.54877478126,62.679100036621
26349,2018-07-08 05:00:00,1245.58203125,7.83659315109252,1437.85514565546,63.406150817871
26350,2018-07-08 05:10:00,1252.22302246093,7.83751821517944,1438.3684306485,61.6435585021972
26351,2018-07-08 05:20:00,1468.0830078125,8.34120845794677,1731.02353904231,58.9097099304199
26352,2018-07-08 05:30:00,1269.53601074218,7.81721115112304,1427.12336917999,59.2659912109375
26353,2018-07-08 05:40:00,1313.92504882812,7.97201299667358,1514.01062137638,60.1027603149414
26354,2018-07-08 05:50:00,1269.11999511718,7.84574317932128,1442.93646813994,60.699649810791
26355,2018-07-08 06:00:00,1213.91101074218,7.66430902481079,1344.02317628573,59.2682189941406
26356,2018-07-08 06:10:00,1621.81005859375,8.642991065979,1916.8754885989,59.3879203796386
26357,2018-07-08 06:20:00,1356.44897460937,8.01742267608642,1539.98970146417,59.8083305358886
26358,2018-07-08 06:30:00,1151.333984375,7.59838390350341,1309.08553308345,60.2159194946289
26359,2018-07-08 06:40:00,1257.86499023437,7.81914901733398,1428.19441413081,58.9266014099121
26360,2018-07-08 06:50:00,1415.98205566406,8.18847274780273,1639.70328770339,60.1119117736816
26361,2018-07-08 07:00:00,1033.625,7.24470281600952,1130.06207269434,61.2895393371582
26362,2018-07-08 07:10:00,1035.85900878906,7.45041799545288,1232.38583621902,58.2885398864746
26363,2018-07-08 07:20:00,1087.43701171875,7.39967489242553,1206.57071602218,58.4983596801757
26364,2018-07-08 07:30:00,1071.80395507812,7.45240306854248,1233.40360861067,58.5878410339355
26365,2018-07-08 07:40:00,1083.48803710937,7.50629997253417,1261.23244014877,60.1825218200683
26366,2018-07-08 07:50:00,873.860229492187,7.08828687667846,1056.23243894427,64.2991180419921
26367,2018-07-08 08:00:00,575.293823242187,5.8462061882019,574.327239846084,58.1757888793945
26368,2018-07-08 08:10:00,409.106689453125,5.31483888626098,417.278285594348,58.6704902648925
26369,2018-07-08 08:20:00,333.573089599609,5.14373302459716,372.110935292056,37.0270385742187
26370,2018-07-08 08:30:00,290.286193847656,4.78678512573242,285.295624729628,33.5261192321777
26371,2018-07-08 08:40:00,260.268798828125,4.74431276321411,275.580918247446,29.7325592041015
26372,2018-07-08 08:50:00,445.96060180664,5.64303493499755,511.103191269642,31.1595993041992
26373,2018-07-08 09:00:00,536.33642578125,5.79887580871582,559.228378356838,31.6776599884033
26374,2018-07-08 09:10:00,497.861206054687,5.66183996200561,516.783526036893,22.830280303955
26375,2018-07-08 09:20:00,463.939697265625,5.7125859260559,532.284189336796,24.5788898468017
26376,2018-07-08 09:30:00,394.25439453125,5.48382806777954,464.359764035959,25.0627899169921
26377,2018-07-08 09:40:00,445.982513427734,5.69982290267944,528.361861122848,28.6953792572021
26378,2018-07-08 09:50:00,593.992614746093,6.09188508987426,655.424976283939,24.6816692352294
26379,2018-07-08 10:00:00,777.609680175781,6.71186399459838,891.390979338199,26.6610298156738
26380,2018-07-08 10:10:00,558.88427734375,5.90260219573974,592.619910505949,28.2096900939941
26381,2018-07-08 10:20:00,698.098022460937,6.54029703140258,821.843908415222,22.5310192108154
26382,2018-07-08 10:30:00,584.346313476562,6.09487390518188,656.462518523382,22.6417503356933
26383,2018-07-08 10:40:00,431.828308105468,5.5501070022583,483.53023784363,25.418020248413
26384,2018-07-08 10:50:00,447.536712646484,5.63349103927612,508.2333959415,25.2391300201416
26385,2018-07-08 11:00:00,532.200988769531,5.95138216018676,608.711083276131,24.1952209472656
26386,2018-07-08 11:10:00,417.167602539062,5.55249500274658,484.228560190607,23.4992008209228
26387,2018-07-08 11:20:00,509.462890625,5.70731687545776,530.662959486849,25.8173103332519
26388,2018-07-08 11:30:00,338.643493652343,5.05751800537109,350.25659808454,21.4819393157958
26389,2018-07-08 11:40:00,592.97802734375,6.11190223693847,662.391970476507,20.4070205688476
26390,2018-07-08 11:50:00,684.331115722656,6.46191501617431,791.173831833338,20.9373207092285
26391,2018-07-08 12:00:00,400.549011230468,5.3661298751831,431.301376970339,18.6354007720947
26392,2018-07-08 12:10:00,574.125427246093,6.14564085006713,674.231645925936,21.3769702911376
26393,2018-07-08 12:20:00,660.82861328125,6.47536182403564,796.38702905219,19.2355194091796
26394,2018-07-08 12:30:00,512.461181640625,5.80723905563354,561.879690535363,24.4291706085205
26395,2018-07-08 12:40:00,574.212707519531,6.04255819320678,638.439410300748,21.2435607910156
26396,2018-07-08 12:50:00,440.186614990234,5.55269384384155,484.286731326769,25.9660091400146
26397,2018-07-08 13:00:00,483.297912597656,5.90166807174682,592.314215878533,15.0667600631713
26398,2018-07-08 13:10:00,632.691772460937,6.36151123046875,752.875730194867,14.7266502380371
26399,2018-07-08 13:20:00,587.981323242187,6.21689987182617,699.638335607902,17.067699432373
26400,2018-07-08 13:30:00,772.48779296875,6.66738176345825,873.036412546138,18.8533306121826
26401,2018-07-08 13:40:00,670.940124511718,6.45478916168212,788.419292953305,25.6462001800537
26402,2018-07-08 13:50:00,646.110473632812,6.33672285079956,743.589657339731,22.9668407440185
26403,2018-07-08 14:00:00,566.034790039062,6.11732912063598,664.288181411142,19.9552497863769
26404,2018-07-08 14:10:00,528.476501464843,5.93701219558715,603.944674975036,27.6007995605468
26405,2018-07-08 14:20:00,318.800598144531,5.18360710144042,382.419848904453,28.8766899108886
26406,2018-07-08 14:30:00,366.236907958984,5.35191679000854,427.392552783152,25.4165992736816
26407,2018-07-08 14:40:00,515.216491699218,5.91967582702636,598.223453488865,20.0152397155761
26408,2018-07-08 14:50:00,545.939880371093,6.09952592849731,658.07932832303,23.5585403442382
26409,2018-07-08 15:00:00,607.267028808593,6.18524312973022,688.284321670319,23.2982101440429
26410,2018-07-08 15:10:00,742.030029296875,6.5459017753601,824.063191885675,23.5489101409912
26411,2018-07-08 15:20:00,710.880310058593,6.55294799804687,826.85824186526,26.8870391845703
26412,2018-07-08 15:30:00,579.141174316406,6.20815801620483,696.492244461799,29.6111907958984
26413,2018-07-08 15:40:00,583.245300292968,6.12673091888427,667.580719184277,27.5747509002685
26414,2018-07-08 15:50:00,582.195617675781,6.10297489166259,659.279507372162,31.044900894165
26415,2018-07-08 16:00:00,626.119018554687,6.37400484085083,757.581312435241,30.9063892364501
26416,2018-07-08 16:10:00,792.224914550781,6.81405401229858,934.433626203516,29.5361804962158
26417,2018-07-08 16:20:00,671.090026855468,6.43708992004394,781.601737107218,36.6870689392089
26418,2018-07-08 16:30:00,744.458618164062,6.67435598373413,875.899055234105,39.3402214050292
26419,2018-07-08 16:40:00,691.0029296875,6.63037014007568,857.938002188485,41.5739288330078
26420,2018-07-08 16:50:00,720.89990234375,6.65500593185424,867.970387619469,37.7314796447753
26421,2018-07-08 17:00:00,784.013488769531,6.71856307983398,894.175079139863,43.570068359375
26422,2018-07-08 17:10:00,690.176086425781,6.49174118041992,802.764149030055,45.5577392578125
26423,2018-07-08 17:20:00,772.02197265625,6.72454214096069,896.664357277516,48.5293197631835
26424,2018-07-08 17:30:00,1154.03002929687,7.5739951133728,1296.30233221925,50.3252487182617
26425,2018-07-08 17:40:00,1189.89599609375,7.72987794876098,1379.31304086677,54.6121711730957
26426,2018-07-08 17:50:00,931.306884765625,7.16551208496093,1092.27058054267,55.8406982421875
26427,2018-07-08 18:00:00,1056.17102050781,7.65610599517822,1339.64582035614,62.1805801391601
26428,2018-07-08 18:10:00,908.62451171875,7.23056983947753,1123.25430270464,61.9753303527832
26429,2018-07-08 18:20:00,897.899719238281,7.16431808471679,1091.70732026032,63.1224098205566
26430,2018-07-08 18:30:00,863.2421875,7.20225811004638,1109.69972879863,71.1703414916992
26431,2018-07-08 18:40:00,893.992309570312,7.2659420967102,1140.34524893341,68.5420989990234
26432,2018-07-08 18:50:00,793.812194824218,7.00655794143676,1018.94367696227,62.9069900512695
26433,2018-07-08 19:00:00,725.185607910156,6.79231214523315,925.172487643058,56.6896896362304
26434,2018-07-08 19:10:00,634.206726074218,6.45970487594604,790.318891042112,58.2240905761718
26435,2018-07-08 19:20:00,566.921020507812,6.30919599533081,733.355742265596,59.3211097717285
26436,2018-07-08 19:30:00,614.098083496093,6.43054103851318,779.087905201332,61.9418907165527
26437,2018-07-08 19:40:00,364.952697753906,5.26020622253417,402.590527361228,76.1140823364257
26438,2018-07-08 19:50:00,154.984603881835,3.82304501533508,96.5296882721568,87.264907836914
26439,2018-07-08 20:00:00,58.6445503234863,3.50891804695129,53.005183783459,85.4818420410156
26440,2018-07-08 20:10:00,24.7835903167724,3.46824097633361,48.5236801961046,73.7319564819335
26441,2018-07-08 20:20:00,4.3610029220581,2.67079901695251,0.0,82.0701065063476
26442,2018-07-08 20:30:00,0.0,2.39572191238403,0.0,88.2176513671875
26443,2018-07-08 20:40:00,0.0,2.44513607025146,0.0,80.6066131591796
26444,2018-07-08 20:50:00,0.0,2.60968089103698,0.0,63.3716506958007
26445,2018-07-08 21:00:00,0.0,3.1100800037384,20.4919686974727,72.3569717407226
26446,2018-07-08 21:10:00,0.0,3.2101399898529,26.2571849021233,62.7729797363281
26447,2018-07-08 21:20:00,0.0,3.50597596168518,52.6721646781853,78.0036468505859
26448,2018-07-08 21:30:00,71.8037567138671,4.2771668434143,176.264096187649,74.1377563476562
26449,2018-07-08 21:40:00,109.444602966308,4.19241285324096,159.577019014248,69.7386779785156
26450,2018-07-08 21:50:00,220.106796264648,4.90145778656005,312.154955378912,71.4085311889648
26451,2018-07-08 22:00:00,203.805603027343,4.8181619644165,292.552462633185,75.3075332641601
26452,2018-07-08 22:10:00,179.428604125976,4.60728120803833,245.059373508771,76.5503387451171
26453,2018-07-08 22:20:00,190.624893188476,4.73824501037597,274.203085274599,68.8472824096679
26454,2018-07-08 22:30:00,174.758499145507,4.72864389419555,272.027998859873,68.5617904663085
26455,2018-07-08 22:40:00,133.094192504882,4.32111597061157,185.065464350969,72.7884063720703
26456,2018-07-08 22:50:00,63.4854011535644,3.62582302093505,67.3586929525045,80.7001800537109
26457,2018-07-08 23:00:00,65.6054229736328,3.74957799911499,84.9358701122583,80.4609375
26458,2018-07-08 23:10:00,20.0649890899658,3.33689594268798,35.8605802619859,79.2684097290039
26459,2018-07-08 23:20:00,23.4734592437744,3.35859394073486,37.7621752500563,77.5495986938476
26460,2018-07-08 23:30:00,48.9402313232421,3.84232091903686,99.7146318609484,71.500633239746
26461,2018-07-08 23:40:00,94.5345230102539,4.23381519317626,167.68243875259,69.5037994384765
26462,2018-07-08 23:50:00,80.3726272583007,4.13019800186157,147.558047189955,68.0388412475585
26463,2018-07-09 00:00:00,56.9030685424804,3.90196394920349,109.945963627532,71.3240509033203
26464,2018-07-09 00:10:00,142.806701660156,4.47103214263916,215.893228499629,69.8659133911132
26465,2018-07-09 00:20:00,121.489196777343,4.26771402359008,174.384486734251,69.8004684448242
26466,2018-07-09 00:30:00,82.4103622436523,3.95419907569885,119.374040507527,73.2935180664062
26467,2018-07-09 00:40:00,85.0526428222656,3.72494602203369,81.242011494076,76.21533203125
26468,2018-07-09 00:50:00,119.086700439453,4.45273208618164,212.06114559009,74.6293487548828
26469,2018-07-09 01:00:00,142.729705810546,4.37621212005615,196.247582080782,74.8481521606445
26470,2018-07-09 01:10:00,128.508605957031,4.29773187637329,180.369626074037,67.3361892700195
26471,2018-07-09 01:20:00,12.5023002624511,3.19051694869995,25.0002789777536,48.280590057373
26472,2018-07-09 01:30:00,80.987937927246,3.95977997779846,120.407167752176,58.8227081298828
26473,2018-07-09 01:40:00,76.515869140625,3.83742094039916,98.8993766062958,61.8044891357421
26474,2018-07-09 01:50:00,26.9148406982421,3.30936789512634,33.5564522068353,73.0709075927734
26475,2018-07-09 02:00:00,83.3128433227539,3.63927006721496,69.1499396578411,73.8887786865234
26476,2018-07-09 02:10:00,80.1779708862304,3.8724250793457,104.807644064771,66.491096496582
26477,2018-07-09 02:20:00,62.3278503417968,3.69825506210327,77.3489725275322,70.967430114746
26478,2018-07-09 02:30:00,47.8945617675781,3.58025503158569,61.5038331451833,57.0060310363769
26479,2018-07-09 02:40:00,0.826066195964813,3.00765705108642,16.2497160692728,53.8143501281738
26480,2018-07-09 02:50:00,50.6404609680175,3.59763407707214,63.6976096725384,44.8344802856445
26481,2018-07-09 03:00:00,91.0950393676757,4.02522420883178,127.697361292478,45.7810516357421
26482,2018-07-09 03:10:00,102.250701904296,4.04948186874389,132.241612847311,49.9083099365234
26483,2018-07-09 03:20:00,139.35969543457,4.39688205718994,200.486272238036,50.9336700439453
26484,2018-07-09 03:30:00,73.474380493164,3.94811391830444,118.253245552351,57.1037292480468
26485,2018-07-09 03:40:00,73.6713027954101,3.9161570072174,112.464517180842,60.5088005065917
26486,2018-07-09 03:50:00,59.9249610900878,3.79371690750122,91.7978633803032,63.4537200927734
26487,2018-07-09 04:00:00,78.1633834838867,3.99908995628356,127.825337860811,53.9187316894531
26488,2018-07-09 04:10:00,36.1056213378906,3.65660500526428,71.5017708035057,52.092960357666
26489,2018-07-09 04:20:00,27.0653495788574,3.59449005126953,63.2971553253009,50.0959091186523
26490,2018-07-09 04:30:00,133.915496826171,4.42906999588012,207.135246225118,50.9393310546875
26491,2018-07-09 04:40:00,171.531799316406,4.62787199020385,249.567574014526,58.369888305664
26492,2018-07-09 04:50:00,191.93699645996,4.63803720474243,251.80317472983,55.5206794738769
26493,2018-07-09 05:00:00,150.069793701171,4.42825317382812,206.965782384164,56.0118408203125
26494,2018-07-09 05:10:00,175.48420715332,4.64436721801757,253.198673783705,55.7004890441894
26495,2018-07-09 05:20:00,227.470901489257,4.91951513290405,316.47052160234,59.7312316894531
26496,2018-07-09 05:30:00,190.11489868164,4.67546796798706,260.092835246871,61.7884292602539
26497,2018-07-09 05:40:00,223.238006591796,4.90538311004638,313.091050309629,64.9778518676757
26498,2018-07-09 05:50:00,230.518798828125,4.88724279403686,308.774400994642,64.4468536376953
26499,2018-07-09 06:00:00,159.429092407226,4.25659418106079,172.179415325125,68.1358795166015
26500,2018-07-09 06:10:00,99.0508728027343,3.92835998535156,114.655700523406,69.7988204956054
26501,2018-07-09 06:20:00,89.3273696899414,3.92751598358154,114.503383458548,75.3480834960937
26502,2018-07-09 06:30:00,49.1867904663085,3.63672494888305,68.8086912066683,75.0941925048828
26503,2018-07-09 06:40:00,3.6586639881134,2.61816596984863,0.0,72.3837203979492
26504,2018-07-09 06:50:00,0.0,2.29641604423522,0.0,66.4894714355468
26505,2018-07-09 07:00:00,0.0,1.85846400260925,0.0,71.2046966552734
26506,2018-07-09 07:10:00,0.0,2.0531940460205,0.0,49.9639587402343
26507,2018-07-09 07:20:00,0.0,2.72212290763854,0.0,21.6111907958984
26508,2018-07-09 07:30:00,0.0,2.37661504745483,0.0,44.0541191101074
26509,2018-07-09 07:40:00,0.0,2.79321789741516,0.0,75.8567733764648
26510,2018-07-09 07:50:00,0.0,3.01585888862609,16.5276047839116,44.8083610534667
26511,2018-07-09 08:00:00,0.0,2.66556501388549,0.0,45.4601898193359
26512,2018-07-09 08:10:00,0.0,2.69428205490112,0.0,39.7016792297363
26513,2018-07-09 08:20:00,0.0,3.16468906402587,23.4398490736057,63.8328781127929
26514,2018-07-09 08:30:00,0.0,3.06491708755493,18.414485062287,33.1806716918945
26515,2018-07-09 08:40:00,0.0,3.5468590259552,57.42387237206,32.4821281433105
26516,2018-07-09 08:50:00,8.35193061828613,3.79042911529541,91.2759865939879,24.83443069458
26517,2018-07-09 09:00:00,16.9005794525146,3.15232491493225,22.7306276545614,38.5266685485839
26518,2018-07-09 09:10:00,0.0,3.33044099807739,35.3094121953072,34.6594696044921
26519,2018-07-09 09:20:00,0.0,3.42702007293701,44.2523337492748,34.616958618164
26520,2018-07-09 09:30:00,0.0,3.31464004516601,33.9883500870782,31.2209892272949
26521,2018-07-09 09:40:00,0.0,3.46404600143432,48.0765673616734,30.6890392303466
26522,2018-07-09 09:50:00,0.0,4.25182914733886,171.236484852932,33.1699790954589
26523,2018-07-09 10:00:00,0.0,4.22322082519531,165.600046740382,30.6951007843017
26524,2018-07-09 10:10:00,0.0,4.28298711776733,177.423754335187,31.2818298339843
26525,2018-07-09 10:20:00,0.0,3.86637902259826,103.773137587011,27.7390995025634
26526,2018-07-09 10:30:00,92.5831222534179,4.20148086547851,161.344849867767,27.1551494598388
26527,2018-07-09 10:40:00,209.173400878906,4.68976116180419,263.282462762187,20.8851795196533
26528,2018-07-09 10:50:00,216.54930114746,4.74880409240722,276.60239308219,21.1200199127197
26529,2018-07-09 11:00:00,306.806884765625,5.12271404266357,366.728466258956,21.34494972229
26530,2018-07-09 11:10:00,232.723098754882,4.75896692276,278.918817659849,17.2110290527343
26531,2018-07-09 11:20:00,229.339202880859,4.81170606613159,291.053728669324,12.8724699020385
26532,2018-07-09 11:30:00,282.505889892578,5.02798509597778,342.90448679209,12.1557302474975
26533,2018-07-09 11:40:00,176.316604614257,4.41710901260375,204.657572223189,5.40907716751098
26534,2018-07-09 11:50:00,185.952606201171,4.48837900161743,219.543970543789,4.88441181182861
26535,2018-07-09 12:00:00,177.318298339843,4.36977481842041,194.932416474821,7.15225076675415
26536,2018-07-09 12:10:00,144.464797973632,4.13375520706176,148.240147286636,14.9294900894165
26537,2018-07-09 12:20:00,106.33999633789,3.99184489250183,126.439539822616,24.5316295623779
26538,2018-07-09 12:30:00,148.354797363281,4.39737606048583,200.587870531204,23.5687294006347
26539,2018-07-09 12:40:00,184.684097290039,4.49639797210693,221.237661437654,15.3554697036743
26540,2018-07-09 12:50:00,220.197402954101,4.69750595092773,265.01640008519,21.8356990814208
26541,2018-07-09 13:00:00,188.737106323242,4.575288772583,238.108118844514,17.5223293304443
26542,2018-07-09 13:10:00,142.022796630859,4.30277299880981,181.379461894029,17.1518306732177
26543,2018-07-09 13:20:00,112.046798706054,3.99051594734191,126.186257670034,13.5287199020385
26544,2018-07-09 13:30:00,315.47021484375,5.17260694503784,379.56298773325,17.7894897460937
26545,2018-07-09 13:40:00,240.374603271484,4.89091110229492,309.645379754067,24.8444690704345
26546,2018-07-09 13:50:00,231.154006958007,4.74351692199707,275.400060748102,24.6052494049072
26547,2018-07-09 14:00:00,292.766815185546,5.12210798263549,366.573793681256,25.5131206512451
26548,2018-07-09 14:10:00,248.959503173828,4.86170816421508,302.738532345412,29.1898593902587
26549,2018-07-09 14:20:00,281.857391357421,5.07948493957519,355.76917271868,27.6981296539306
26550,2018-07-09 14:30:00,182.776092529296,4.54683494567871,231.979429157371,32.6980400085449
26551,2018-07-09 14:40:00,282.40200805664,5.03606176376342,344.908446404533,29.5512504577636
26552,2018-07-09 14:50:00,262.228302001953,5.02977800369262,343.34890414198,32.6602897644042
26553,2018-07-09 15:00:00,241.94839477539,4.85526609420776,301.223150811395,32.8200607299804
26554,2018-07-09 15:10:00,248.804000854492,4.87521076202392,305.924424555464,34.2720794677734
26555,2018-07-09 15:20:00,176.590606689453,4.53302097320556,229.022027934292,37.5874710083007
26556,2018-07-09 15:30:00,215.364303588867,4.75849294662475,278.810627243566,45.4502182006835
26557,2018-07-09 15:40:00,216.865600585937,4.78937578201293,285.892198929952,41.8751411437988
26558,2018-07-09 15:50:00,181.547607421875,4.51421785354614,225.015218863219,36.5617599487304
26559,2018-07-09 16:00:00,226.94140625,4.74423789978027,275.563903459134,41.7395286560058
26560,2018-07-09 16:10:00,297.193695068359,5.21899986267089,391.67917068938,44.4553909301757
26561,2018-07-09 16:20:00,400.514892578125,5.65655088424682,515.18241795425,38.8554382324218
26562,2018-07-09 16:30:00,378.0244140625,5.46892595291137,460.105155795544,45.4614715576171
26563,2018-07-09 16:40:00,482.734191894531,5.90787410736083,594.346874554448,48.8479499816894
26564,2018-07-09 16:50:00,469.902313232421,5.94979619979858,608.183954859964,48.9222297668457
26565,2018-07-09 17:00:00,452.602600097656,5.77539014816284,551.820891807276,52.163719177246
26566,2018-07-09 17:10:00,583.007690429687,6.35878419876098,751.850880087872,51.1203689575195
26567,2018-07-09 17:20:00,660.42822265625,6.55588722229003,828.025799310328,53.2621002197265
26568,2018-07-09 17:30:00,927.017028808593,7.1460108757019,1083.09506209206,55.1478996276855
26569,2018-07-09 17:40:00,1069.22399902343,7.50322914123535,1259.65616024657,57.9817581176757
26570,2018-07-09 17:50:00,1063.69897460937,7.42722606658935,1220.53918900428,57.3370780944824
26571,2018-07-09 18:00:00,918.304382324218,7.13653087615966,1078.65304829526,61.5824508666992
26572,2018-07-09 18:10:00,816.451416015625,6.87354087829589,960.062749518063,66.9095993041992
26573,2018-07-09 18:20:00,711.232116699218,6.73119497299194,899.439052276356,67.4571380615234
26574,2018-07-09 18:30:00,694.075378417968,6.64388418197631,863.43270524346,70.0253372192382
26575,2018-07-09 18:40:00,785.624694824218,7.04553318023681,1036.61851902353,72.0424270629882
26576,2018-07-09 18:50:00,695.998229980468,6.91234493255615,977.012802189706,75.319236755371
26577,2018-07-09 19:00:00,679.941101074218,6.76089811325073,911.890588676504,77.1443405151367
26578,2018-07-09 19:10:00,428.486297607421,6.06186389923095,645.056308431926,78.2863311767578
26579,2018-07-09 19:20:00,330.959197998046,5.540461063385,480.714906836848,77.9541015625
26580,2018-07-09 19:30:00,360.580688476562,5.65322113037109,514.175828185914,74.5586700439453
26581,2018-07-09 19:40:00,112.969902038574,4.16807794570922,154.853189361959,73.5516815185546
26582,2018-07-09 19:50:00,59.0427284240722,3.85670709609985,102.130390955823,75.9186172485351
26583,2018-07-09 20:00:00,9.76041412353515,2.38910698890686,0.0,78.133201599121
26584,2018-07-09 20:10:00,0.0,2.97571992874145,0.0,71.9438171386718
26585,2018-07-09 20:20:00,0.0,2.71363496780395,0.0,66.4863662719726
26586,2018-07-09 20:30:00,0.0,3.00616598129272,16.2003529473914,59.6977386474609
26587,2018-07-09 20:40:00,0.0,2.78572511672973,0.0,62.6208686828613
26588,2018-07-09 20:50:00,0.0,2.00103211402893,0.0,84.8244171142578
26589,2018-07-09 21:00:00,0.0,2.02082991600036,0.0,133.970703125
26590,2018-07-09 21:10:00,0.0,1.55248200893402,0.0,175.433700561523
26591,2018-07-09 21:20:00,0.0,1.85961902141571,0.0,220.557098388671
26592,2018-07-09 21:30:00,0.0,1.73197901248931,0.0,216.22590637207
26593,2018-07-09 21:40:00,0.0,2.09393596649169,0.0,223.620498657226
26594,2018-07-09 21:50:00,0.0,2.15260601043701,0.0,251.677001953125
26595,2018-07-09 22:00:00,0.0,2.17696809768676,0.0,231.779205322265
26596,2018-07-09 22:10:00,0.0,2.13545608520507,0.0,212.333099365234
26597,2018-07-09 22:20:00,0.0,1.59897899627685,0.0,206.123306274414
26598,2018-07-09 22:30:00,0.0,2.06386709213256,0.0,191.377700805664
26599,2018-07-09 22:40:00,0.0,1.47164595127105,0.0,179.671997070312
26600,2018-07-09 22:50:00,0.0,0.875059127807617,0.0,183.083694458007
26601,2018-07-09 23:00:00,0.0,1.32671499252319,0.0,180.878295898437
26602,2018-07-09 23:10:00,0.0,1.6354169845581,0.0,156.920501708984
26603,2018-07-09 23:20:00,0.0,1.72859597206115,0.0,200.774597167968
26604,2018-07-09 23:30:00,0.0,1.70922398567199,0.0,222.157196044921
26605,2018-07-09 23:40:00,0.0,2.28944301605224,0.0,218.964904785156
26606,2018-07-09 23:50:00,0.0,2.33774590492248,0.0,266.864501953125
26607,2018-07-10 00:00:00,0.0,2.1344130039215,0.0,263.224700927734
26608,2018-07-10 00:10:00,0.0,2.34592604637145,0.0,240.373001098632
26609,2018-07-10 00:20:00,0.0,2.94295597076416,0.0,227.835296630859
26610,2018-07-10 00:30:00,0.0,3.61715698242187,66.2196427136659,244.321502685546
26611,2018-07-10 00:40:00,0.0,3.16286611557006,23.3337454263128,219.94529724121
26612,2018-07-10 00:50:00,0.0,3.01655006408691,16.5515144204837,198.838394165039
26613,2018-07-10 01:00:00,0.0,2.81409502029418,0.0,183.097702026367
26614,2018-07-10 01:10:00,0.0,1.99994099140167,0.0,133.987396240234
26615,2018-07-10 01:20:00,0.0,0.9541876912117,0.0,212.227706909179
26616,2018-07-10 01:30:00,0.0,1.11887001991271,0.0,328.416412353515
26617,2018-07-10 01:40:00,0.0,1.27750301361083,0.0,336.829711914062
26618,2018-07-10 01:50:00,0.0,1.73911297321319,0.0,6.86179018020629
26619,2018-07-10 02:00:00,0.0,1.625373005867,0.0,19.1387596130371
26620,2018-07-10 02:10:00,0.0,1.80857098102569,0.0,15.0295696258544
26621,2018-07-10 02:20:00,0.0,2.06117391586303,0.0,0.552659094333648
26622,2018-07-10 02:30:00,0.0,1.97649002075195,0.0,340.127014160156
26623,2018-07-10 02:40:00,0.0,2.31628704071044,0.0,305.566497802734
26624,2018-07-10 02:50:00,0.0,2.49798393249511,0.0,302.361785888671
26625,2018-07-10 03:00:00,0.0,2.51068806648254,0.0,294.226104736328
26626,2018-07-10 03:10:00,0.0,1.62872195243835,0.0,301.55810546875
26627,2018-07-10 03:20:00,0.0,1.68134796619415,0.0,318.216888427734
26628,2018-07-10 03:30:00,0.0,2.24933004379272,0.0,349.078796386718
26629,2018-07-10 03:40:00,0.0,2.3091549873352,0.0,349.732299804687
26630,2018-07-10 03:50:00,0.0,1.80937600135803,0.0,345.854705810546
26631,2018-07-10 04:00:00,0.0,1.61733102798461,0.0,0.20910020172596
26632,2018-07-10 04:10:00,0.0,1.4332720041275,0.0,1.62825405597686
26633,2018-07-10 04:20:00,0.0,1.40306103229522,0.0,353.993103027343
26634,2018-07-10 04:30:00,0.0,0.845446288585662,0.0,8.67127037048339
26635,2018-07-10 04:40:00,0.0,1.13325798511505,0.0,359.086608886718
26636,2018-07-10 04:50:00,0.0,1.38209605216979,0.0,12.2946300506591
26637,2018-07-10 05:00:00,0.0,1.30972099304199,0.0,26.1858100891113
26638,2018-07-10 05:10:00,0.0,1.48396801948547,0.0,11.8100099563598
26639,2018-07-10 05:20:00,0.0,1.09274697303771,0.0,43.8630104064941
26640,2018-07-10 05:30:00,0.0,1.59976696968078,0.0,33.1361999511718
26641,2018-07-10 05:40:00,0.0,1.53114402294158,0.0,26.5251903533935
26642,2018-07-10 05:50:00,0.0,1.51270902156829,0.0,35.1018600463867
26643,2018-07-10 06:00:00,0.0,1.18325698375701,0.0,37.1824417114257
26644,2018-07-10 06:10:00,0.0,1.36944305896759,0.0,47.0436096191406
26645,2018-07-10 06:20:00,0.0,1.32834696769714,0.0,44.0466499328613
26646,2018-07-10 06:30:00,0.0,1.77749001979827,0.0,73.4306335449218
26647,2018-07-10 06:40:00,0.0,1.95039904117584,0.0,66.7607116699218
26648,2018-07-10 06:50:00,0.0,2.19416904449462,0.0,63.0591812133789
26649,2018-07-10 07:00:00,0.0,2.1041510105133,0.0,66.1930465698242
26650,2018-07-10 07:10:00,0.0,2.4074170589447,0.0,52.5630302429199
26651,2018-07-10 07:20:00,0.0,2.05241107940673,0.0,47.4642601013183
26652,2018-07-10 07:30:00,0.0,1.33807897567749,0.0,52.4964408874511
26653,2018-07-10 07:40:00,0.0,2.03787302970886,0.0,62.7283096313476
26654,2018-07-10 07:50:00,0.0,2.03897190093994,0.0,58.2118110656738
26655,2018-07-10 08:00:00,0.0,2.6475920677185,0.0,37.4872093200683
26656,2018-07-10 08:10:00,0.0,2.23877501487731,0.0,55.9528007507324
26657,2018-07-10 08:20:00,0.0,2.21802902221679,0.0,86.0836181640625
26658,2018-07-10 08:30:00,0.0,1.85786294937133,0.0,64.0144424438476
26659,2018-07-10 08:40:00,0.0,2.5569839477539,0.0,26.21821975708
26660,2018-07-10 08:50:00,0.0,2.52477002143859,0.0,17.7306900024414
26661,2018-07-10 09:00:00,0.0,2.9930100440979,0.0,12.0595998764038
26662,2018-07-10 09:10:00,0.0,2.39803099632263,0.0,10.7774696350097
26663,2018-07-10 09:20:00,0.0,2.7207429409027,0.0,19.2600898742675
26664,2018-07-10 09:30:00,0.0,3.16616010665893,23.5258578966786,18.3597106933593
26665,2018-07-10 09:40:00,0.0,2.81663107872009,0.0,27.532169342041
26666,2018-07-10 09:50:00,0.0,3.44676995277404,46.2649097449075,21.9272708892822
26667,2018-07-10 10:00:00,0.0,3.10370898246765,20.1791316825229,31.3701095581054
26668,2018-07-10 10:10:00,0.0,2.88360810279846,0.0,25.1447792053222
26669,2018-07-10 10:20:00,0.0,2.47585201263427,0.0,25.7969799041748
26670,2018-07-10 10:30:00,0.0,3.15056109428405,22.6314464660509,41.1134300231933
26671,2018-07-10 10:40:00,0.0,2.91119909286499,0.0,29.2983303070068
26672,2018-07-10 10:50:00,0.0,3.12917208671569,21.4683410138214,28.9456996917724
26673,2018-07-10 11:00:00,0.0,3.14582896232604,22.367813694681,23.9757804870605
26674,2018-07-10 11:10:00,0.0,3.31995105743408,34.4279281701456,20.5807495117187
26675,2018-07-10 11:20:00,0.0,3.28430795669555,31.56433575349,12.1792602539062
26676,2018-07-10 11:30:00,0.0,3.0617139339447,18.279534657665,22.6447391510009
26677,2018-07-10 11:40:00,0.0,3.14187407493591,22.1502306490629,26.5495491027832
26678,2018-07-10 11:50:00,0.0,3.45480990409851,47.1020808404401,50.1219787597656
26679,2018-07-10 12:00:00,0.0,3.34219789505004,36.3182845917363,40.3531684875488
26680,2018-07-10 12:10:00,0.0,3.72916388511657,81.8676420323945,17.2374591827392
26681,2018-07-10 12:20:00,32.0821495056152,3.74204897880554,83.7965022774852,22.8948593139648
26682,2018-07-10 12:30:00,62.392520904541,3.72558808326721,81.3370639909017,24.5441207885742
26683,2018-07-10 12:40:00,113.085998535156,3.96047091484069,120.535419535297,20.9774799346923
26684,2018-07-10 12:50:00,102.530502319335,4.00404977798461,123.752267248984,21.0121402740478
26685,2018-07-10 13:00:00,112.592697143554,4.19559383392333,160.196688007653,23.2724304199218
26686,2018-07-10 13:10:00,42.1234893798828,3.66771507263183,73.0343557817978,31.2756690979003
26687,2018-07-10 13:20:00,67.1954727172851,3.7255311012268,81.3286255470484,44.5091705322265
26688,2018-07-10 13:30:00,44.2540893554687,3.39590096473693,41.2078367819531,34.9625701904296
26689,2018-07-10 13:40:00,106.153099060058,3.99481296539306,127.00624178171,31.8137893676757
26690,2018-07-10 13:50:00,161.128692626953,4.35098505020141,191.106795785037,23.3213005065917
26691,2018-07-10 14:00:00,210.924697875976,4.70760202407836,267.282728422039,29.9380092620849
26692,2018-07-10 14:10:00,296.54638671875,5.0611572265625,351.16725099148,18.9660491943359
26693,2018-07-10 14:20:00,200.514007568359,4.64383506774902,253.081257677638,18.6575107574462
26694,2018-07-10 14:30:00,158.896102905273,4.41808891296386,204.860245717703,26.9942302703857
26695,2018-07-10 14:40:00,124.382202148437,4.12728404998779,146.999746197813,34.4198417663574
26696,2018-07-10 14:50:00,108.047500610351,4.10420083999633,142.591459490092,32.4187889099121
26697,2018-07-10 15:00:00,132.319305419921,4.20271015167236,161.584820938295,28.7633895874023
26698,2018-07-10 15:10:00,69.8212127685546,3.91256093978881,111.823347579502,25.4832897186279
26699,2018-07-10 15:20:00,41.9076690673828,3.46177506446838,47.8356988761707,14.074649810791
26700,2018-07-10 15:30:00,28.2093601226806,3.57742190361022,61.1507852970362,21.4593391418457
26701,2018-07-10 15:40:00,68.5230102539062,3.89422798156738,108.586790051602,35.141429901123
26702,2018-07-10 15:50:00,111.515197753906,4.20590496063232,162.208842029556,29.7691707611083
26703,2018-07-10 16:00:00,207.791107177734,4.74862384796142,276.561373226964,38.6186294555664
26704,2018-07-10 16:10:00,222.432998657226,4.83150482177734,295.659280962353,40.0974311828613
26705,2018-07-10 16:20:00,261.68701171875,4.98254013061523,331.72184580262,39.6403083801269
26706,2018-07-10 16:30:00,228.940994262695,4.824227809906,293.963311207423,41.2081184387207
26707,2018-07-10 16:40:00,381.653900146484,5.64463186264038,511.584236732357,39.6322402954101
26708,2018-07-10 16:50:00,343.69189453125,5.5487060546875,483.120807582024,38.505760192871
26709,2018-07-10 17:00:00,274.684387207031,5.04627323150634,347.449292934383,44.1149406433105
26710,2018-07-10 17:10:00,418.074493408203,5.77613687515258,552.055554866855,46.0682411193847
26711,2018-07-10 17:20:00,423.638305664062,5.78099298477172,553.582986410153,47.9241790771484
26712,2018-07-10 17:30:00,563.55517578125,6.37039422988891,756.219670550104,58.0648307800292
26713,2018-07-10 17:40:00,566.314819335937,6.48673915863037,800.813517589744,52.54195022583
26714,2018-07-10 17:50:00,563.620178222656,6.41156578063964,771.830681651197,48.9624900817871
26715,2018-07-10 18:00:00,556.2216796875,6.32199811935424,738.1051077062,54.4673805236816
26716,2018-07-10 18:10:00,456.884185791015,6.06841993331909,647.312402453479,63.421890258789
26717,2018-07-10 18:20:00,545.560424804687,6.36249685287475,753.246337367066,61.0842514038085
26718,2018-07-10 18:30:00,553.1298828125,6.4417929649353,783.409938270187,59.2960090637207
26719,2018-07-10 18:40:00,358.912292480468,5.53748798370361,479.848914529061,62.466381072998
26720,2018-07-10 18:50:00,431.549102783203,5.95154094696044,608.763874255752,62.1244010925292
26721,2018-07-10 19:00:00,335.336303710937,5.61184883117675,501.758152640231,56.2048301696777
26722,2018-07-10 19:10:00,231.271392822265,4.85325384140014,300.750411878438,59.7545700073242
26723,2018-07-10 19:20:00,122.080101013183,4.40651893615722,202.470726180512,51.948631286621
26724,2018-07-10 19:30:00,112.67569732666,4.24544191360473,169.974398245697,52.2656707763671
26725,2018-07-10 19:40:00,180.084899902343,4.67540502548217,260.078818895032,50.2330284118652
26726,2018-07-10 19:50:00,172.873703002929,4.57817697525024,238.733023245154,51.6068687438964
26727,2018-07-10 20:00:00,155.110702514648,4.59187698364257,241.70433334772,45.7056503295898
26728,2018-07-10 20:10:00,113.628196716308,4.29900503158569,180.624535511136,46.1721611022949
26729,2018-07-10 20:20:00,123.823501586914,4.25273323059082,171.415298739312,42.8548011779785
26730,2018-07-10 20:30:00,79.1555480957031,3.90670204162597,110.783152715128,33.0603790283203
26731,2018-07-10 20:40:00,82.742919921875,3.92172002792358,113.460465683591,34.1060409545898
26732,2018-07-10 20:50:00,76.7089920043945,3.91136002540588,111.609688485613,43.5651702880859
26733,2018-07-10 21:00:00,31.2328395843505,3.48435592651367,50.2674427323509,49.3297500610351
26734,2018-07-10 21:10:00,52.3670310974121,3.8829960823059,106.630441143196,48.9162292480468
26735,2018-07-10 21:20:00,20.7303504943847,3.60038208961486,64.048919150101,43.0834999084472
26736,2018-07-10 21:30:00,26.3413791656494,3.72855901718139,81.7777478711105,34.8204689025878
26737,2018-07-10 21:40:00,28.0749797821044,3.75649094581604,85.989994354245,29.6967506408691
26738,2018-07-10 21:50:00,16.5412902832031,3.49270105361938,51.1867799748325,43.7022094726562
26739,2018-07-10 22:00:00,6.66207981109619,3.34446907043457,36.5157254927908,48.9230613708496
26740,2018-07-10 22:10:00,0.0,3.68613100051879,75.6182520064358,46.9027709960937
26741,2018-07-10 22:20:00,5.58180093765258,3.37248110771179,39.0187694949536,53.6859817504882
26742,2018-07-10 22:30:00,0.0,3.64184188842773,69.4958212089259,56.3981895446777
26743,2018-07-10 22:40:00,47.4420204162597,4.11780881881713,145.187149096117,47.8362808227539
26744,2018-07-10 22:50:00,67.4698333740234,3.97101497650146,122.502086015258,47.9159507751464
26745,2018-07-10 23:00:00,87.3236083984375,4.10771894454956,143.261686203061,52.2866401672363
26746,2018-07-10 23:10:00,108.466697692871,4.33435010910034,187.736181208386,53.3967781066894
26747,2018-07-10 23:20:00,88.9204406738281,4.32833576202392,186.52127205972,50.9335403442382
26748,2018-07-10 23:30:00,74.4019470214843,3.99168705940246,126.409443803784,51.5988998413085
26749,2018-07-10 23:40:00,77.0533370971679,3.9040470123291,110.313584434625,55.4540100097656
26750,2018-07-10 23:50:00,32.243911743164,3.64370608329772,69.7471963994876,52.7688293457031
26751,2018-07-11 00:00:00,57.3692512512207,3.91190195083618,111.706075861865,51.0226898193359
26752,2018-07-11 00:10:00,65.054443359375,3.90563106536865,110.593604216658,55.937889099121
26753,2018-07-11 00:20:00,81.2166519165039,3.95207095146179,118.981398176166,58.4195404052734
26754,2018-07-11 00:30:00,80.3695831298828,4.02520608901977,127.693976771796,53.008129119873
26755,2018-07-11 00:40:00,92.2825622558593,4.06949090957641,136.010126720417,51.1754188537597
26756,2018-07-11 00:50:00,114.675796508789,4.3512749671936,191.165674590846,50.3815307617187
26757,2018-07-11 01:00:00,170.900695800781,4.56383609771728,235.635284734506,51.8809700012207
26758,2018-07-11 01:10:00,299.61050415039,5.32684612274169,420.540635619075,49.647590637207
26759,2018-07-11 01:20:00,249.380905151367,4.99155807495117,333.928404247355,46.3591194152832
26760,2018-07-11 01:30:00,216.367797851562,4.76946878433227,281.319928241675,49.9102401733398
26761,2018-07-11 01:40:00,222.319595336914,4.8186650276184,292.669371271725,51.3168487548828
26762,2018-07-11 01:50:00,303.533996582031,5.41455221176147,444.75186489463,43.7737884521484
26763,2018-07-11 02:00:00,264.201690673828,5.086510181427,357.540131065448,46.0632095336914
26764,2018-07-11 02:10:00,375.246795654296,5.65750503540039,515.471057546651,47.8596992492675
26765,2018-07-11 02:20:00,371.919189453125,5.57422590255737,490.607926152037,50.5018081665039
26766,2018-07-11 02:30:00,379.660614013671,5.71169090270996,532.008607062805,48.4706306457519
26767,2018-07-11 02:40:00,306.901489257812,5.36911392211914,432.124284926893,47.3855895996093
26768,2018-07-11 02:50:00,292.955200195312,5.33209514617919,421.970700735454,46.3640785217285
26769,2018-07-11 03:00:00,276.37939453125,5.11920118331909,365.832357296074,48.7849693298339
26770,2018-07-11 03:10:00,294.096405029296,5.20965576171875,389.224557668356,47.2409782409667
26771,2018-07-11 03:20:00,211.610900878906,4.6304612159729,250.136383587847,53.7445106506347
26772,2018-07-11 03:30:00,376.667907714843,5.58330202102661,493.285504975941,55.6306114196777
26773,2018-07-11 03:40:00,336.157287597656,5.37189197540283,432.891089017001,61.5698814392089
26774,2018-07-11 03:50:00,445.994201660156,5.74443912506103,542.143658519756,66.7622833251953
26775,2018-07-11 04:00:00,739.052978515625,6.78880500793457,923.68386543988,69.8309173583984
26776,2018-07-11 04:10:00,732.52978515625,6.7511019706726,907.772602063572,70.5419692993164
26777,2018-07-11 04:20:00,735.70947265625,6.79042100906372,924.369603720108,69.3300094604492
26778,2018-07-11 04:30:00,821.577026367187,7.04933500289916,1038.35305447715,70.0627136230468
26779,2018-07-11 04:40:00,1103.85095214843,7.7300329208374,1379.39707321022,65.5307388305664
26780,2018-07-11 04:50:00,1063.46899414062,7.64680194854736,1334.69119686234,62.7951393127441
26781,2018-07-11 05:00:00,952.194396972656,7.27792596817016,1146.17525647766,64.5415573120117
26782,2018-07-11 05:10:00,1172.86499023437,7.75256299972534,1391.64469501834,65.51220703125
26783,2018-07-11 05:20:00,860.515380859375,6.91917276382446,980.014424213167,69.846092224121
26784,2018-07-11 05:30:00,991.071716308593,7.34653282165527,1179.94473010337,66.7173461914062
26785,2018-07-11 05:40:00,979.62548828125,7.31078720092773,1162.26609949727,62.2506713867187
26786,2018-07-11 05:50:00,1031.83801269531,7.25240087509155,1133.7818689442,64.0941772460937
26787,2018-07-11 06:00:00,1235.54797363281,7.8214259147644,1429.45339376691,62.7216606140136
26788,2018-07-11 06:10:00,1357.75903320312,8.13670921325683,1609.22922934312,62.5721588134765
26789,2018-07-11 06:20:00,1019.30700683593,7.31818580627441,1165.91012623651,62.7123298645019
26790,2018-07-11 06:30:00,1036.22094726562,7.37741518020629,1195.36736686383,64.4060821533203
26791,2018-07-11 06:40:00,1106.625,7.53587198257446,1276.47714056632,62.4367218017578
26792,2018-07-11 06:50:00,899.957580566406,6.93155717849731,985.473521234742,60.7141304016113
26793,2018-07-11 07:00:00,987.556030273437,7.13449192047119,1077.69922991005,60.5420417785644
26794,2018-07-11 07:10:00,677.300720214843,6.21853590011596,700.22803343075,59.7449607849121
26795,2018-07-11 07:20:00,537.557983398437,5.789972782135,556.413751606801,55.2596282958984
26796,2018-07-11 07:30:00,466.530700683593,5.33601999282836,423.041561118973,41.3629913330078
26797,2018-07-11 07:40:00,527.971374511718,5.87088298797607,582.290752702859,38.1043395996093
26798,2018-07-11 07:50:00,501.413208007812,5.70696210861206,530.553900017214,40.6640815734863
26799,2018-07-11 08:00:00,473.547607421875,5.5012788772583,469.367867054728,35.102741241455
26800,2018-07-11 08:10:00,514.427917480468,5.66645812988281,518.183759500529,26.2173690795898
26801,2018-07-11 08:20:00,385.137908935546,5.35216379165649,427.460331379645,36.0909385681152
26802,2018-07-11 08:30:00,348.38931274414,5.08667612075805,357.582008842224,35.619701385498
26803,2018-07-11 08:40:00,458.539611816406,5.40018606185913,440.739641900465,32.9673385620117
26804,2018-07-11 08:50:00,485.835906982421,5.70948076248168,531.328432459622,31.0811500549316
26805,2018-07-11 09:00:00,682.670288085937,6.28286600112915,723.643417665396,31.087999343872
26806,2018-07-11 09:10:00,770.446411132812,6.41859579086303,774.514759348884,32.2944717407226
26807,2018-07-11 09:20:00,837.232788085937,6.72975921630859,898.83980405469,33.0872497558593
26808,2018-07-11 09:30:00,819.5654296875,6.74108219146728,903.572274193284,28.2331790924072
26809,2018-07-11 09:40:00,1110.46301269531,7.42443990707397,1219.12144448222,30.8501205444335
26810,2018-07-11 09:50:00,1095.97900390625,7.39872884750366,1206.09307860937,31.288459777832
26811,2018-07-11 10:00:00,1046.14001464843,7.37303400039672,1193.17091416844,30.694860458374
26812,2018-07-11 10:10:00,952.231018066406,6.99476099014282,1013.63213244748,27.9761791229248
26813,2018-07-11 10:20:00,1031.27600097656,7.31371593475341,1163.70764814449,26.6095008850097
26814,2018-07-11 10:30:00,943.862670898437,6.93125200271606,985.33877016584,23.0959491729736
26815,2018-07-11 10:40:00,807.688781738281,6.70859384536743,890.033821442219,19.5649509429931
26816,2018-07-11 10:50:00,685.72021484375,6.44342613220214,784.038418190896,23.7412109375
26817,2018-07-11 11:00:00,632.081420898437,6.24668312072753,710.418541621174,22.2509994506835
26818,2018-07-11 11:10:00,656.372985839843,6.32670593261718,739.856083081965,18.5042304992675
26819,2018-07-11 11:20:00,682.557983398437,6.46864318847656,793.779783849963,14.4245700836181
26820,2018-07-11 11:30:00,651.749816894531,6.35571193695068,750.697256459063,14.3652801513671
26821,2018-07-11 11:40:00,558.118103027343,6.16850805282592,682.325487150604,19.4610900878906
26822,2018-07-11 11:50:00,674.021606445312,6.37217378616333,756.890603570343,22.1055698394775
26823,2018-07-11 12:00:00,936.871520996093,7.11188602447509,1067.16129966163,22.4637794494628
26824,2018-07-11 12:10:00,1014.0009765625,7.24925899505615,1132.26267609513,21.261209487915
26825,2018-07-11 12:20:00,1117.18603515625,7.56987380981445,1294.14986826702,22.5546798706054
26826,2018-07-11 12:30:00,1196.42102050781,7.71411085128784,1370.77872715389,20.1822299957275
26827,2018-07-11 12:40:00,991.44287109375,7.0654559135437,1045.72880800018,24.2014102935791
26828,2018-07-11 12:50:00,957.136291503906,7.10547304153442,1064.18416173689,24.8279304504394
26829,2018-07-11 13:00:00,1041.4189453125,7.35486507415771,1184.0921437532,23.9653205871582
26830,2018-07-11 13:10:00,1094.71203613281,7.5168080329895,1266.63596622183,26.0968303680419
26831,2018-07-11 13:20:00,1147.65002441406,7.46017217636108,1237.39268710177,26.0803508758544
26832,2018-07-11 13:30:00,1392.63500976562,8.17042922973632,1629.05234479921,29.47825050354
26833,2018-07-11 13:40:00,2056.3369140625,9.50428581237792,2443.28860036125,31.4512996673583
26834,2018-07-11 13:50:00,1828.27795410156,9.02990818023681,2163.28916700795,35.8100204467773
26835,2018-07-11 14:00:00,1700.10205078125,8.61686038970947,1900.53143859286,34.7570610046386
26836,2018-07-11 14:10:00,2098.95190429687,9.53610515594482,2468.23717143869,36.285228729248
26837,2018-07-11 14:20:00,2417.55200195312,10.4183597564697,3025.96254130079,38.5429611206054
26838,2018-07-11 14:30:00,2536.93090820312,10.6606302261352,3138.98271465159,36.6966209411621
26839,2018-07-11 14:40:00,2773.21606445312,11.2466897964477,3352.76036162355,35.88671875
26840,2018-07-11 14:50:00,2612.90087890625,10.8367595672607,3211.70979303609,38.5760993957519
26841,2018-07-11 15:00:00,2737.94799804687,10.7771501541137,3187.95221199737,36.2378997802734
26842,2018-07-11 15:10:00,2972.52587890625,11.8416595458984,3495.15222363251,39.5708618164062
26843,2018-07-11 15:20:00,2453.67602539062,10.2344503402709,2929.46960680219,37.0216217041015
26844,2018-07-11 15:30:00,2535.60107421875,10.6909999847412,3152.07364312398,39.821060180664
26845,2018-07-11 15:40:00,2345.26611328125,10.0316896438598,2811.64884844724,38.0613288879394
26846,2018-07-11 15:50:00,2458.02197265625,10.2046899795532,2912.94441439124,40.7556991577148
26847,2018-07-11 16:00:00,2486.79809570312,10.3653497695922,2999.12637217791,41.9025115966796
26848,2018-07-11 16:10:00,2747.3369140625,11.2280101776123,3347.14209396013,43.2432518005371
26849,2018-07-11 16:20:00,2129.92602539062,9.35887145996093,2377.42456433864,45.0747299194335
26850,2018-07-11 16:30:00,2708.54907226562,10.5960798263549,3110.37639136717,43.5430603027343
26851,2018-07-11 16:40:00,2443.86499023437,10.1374902725219,2874.66895898484,46.319538116455
26852,2018-07-11 16:50:00,2470.916015625,10.0734701156616,2836.94407466514,45.3180313110351
26853,2018-07-11 17:00:00,2255.72607421875,9.60119342803955,2518.13219344171,48.8640708923339
26854,2018-07-11 17:10:00,2262.02197265625,9.6716833114624,2570.47210663553,48.5652389526367
26855,2018-07-11 17:20:00,1896.125,9.10887908935546,2214.40442969363,53.36861038208
26856,2018-07-11 17:30:00,2108.64892578125,9.24180507659912,2300.89205556107,49.3916282653808
26857,2018-07-11 17:40:00,1860.61999511718,9.05316257476806,2178.31770708159,52.2398796081542
26858,2018-07-11 17:50:00,1924.09704589843,9.21520233154296,2283.543612615,50.9738311767578
26859,2018-07-11 18:00:00,1884.39196777343,8.94928455352783,2111.34942456329,50.3619003295898
26860,2018-07-11 18:10:00,1907.56494140625,8.76934146881103,1996.48918311986,50.1006698608398
26861,2018-07-11 18:20:00,2125.38403320312,9.54268646240234,2473.35147310872,55.4911308288574
26862,2018-07-11 18:30:00,2108.89111328125,9.39922142028808,2403.86277437761,55.410530090332
26863,2018-07-11 18:40:00,2364.19897460937,10.1212701797485,2865.22836702807,58.0744514465332
26864,2018-07-11 18:50:00,2819.00708007812,11.4087295532226,3398.43980321467,62.2490615844726
26865,2018-07-11 19:00:00,2654.96997070312,10.9597396850585,3258.04138468971,61.8457908630371
26866,2018-07-11 19:10:00,2559.89990234375,10.813380241394,3202.4946161528,64.7015533447265
26867,2018-07-11 19:20:00,2337.67700195312,10.135100364685,2873.28292969999,65.1702880859375
26868,2018-07-11 19:30:00,2133.83911132812,9.71078014373779,2598.75548064031,66.3171234130859
26869,2018-07-11 19:40:00,2343.001953125,10.2035503387451,2912.30644174068,68.4062271118164
26870,2018-07-11 19:50:00,2633.248046875,10.8251600265502,3207.15421907311,69.1110916137695
26871,2018-07-11 20:00:00,2774.14306640625,11.2311296463012,3348.08549503221,69.0488967895507
26872,2018-07-11 20:10:00,2747.02392578125,11.1610698699951,3326.39497592375,68.0326919555664
26873,2018-07-11 20:20:00,2580.037109375,10.5633001327514,3095.43704834556,66.6741867065429
26874,2018-07-11 20:30:00,2554.44702148437,10.6453104019165,3132.29023702979,65.49169921875
26875,2018-07-11 20:40:00,2447.27709960937,10.4078102111816,3020.68377438482,66.965950012207
26876,2018-07-11 20:50:00,2530.66796875,10.6526899337768,3135.52145912947,66.8364028930664
26877,2018-07-11 21:00:00,2614.98193359375,10.8980798721313,3235.25764626199,67.0945510864257
26878,2018-07-11 21:10:00,2627.55810546875,11.1065502166748,3308.77843181185,67.6887893676757
26879,2018-07-11 21:20:00,2579.71704101562,10.9825296401977,3266.23883676747,68.555549621582
26880,2018-07-11 21:30:00,2726.74096679687,11.6988897323608,3467.15815227421,71.6301498413085
26881,2018-07-11 21:40:00,2810.80810546875,11.4616003036499,3412.18531238391,69.789680480957
26882,2018-07-11 21:50:00,2558.03393554687,11.1799697875976,3332.35056292078,66.2705764770507
26883,2018-07-11 22:00:00,2336.96997070312,10.5145397186279,3072.69230061094,66.0393905639648
26884,2018-07-11 22:10:00,2514.94799804687,10.9536895751953,3255.84503118975,66.4801864624023
26885,2018-07-11 22:20:00,2641.11010742187,10.9485502243041,3253.97264195168,62.7372894287109
26886,2018-07-11 22:30:00,2597.29296875,11.0915699005126,3303.82331491331,64.2057266235351
26887,2018-07-11 22:40:00,2653.15795898437,11.2611904144287,3357.07073270193,65.4349822998046
26888,2018-07-11 22:50:00,2591.25,11.2711601257324,3360.00853574448,70.4387435913085
26889,2018-07-11 23:00:00,2667.34692382812,11.0964097976684,3305.4296726148,71.3282775878906
26890,2018-07-11 23:10:00,2584.32495117187,11.1002798080444,3306.71038722941,71.9342803955078
26891,2018-07-11 23:20:00,2292.287109375,10.437910079956,3035.66439193314,73.7481689453125
26892,2018-07-11 23:30:00,2018.71704101562,9.97521495819091,2776.59481630609,76.7275009155273
26893,2018-07-11 23:40:00,2033.51098632812,9.83420753479003,2684.63254332757,77.6045837402343
26894,2018-07-11 23:50:00,2074.59692382812,10.2448196411132,2935.16673544807,74.2238235473632
26895,2018-07-12 00:00:00,2148.57788085937,10.0647201538085,2831.69106921249,74.1181488037109
26896,2018-07-12 00:10:00,1878.35095214843,9.28307819366455,2327.84140290356,71.291389465332
26897,2018-07-12 00:20:00,2094.22607421875,9.6998233795166,2590.88234013492,71.1504821777343
26898,2018-07-12 00:30:00,2540.24609375,11.2571001052856,3355.85936917478,72.7603530883789
26899,2018-07-12 00:40:00,2521.11303710937,11.1994400024414,3338.40511283972,69.8208236694335
26900,2018-07-12 00:50:00,2401.28002929687,10.71529006958,3162.37663535292,68.4904403686523
26901,2018-07-12 01:00:00,2537.34692382812,10.9805297851562,3265.52428625556,66.9235916137695
26902,2018-07-12 01:10:00,2722.23901367187,11.4655704498291,3413.19496293468,63.1809387207031
26903,2018-07-12 01:20:00,2852.46704101562,11.6959896087646,3466.55080455709,62.7262001037597
26904,2018-07-12 01:30:00,2714.87890625,11.5265703201293,3428.31690304261,64.3901596069335
26905,2018-07-12 01:40:00,2439.27294921875,10.500690460205,3066.1171476547,58.2181816101074
26906,2018-07-12 01:50:00,2172.27294921875,9.9452486038208,2757.58652842102,57.1459197998046
26907,2018-07-12 02:00:00,2095.19995117187,9.71379280090332,2600.91304071092,56.200870513916
26908,2018-07-12 02:10:00,2076.67797851562,9.46532726287841,2447.22574482039,55.1454887390136
26909,2018-07-12 02:20:00,2101.32495117187,9.57527446746826,2498.44531769461,55.6809196472167
26910,2018-07-12 02:30:00,1361.32397460937,7.92466878890991,1487.15716477944,49.8521995544433
26911,2018-07-12 02:40:00,1613.77294921875,8.51793766021728,1839.06657394232,46.5259895324707
26912,2018-07-12 02:50:00,1983.58898925781,9.19714069366455,2271.77558667757,48.05126953125
26913,2018-07-12 03:00:00,1744.46704101562,8.85111236572265,2048.48731098406,53.7281494140625
26914,2018-07-12 03:10:00,1784.00500488281,8.8423261642456,2042.88366343041,40.7657203674316
26915,2018-07-12 03:20:00,2043.22900390625,9.50964260101318,2447.51452604704,39.9115104675292
26916,2018-07-12 03:30:00,1983.89404296875,9.13894081115722,2233.91823825144,39.6895294189453
26917,2018-07-12 03:40:00,2040.64196777343,9.63050842285156,2540.11117144049,46.5388107299804
26918,2018-07-12 03:50:00,2047.60095214843,9.35250091552734,2373.25286626258,39.3693389892578
26919,2018-07-12 04:00:00,2385.35693359375,10.0788602828979,2840.16836347315,34.2887687683105
26920,2018-07-12 04:10:00,1989.65100097656,9.07184696197509,2190.40718186483,47.5335693359375
26921,2018-07-12 04:20:00,2094.35009765625,9.21276092529296,2281.95241051774,48.5290489196777
26922,2018-07-12 04:30:00,1918.59594726562,9.05369758605957,2178.66370304631,53.9273414611816
26923,2018-07-12 04:40:00,2083.25805664062,9.17066192626953,2254.53965084867,36.8470611572265
26924,2018-07-12 04:50:00,1730.99499511718,8.56857585906982,1870.44750343322,45.2054100036621
26925,2018-07-12 05:00:00,2327.294921875,9.7647008895874,2636.90334878847,45.9295806884765
26926,2018-07-12 05:10:00,2195.5849609375,9.50132274627685,2440.94655387548,47.6164588928222
26927,2018-07-12 05:20:00,2530.876953125,10.4745302200317,3053.55699268013,48.0567512512207
26928,2018-07-12 05:30:00,1847.80297851562,8.81186199188232,2023.48450464392,45.4254112243652
26929,2018-07-12 05:40:00,1987.20397949218,9.1442756652832,2237.38421144429,52.9174690246582
26930,2018-07-12 05:50:00,1935.36804199218,9.01894569396972,2156.2115718586,47.7638893127441
26931,2018-07-12 06:00:00,1773.61303710937,8.67800045013427,1938.83999878931,38.0501899719238
26932,2018-07-12 06:10:00,1940.45397949218,8.94005966186523,2105.42381199592,37.407371520996
26933,2018-07-12 06:20:00,1642.86206054687,8.49400520324707,1824.29813991838,40.8317413330078
26934,2018-07-12 06:30:00,1562.1689453125,8.20536994934082,1649.70471680796,42.7246398925781
26935,2018-07-12 06:40:00,1340.35400390625,7.73477315902709,1381.96883463903,35.9965209960937
26936,2018-07-12 06:50:00,1711.01599121093,8.44801712036132,1796.03657622971,31.5944995880126
26937,2018-07-12 07:00:00,1901.74499511718,9.10593795776367,2212.49684346631,32.4307098388671
26938,2018-07-12 07:10:00,1906.40600585937,8.96057796478271,2118.60875710334,33.526138305664
26939,2018-07-12 07:20:00,2002.51000976562,9.33625698089599,2362.6189031703,33.7848396301269
26940,2018-07-12 07:30:00,1645.28198242187,8.56446456909179,1867.8931231101,32.1748313903808
26941,2018-07-12 07:40:00,1499.98803710937,8.34495258331298,1733.28714127527,29.9641609191894
26942,2018-07-12 07:50:00,1341.52294921875,7.76987600326538,1401.09762208778,28.0058403015136
26943,2018-07-12 08:00:00,1498.36694335937,8.38651466369628,1758.49088288269,25.5803108215332
26944,2018-07-12 08:10:00,1383.42199707031,8.00875186920166,1535.01252299895,26.4810905456542
26945,2018-07-12 08:20:00,1570.43005371093,8.41405582427978,1775.26788342698,23.8691997528076
26946,2018-07-12 08:30:00,1474.98205566406,8.25254726409912,1677.76524956764,22.8722591400146
26947,2018-07-12 08:40:00,1392.7939453125,8.01382446289062,1537.92332959914,19.7435493469238
26948,2018-07-12 08:50:00,1492.97900390625,8.31567955017089,1715.62029029789,20.2714290618896
26949,2018-07-12 09:00:00,1600.89904785156,8.53676700592041,1850.71450748146,19.577730178833
26950,2018-07-12 09:10:00,1709.91198730468,8.76301193237304,1992.47905026144,23.3747901916503
26951,2018-07-12 09:20:00,1715.98999023437,8.80047416687011,2016.24520192173,20.6079406738281
26952,2018-07-12 09:30:00,1878.5830078125,9.16976928710937,2253.95895006081,20.1046905517578
26953,2018-07-12 09:40:00,1905.15600585937,9.31359100341796,2347.78901117071,23.0779991149902
26954,2018-07-12 09:50:00,1562.84497070312,8.40840244293212,1771.81922521681,23.7018394470214
26955,2018-07-12 10:00:00,1599.94494628906,8.70902824401855,1958.36868361957,27.8374290466308
26956,2018-07-12 10:10:00,1316.3330078125,7.89912414550781,1472.76921496705,25.8126602172851
26957,2018-07-12 10:20:00,1203.42395019531,7.65946722030639,1341.43843659436,28.5231304168701
26958,2018-07-12 10:30:00,1441.19897460937,8.20365047454833,1648.68577140158,28.909740447998
26959,2018-07-12 10:40:00,1575.20202636718,8.47515869140625,1812.69731803411,27.5877990722656
26960,2018-07-12 10:50:00,1547.55102539062,8.48974418640136,1821.67303991352,26.8641891479492
26961,2018-07-12 11:00:00,1559.98498535156,8.46673393249511,1807.51995247485,27.0734405517578
26962,2018-07-12 11:10:00,1344.04797363281,7.88160419464111,1462.94275568335,23.8926200866699
26963,2018-07-12 11:20:00,1440.94201660156,8.13741207122802,1609.64132445341,26.8924293518066
26964,2018-07-12 11:30:00,1292.07702636718,7.862548828125,1452.2940178064,29.3593692779541
26965,2018-07-12 11:40:00,1216.27795410156,7.65309000015258,1338.03853476328,30.6972103118896
26966,2018-07-12 11:50:00,1495.46594238281,8.37842369079589,1753.57354395964,29.9216804504394
26967,2018-07-12 12:00:00,1576.79797363281,8.49025344848632,1821.98671352769,30.3490200042724
26968,2018-07-12 12:10:00,1225.0419921875,7.79143619537353,1412.91923673188,30.0642108917236
26969,2018-07-12 12:20:00,1310.37902832031,7.81226587295532,1424.39211914274,30.31955909729
26970,2018-07-12 12:30:00,1359.21398925781,7.93192911148071,1491.25952716214,29.5977096557617
26971,2018-07-12 12:40:00,1032.79699707031,7.32408618927001,1168.82186161662,27.6795692443847
26972,2018-07-12 12:50:00,1178.89794921875,7.67997598648071,1352.40691986594,29.5509300231933
26973,2018-07-12 13:00:00,826.155090332031,6.82105016708374,937.425710646008,34.4031181335449
26974,2018-07-12 13:10:00,1124.06701660156,7.5312910079956,1274.10790201152,31.7029800415039
26975,2018-07-12 13:20:00,844.702819824218,6.85747718811035,953.099761393342,33.6986503601074
26976,2018-07-12 13:30:00,810.477416992187,6.73253202438354,899.99732013914,34.972240447998
26977,2018-07-12 13:40:00,1090.36401367187,7.51252317428588,1264.43077401331,38.0227012634277
26978,2018-07-12 13:50:00,1143.46801757812,7.62094688415527,1320.98047244417,39.2727088928222
26979,2018-07-12 14:00:00,1140.47802734375,7.57451581954956,1296.57444405236,37.8082084655761
26980,2018-07-12 14:10:00,1347.48901367187,7.99551820755004,1527.43120130362,36.054889678955
26981,2018-07-12 14:20:00,1527.1669921875,8.32417392730712,1720.73948976223,35.3139114379882
26982,2018-07-12 14:30:00,1459.10400390625,8.19950771331787,1646.23191333199,34.7256889343261
26983,2018-07-12 14:40:00,1498.88000488281,8.2857961654663,1697.65916029844,33.8136901855468
26984,2018-07-12 14:50:00,1895.14099121093,9.02806186676025,2162.09682814499,33.8394088745117
26985,2018-07-12 15:00:00,1828.08203125,9.07083702087402,2189.75339368291,34.9358901977539
26986,2018-07-12 15:10:00,1818.03100585937,8.98824405670166,2136.41507397216,36.1092910766601
26987,2018-07-12 15:20:00,2082.43505859375,9.46476745605468,2446.85831876157,35.6331100463867
26988,2018-07-12 15:30:00,2198.69995117187,9.88397121429443,2717.82242915871,38.2218399047851
26989,2018-07-12 15:40:00,1644.83801269531,8.46828079223632,1808.47016905938,34.6652107238769
26990,2018-07-12 15:50:00,1659.80297851562,8.65302562713623,1923.16330898335,36.8364486694335
26991,2018-07-12 16:00:00,1613.71801757812,8.65314483642578,1923.23804525396,37.8359794616699
26992,2018-07-12 16:10:00,1772.04296875,8.97577667236328,2128.38693370689,40.3077888488769
26993,2018-07-12 16:20:00,1621.59802246093,8.63335704803466,1910.84460902375,39.0977706909179
26994,2018-07-12 16:30:00,1586.51794433593,8.56208992004394,1866.41825536608,39.8003501892089
26995,2018-07-12 16:40:00,1347.19494628906,8.01088047027587,1536.23365459339,41.828628540039
26996,2018-07-12 16:50:00,1147.2060546875,7.56489610671997,1291.55310515193,44.2519493103027
26997,2018-07-12 17:00:00,914.6328125,7.20520305633544,1111.10452257912,47.4943008422851
26998,2018-07-12 17:10:00,972.024169921875,7.25727605819702,1136.14189509362,46.3481483459472
26999,2018-07-12 17:20:00,1242.06799316406,7.8126368522644,1424.59691064139,50.8398094177246
27000,2018-07-12 17:30:00,1524.88903808593,8.53064155578613,1846.92254076624,51.6176986694335
27001,2018-07-12 17:40:00,1573.27099609375,8.73179054260253,1972.73111851758,55.1139793395996
27002,2018-07-12 17:50:00,1673.63696289062,8.98732852935791,2135.82532014523,55.188850402832
27003,2018-07-12 18:00:00,1729.55200195312,9.08183193206787,2196.87291293846,56.246410369873
27004,2018-07-12 18:10:00,1920.25402832031,9.48822689056396,2462.25840433567,57.4150695800781
27005,2018-07-12 18:20:00,1941.71704101562,9.60937404632568,2524.2962060092,61.0390014648437
27006,2018-07-12 18:30:00,1986.46801757812,9.873384475708,2710.82945691796,63.4744491577148
27007,2018-07-12 18:40:00,1905.60803222656,9.45925903320312,2443.24306962653,64.6984329223632
27008,2018-07-12 18:50:00,1846.68200683593,9.31341171264648,2347.67174467435,67.7755584716796
27009,2018-07-12 19:00:00,1740.001953125,9.11769199371337,2220.12208888212,68.476448059082
27010,2018-07-12 19:10:00,1582.15698242187,8.90932083129882,2085.70592115607,69.8134307861328
27011,2018-07-12 19:20:00,1408.15905761718,8.31321430206298,1714.13572051292,67.5223922729492
27012,2018-07-12 19:30:00,1359.11401367187,8.19239616394042,1642.02322341883,66.2757492065429
27013,2018-07-12 19:40:00,1461.28894042968,8.40227890014648,1768.08656857018,66.6257400512695
27014,2018-07-12 19:50:00,1313.82104492187,8.06340026855468,1566.50981270814,66.9010772705078
27015,2018-07-12 20:00:00,1194.21997070312,7.84986305236816,1445.22748970638,64.0811614990234
27016,2018-07-12 20:10:00,1246.57702636718,7.92700004577636,1488.47379080149,64.5265502929687
27017,2018-07-12 20:20:00,1221.10498046875,7.81152820587158,1423.98495264137,63.4754905700683
27018,2018-07-12 20:30:00,1393.61901855468,8.13695240020751,1609.37180781021,67.2243728637695
27019,2018-07-12 20:40:00,1375.56201171875,8.18098926544189,1635.28219425057,68.4732666015625
27020,2018-07-12 20:50:00,1517.52197265625,8.56273365020751,1866.81803104713,70.1897964477539
27021,2018-07-12 21:00:00,1589.47595214843,8.67958641052246,1939.83679279087,69.6176528930664
27022,2018-07-12 21:10:00,1614.19604492187,8.89186286926269,2074.52639730489,69.524917602539
27023,2018-07-12 21:20:00,1345.58605957031,8.21506977081298,1655.45776687923,70.6395721435546
27024,2018-07-12 21:30:00,1113.9560546875,7.70106983184814,1363.74292936181,73.9031295776367
27025,2018-07-12 21:40:00,709.643188476562,6.77086591720581,916.092345336038,77.3547134399414
27026,2018-07-12 21:50:00,554.814819335937,6.39101886749267,764.016792790289,77.0853424072265
27027,2018-07-12 22:00:00,487.372802734375,6.03014278411865,634.205158762413,78.9216079711914
27028,2018-07-12 22:10:00,291.862701416015,4.6666350364685,258.128411661102,80.9773330688476
27029,2018-07-12 22:20:00,399.266998291015,6.01969003677368,630.653045893096,79.4888229370117
27030,2018-07-12 22:30:00,493.339111328125,6.31699705123901,736.247689003053,66.9520721435546
27031,2018-07-12 22:40:00,490.04638671875,6.13849020004272,671.712152764204,59.1424217224121
27032,2018-07-12 22:50:00,484.881591796875,6.03089714050292,634.461960421358,55.1043891906738
27033,2018-07-12 23:00:00,587.690612792968,6.41432809829711,772.884697037228,53.8560600280761
27034,2018-07-12 23:10:00,701.203308105468,6.72801399230957,898.111716448477,54.9567413330078
27035,2018-07-12 23:20:00,777.488220214843,6.89605093002319,969.872911116347,64.3696365356445
27036,2018-07-12 23:30:00,1008.49401855468,7.69181299209594,1358.76144455424,63.6219215393066
27037,2018-07-12 23:40:00,1067.96105957031,7.78149509429931,1407.46164056018,64.5732727050781
27038,2018-07-12 23:50:00,993.571472167968,7.48084497451782,1248.05208343018,66.6283493041992
27039,2018-07-13 00:00:00,1356.54895019531,8.33053302764892,1724.575782837,60.5197792053222
27040,2018-07-13 00:10:00,1134.08203125,7.94330596923828,1497.69936907617,57.9876594543457
27041,2018-07-13 00:20:00,1190.28100585937,7.9789080619812,1517.9414200505,57.6636695861816
27042,2018-07-13 00:30:00,1290.71398925781,8.36323547363281,1744.35694190539,59.7355003356933
27043,2018-07-13 00:40:00,1345.48901367187,8.08562278747558,1579.40399559775,54.1547317504882
27044,2018-07-13 00:50:00,1520.02294921875,8.64936828613281,1920.87083033633,48.9471282958984
27045,2018-07-13 01:00:00,1617.79504394531,8.79984855651855,2015.84769544156,46.1971206665039
27046,2018-07-13 01:10:00,1653.47998046875,8.8476219177246,2046.26071922638,45.3048095703125
27047,2018-07-13 01:20:00,1974.55505371093,9.1908540725708,2267.6816273324,45.1404800415039
27048,2018-07-13 01:30:00,1867.35705566406,9.10502624511718,2211.90557475171,47.2928810119628
27049,2018-07-13 01:40:00,1621.98498535156,8.5992202758789,1889.52285161376,47.288330078125
27050,2018-07-13 01:50:00,1662.9560546875,8.66258144378662,1929.15696392605,45.7829284667968
27051,2018-07-13 02:00:00,1681.07604980468,8.74547672271728,1981.38105912886,46.4382705688476
27052,2018-07-13 02:10:00,1681.95202636718,8.8346300125122,2037.9784015225,47.3255386352539
27053,2018-07-13 02:20:00,1543.24499511718,8.46340942382812,1805.47834897331,45.7039184570312
27054,2018-07-13 02:30:00,1615.74194335937,8.61806964874267,1901.28683482476,48.2910690307617
27055,2018-07-13 02:40:00,1564.45495605468,8.48015785217285,1815.7719824787,46.6201782226562
27056,2018-07-13 02:50:00,2186.80908203125,9.84867191314697,2694.36330625401,43.9706497192382
27057,2018-07-13 03:00:00,2104.8779296875,9.65825176239013,2560.63324375051,43.937759399414
27058,2018-07-13 03:10:00,2065.40600585937,9.58863353729248,2508.62217354095,44.8521118164062
27059,2018-07-13 03:20:00,2199.2509765625,9.90997123718261,2734.84210859765,45.0566596984863
27060,2018-07-13 03:30:00,2225.55004882812,9.66189670562744,2563.30944463512,43.4060592651367
27061,2018-07-13 03:40:00,2258.93603515625,9.96717739105224,2771.52437325635,44.244831085205
27062,2018-07-13 03:50:00,2162.59301757812,9.69128036499023,2584.71495622365,45.1689109802246
27063,2018-07-13 04:00:00,2153.9140625,9.8503303527832,2695.47460349018,44.824779510498
27064,2018-07-13 04:10:00,2217.85888671875,10.0649003982543,2831.79951525999,43.5340881347656
27065,2018-07-13 04:20:00,2243.6650390625,10.0054502487182,2795.48615859696,43.8894615173339
27066,2018-07-13 04:30:00,2134.98999023437,9.69015884399414,2583.90343643673,45.9313316345214
27067,2018-07-13 04:40:00,1485.53796386718,8.27951908111572,1693.89604743199,42.9702911376953
27068,2018-07-13 04:50:00,1754.28698730468,8.94267177581787,2107.10132792098,39.7806396484375
27069,2018-07-13 05:00:00,1655.14904785156,8.62172317504882,1903.56968047082,32.4186897277832
27070,2018-07-13 05:10:00,1465.38403320312,8.2769718170166,1692.36992919711,34.3509483337402
27071,2018-07-13 05:20:00,1220.89196777343,7.52963685989379,1273.25308228802,34.1359901428222
27072,2018-07-13 05:30:00,1376.78796386718,7.98910284042358,1523.76251916805,36.3233413696289
27073,2018-07-13 05:40:00,1266.18005371093,7.54869413375854,1283.12353914376,31.7545700073242
27074,2018-07-13 05:50:00,1423.125,7.89577579498291,1470.88858588543,34.2035789489746
27075,2018-07-13 06:00:00,1062.21496582031,7.45401811599731,1234.23210547116,34.9653091430664
27076,2018-07-13 06:10:00,912.137329101562,7.03835296630859,1033.34771977766,40.1249313354492
27077,2018-07-13 06:20:00,952.904479980468,7.07575607299804,1050.45908506566,38.6080589294433
27078,2018-07-13 06:30:00,654.318115234375,6.20468807220458,695.245724061805,38.7283897399902
27079,2018-07-13 06:40:00,721.112915039062,6.53635501861572,820.285113429386,37.6360702514648
27080,2018-07-13 06:50:00,787.752075195312,6.69049215316772,882.543816851987,36.2577095031738
27081,2018-07-13 07:00:00,570.386108398437,6.01493215560913,629.040064445991,36.1299400329589
27082,2018-07-13 07:10:00,511.563507080078,5.92258787155151,599.182246264637,27.3426609039306
27083,2018-07-13 07:20:00,578.36328125,6.20241403579711,694.429513891746,28.5550708770751
27084,2018-07-13 07:30:00,472.165008544921,5.84052276611328,572.502039078186,28.930679321289
27085,2018-07-13 07:40:00,615.419372558593,6.25986289978027,715.219450210938,23.8112602233886
27086,2018-07-13 07:50:00,938.346374511718,7.20590209960937,1111.43815362791,26.0591506958007
27087,2018-07-13 08:00:00,1046.79296875,7.3686990737915,1191.00042249945,28.9941005706787
27088,2018-07-13 08:10:00,699.502624511718,6.32589197158813,739.553175311677,31.4141197204589
27089,2018-07-13 08:20:00,885.881286621093,6.61957788467407,853.56491388118,29.5335102081298
27090,2018-07-13 08:30:00,862.4716796875,6.98797893524169,1010.58652268552,28.1797695159912
27091,2018-07-13 08:40:00,584.952209472656,6.11280107498168,662.705816602785,28.4400691986083
27092,2018-07-13 08:50:00,702.002685546875,6.43107223510742,779.29163311968,24.6133499145507
27093,2018-07-13 09:00:00,815.47021484375,6.75100803375244,907.733168618878,23.3820705413818
27094,2018-07-13 09:10:00,886.985778808593,7.01610898971557,1023.25698378688,26.0339393615722
27095,2018-07-13 09:20:00,895.983276367187,6.96693420410156,1001.17296204637,19.8077201843261
27096,2018-07-13 09:30:00,938.497680664062,7.14583301544189,1083.01161200047,24.3101997375488
27097,2018-07-13 09:40:00,799.922973632812,6.7602481842041,911.617029236062,22.4486999511718
27098,2018-07-13 09:50:00,1076.57604980468,7.39569616317749,1204.56283737766,19.2506408691406
27099,2018-07-13 10:00:00,952.208679199218,7.14099788665771,1080.74464455448,19.4104404449462
27100,2018-07-13 10:10:00,896.327026367187,7.07700109481811,1051.0317894231,19.1580295562744
27101,2018-07-13 10:20:00,1062.39794921875,7.46335077285766,1239.02739850373,18.6930408477783
27102,2018-07-13 10:30:00,827.68310546875,6.9014720916748,972.244793083492,20.0011596679687
27103,2018-07-13 10:40:00,1156.68298339843,7.65606594085693,1339.62446707299,15.7809801101684
27104,2018-07-13 10:50:00,1161.05297851562,7.62495994567871,1323.10297214503,10.7838096618652
27105,2018-07-13 11:00:00,1415.15100097656,8.13134574890136,1606.08610903157,12.7969903945922
27106,2018-07-13 11:10:00,1225.66198730468,7.74421787261962,1387.10105176037,12.4814300537109
27107,2018-07-13 11:20:00,1123.90002441406,7.58286809921264,1300.94405415082,12.4131898880004
27108,2018-07-13 11:30:00,1192.43505859375,7.73967409133911,1384.63063680081,13.1528902053833
27109,2018-07-13 11:40:00,1390.63305664062,8.16376018524169,1625.12331307151,12.805359840393
27110,2018-07-13 11:50:00,1127.84594726562,7.6024842262268,1311.24228730399,13.7937097549438
27111,2018-07-13 12:00:00,1389.96203613281,8.20510673522949,1649.54872105488,12.6210298538208
27112,2018-07-13 12:10:00,1248.90295410156,7.86142396926879,1451.66668721826,13.9397096633911
27113,2018-07-13 12:20:00,1274.67895507812,7.87435913085937,1458.8891886046,11.8574199676513
27114,2018-07-13 12:30:00,1403.39599609375,8.19787120819091,1645.26300278546,12.9860696792602
27115,2018-07-13 12:40:00,1419.19201660156,8.22675514221191,1662.39973371359,11.0844097137451
27116,2018-07-13 12:50:00,1361.83996582031,8.07734966278076,1574.59795400397,10.9054203033447
27117,2018-07-13 13:00:00,1552.30395507812,8.36776542663574,1747.10389495503,10.8931798934936
27118,2018-07-13 13:10:00,1732.40002441406,8.75070285797119,1984.68687233168,12.4352397918701
27119,2018-07-13 13:20:00,1895.4169921875,9.27290821075439,2321.19726139371,14.4717397689819
27120,2018-07-13 13:30:00,1706.59704589843,8.93676280975341,2103.30698009122,15.6926698684692
27121,2018-07-13 13:40:00,1789.57897949218,9.13529300689697,2231.54882468056,17.7555103302001
27122,2018-07-13 13:50:00,1775.33605957031,8.98970317840576,2137.35506471938,22.0093307495117
27123,2018-07-13 14:00:00,1727.86804199218,8.80904293060302,2021.69177971931,25.1341705322265
27124,2018-07-13 14:10:00,1947.61303710937,9.25344181060791,2308.48624477821,22.7056293487548
27125,2018-07-13 14:20:00,1338.44604492187,7.98506116867065,1521.45346628437,24.4612102508544
27126,2018-07-13 14:30:00,1796.29296875,9.0303201675415,2163.55524382583,25.2393493652343
27127,2018-07-13 14:40:00,1708.27905273437,8.89034938812255,2073.55788086553,25.785509109497
27128,2018-07-13 14:50:00,1808.80004882812,9.07734680175781,2193.96815052257,26.2664203643798
27129,2018-07-13 15:00:00,1785.4990234375,8.9924726486206,2139.13944194819,26.1755199432373
27130,2018-07-13 15:10:00,2096.52099609375,9.84258079528808,2690.27397051183,26.0999698638916
27131,2018-07-13 15:20:00,1815.14697265625,9.13880157470703,2233.82779027154,27.3414497375488
27132,2018-07-13 15:30:00,1729.28894042968,8.85270977020263,2049.5065127524,32.1257095336914
27133,2018-07-13 15:40:00,1625.47094726562,8.53591346740722,1850.18596647943,33.0634803771972
27134,2018-07-13 15:50:00,1919.22595214843,9.18563079833984,2264.2809729734,32.6302490234375
27135,2018-07-13 16:00:00,2053.96606445312,9.32259178161621,2353.67685452945,31.0548000335693
27136,2018-07-13 16:10:00,2057.03393554687,9.39339447021484,2400.04327162622,32.3131217956542
27137,2018-07-13 16:20:00,2472.09106445312,10.1232795715332,2866.4021941356,29.2632694244384
27138,2018-07-13 16:30:00,2576.44409179687,10.7459001541137,3175.15050581631,30.1954402923583
27139,2018-07-13 16:40:00,2536.00610351562,10.4460496902465,3039.6728857782,30.5958309173583
27140,2018-07-13 16:50:00,2655.54809570312,10.6794700622558,3147.13112591691,28.3141803741455
27141,2018-07-13 17:00:00,2726.34204101562,10.9942798614501,3270.41866118589,28.9969692230224
27142,2018-07-13 17:10:00,2717.73803710937,11.0978202819824,3305.89683310568,30.135290145874
27143,2018-07-13 17:20:00,2514.88793945312,10.657859802246,3137.77688115851,28.8140792846679
27144,2018-07-13 17:30:00,2255.73291015625,10.0373497009277,2815.10719591957,27.5163307189941
27145,2018-07-13 17:40:00,1695.96105957031,8.73730182647705,1976.21308198805,32.1724510192871
27146,2018-07-13 17:50:00,1797.21801757812,9.103196144104,2210.71879149658,36.7382202148437
27147,2018-07-13 18:00:00,1556.22900390625,8.62859058380126,1907.86298476336,40.3180885314941
27148,2018-07-13 18:10:00,1467.73999023437,8.46019268035888,1803.5037069411,39.4332809448242
27149,2018-07-13 18:20:00,1607.00695800781,8.71934032440185,1964.87162760312,36.6503715515136
27150,2018-07-13 18:30:00,1405.6689453125,8.26607131958007,1685.84555379307,31.7107505798339
27151,2018-07-13 18:40:00,1308.5419921875,7.96179294586181,1508.19354473324,30.8884201049804
27152,2018-07-13 18:50:00,1187.39099121093,7.7863597869873,1410.1308704876,33.9316101074218
27153,2018-07-13 19:00:00,1480.41296386718,8.48584747314453,1819.2735324478,36.9058609008789
27154,2018-07-13 19:10:00,1547.51000976562,8.54926967620849,1858.46239419947,35.2087287902832
27155,2018-07-13 19:20:00,1355.875,8.11281299591064,1595.24669580442,34.5687103271484
27156,2018-07-13 19:30:00,1266.69995117187,7.8842339515686,1464.41553797616,34.984130859375
27157,2018-07-13 19:40:00,1194.32702636718,7.7945818901062,1414.64861995357,33.4272804260253
27158,2018-07-13 19:50:00,1183.38598632812,7.77481603622436,1403.80142828284,35.264850616455
27159,2018-07-13 20:00:00,1103.63598632812,7.67207622528076,1348.17574549582,36.9239883422851
27160,2018-07-13 20:10:00,1365.02099609375,8.16082000732421,1623.39244303467,35.2264709472656
27161,2018-07-13 20:20:00,1483.84802246093,8.54878997802734,1858.16492659275,38.7826309204101
27162,2018-07-13 20:30:00,1799.42395019531,9.18683433532714,2265.06447763583,38.5448989868164
27163,2018-07-13 20:40:00,1885.7490234375,9.29237270355224,2333.91557140191,40.5820083618164
27164,2018-07-13 20:50:00,1244.60705566406,7.9784197807312,1517.66289140637,36.4363708496093
27165,2018-07-13 21:00:00,1027.42297363281,7.49407815933227,1254.9098812533,38.6101188659667
27166,2018-07-13 21:10:00,1092.82604980468,7.60349416732788,1311.77384669482,36.610610961914
27167,2018-07-13 21:20:00,882.623107910156,7.09048604965209,1057.24779067405,39.8367805480957
27168,2018-07-13 21:30:00,786.879272460937,6.82923507690429,940.933646436301,38.7024803161621
27169,2018-07-13 21:40:00,868.870178222656,7.14841079711914,1084.2214934353,34.1288604736328
27170,2018-07-13 21:50:00,875.312316894531,7.13963985443115,1080.10848870685,35.2346611022949
27171,2018-07-13 22:00:00,690.249084472656,6.60407495498657,847.30620592477,35.6571807861328
27172,2018-07-13 22:10:00,624.391784667968,6.40545177459716,769.50073381788,40.1048889160156
27173,2018-07-13 22:20:00,484.466705322265,6.08316278457641,652.402557496616,40.5615196228027
27174,2018-07-13 22:30:00,588.295593261718,6.44031620025634,782.841898035889,35.8179206848144
27175,2018-07-13 22:40:00,580.328674316406,6.37537384033203,758.097963688426,39.5335884094238
27176,2018-07-13 22:50:00,536.317016601562,6.0568470954895,643.333003428676,43.0923614501953
27177,2018-07-13 23:00:00,504.6875,6.11141920089721,662.223345064302,43.9512481689453
27178,2018-07-13 23:10:00,472.393402099609,6.05901288986206,644.076638126428,39.5745697021484
27179,2018-07-13 23:20:00,405.447998046875,5.61760377883911,503.475622067194,46.3044509887695
27180,2018-07-13 23:30:00,453.112487792968,5.97785091400146,617.548170109051,48.7931289672851
27181,2018-07-13 23:40:00,555.027526855468,6.25802898406982,714.550303363561,45.5372810363769
27182,2018-07-13 23:50:00,502.191101074218,6.17226505279541,683.660627141372,40.3457107543945
27183,2018-07-14 00:00:00,581.365173339843,6.43087005615234,779.214088502786,35.7230110168457
27184,2018-07-14 00:10:00,563.557678222656,6.31173419952392,734.295963577966,41.112449645996
27185,2018-07-14 00:20:00,503.682312011718,6.01752090454101,629.917382583665,30.2334003448486
27186,2018-07-14 00:30:00,397.395111083984,5.72618198394775,536.480231976447,33.1869316101074
27187,2018-07-14 00:40:00,520.284301757812,6.28311920166015,723.736459406762,27.8434391021728
27188,2018-07-14 00:50:00,606.331420898437,6.19720077514648,692.560432121233,23.1098499298095
27189,2018-07-14 01:00:00,795.68701171875,6.72251987457275,895.821955243741,22.5187797546386
27190,2018-07-14 01:10:00,989.704895019531,7.20299100875854,1110.04922401022,16.094310760498
27191,2018-07-14 01:20:00,1087.0830078125,7.61693477630615,1318.86054198054,20.9987392425537
27192,2018-07-14 01:30:00,928.928771972656,7.06494188308715,1045.49310477812,17.6089496612548
27193,2018-07-14 01:40:00,1065.44799804687,7.28941202163696,1151.78209720783,18.2995796203613
27194,2018-07-14 01:50:00,1104.12194824218,7.42877292633056,1221.32681582512,17.2330493927001
27195,2018-07-14 02:00:00,1200.88195800781,7.80156517028808,1418.49190179547,16.4476890563964
27196,2018-07-14 02:10:00,1179.66796875,7.77033996582031,1401.35143747897,14.2307500839233
27197,2018-07-14 02:20:00,663.335815429687,6.59292411804199,842.821336097712,19.8074607849121
27198,2018-07-14 02:30:00,573.609924316406,6.17419910430908,684.348527690823,22.4313602447509
27199,2018-07-14 02:40:00,552.526611328125,6.27280902862548,719.953442538587,21.3294105529785
27200,2018-07-14 02:50:00,730.029602050781,6.68323183059692,879.55034670071,18.3976402282714
27201,2018-07-14 03:00:00,963.449584960937,6.81553077697753,935.064714337008,27.1871109008789
27202,2018-07-14 03:10:00,821.01318359375,6.82546615600585,939.317341610167,19.8659706115722
27203,2018-07-14 03:20:00,772.998474121093,6.78249311447143,921.008430107088,22.2103691101074
27204,2018-07-14 03:30:00,593.216186523437,6.11493587493896,663.45156797752,20.8425998687744
27205,2018-07-14 03:40:00,338.096984863281,5.27005386352539,405.219276303873,26.1477108001708
27206,2018-07-14 03:50:00,499.3671875,6.04264497756958,638.469065925851,26.1076602935791
27207,2018-07-14 04:00:00,331.303497314453,5.32879209518432,421.07052608244,28.7472190856933
27208,2018-07-14 04:10:00,242.232696533203,4.89064598083496,309.582398382025,30.0399303436279
27209,2018-07-14 04:20:00,306.026611328125,5.13642501831054,370.235503045453,31.879409790039
27210,2018-07-14 04:30:00,435.517700195312,5.76725482940673,549.267962710045,33.0327987670898
27211,2018-07-14 04:40:00,456.1376953125,5.91117000579833,595.428022495264,31.1159191131591
27212,2018-07-14 04:50:00,369.074310302734,5.299485206604,413.124784019731,28.1089706420898
27213,2018-07-14 05:00:00,308.044494628906,4.99209117889404,334.059039517824,29.7925491333007
27214,2018-07-14 05:10:00,187.766296386718,4.17496681213378,156.18745112201,32.3629417419433
27215,2018-07-14 05:20:00,305.495086669921,5.25253677368164,400.548895560648,20.2100105285644
27216,2018-07-14 05:30:00,327.122314453125,5.29922199249267,413.053755158635,23.9165000915527
27217,2018-07-14 05:40:00,325.411804199218,5.25497198104858,401.196618977518,30.3377704620361
27218,2018-07-14 05:50:00,588.284301757812,6.23940086364746,707.773891956573,30.609619140625
27219,2018-07-14 06:00:00,329.466613769531,5.32320880889892,419.55106875972,26.3014698028564
27220,2018-07-14 06:10:00,325.945007324218,5.29216003417968,411.150282984158,25.1284103393554
27221,2018-07-14 06:20:00,265.854309082031,4.87894487380981,306.807789586738,35.4974708557128
27222,2018-07-14 06:30:00,293.53759765625,5.17391109466552,379.901173408736,28.3130493164062
27223,2018-07-14 06:40:00,385.586395263671,5.47889900207519,462.950254370107,28.5109100341796
27224,2018-07-14 06:50:00,262.923706054687,4.94629383087158,322.914558781543,19.4596500396728
27225,2018-07-14 07:00:00,163.291900634765,4.38682317733764,198.420534918837,20.0102005004882
27226,2018-07-14 07:10:00,373.945404052734,5.29633522033691,412.275142807027,22.4618701934814
27227,2018-07-14 07:20:00,312.2001953125,5.07061910629272,353.539760457771,21.7584991455078
27228,2018-07-14 07:30:00,240.817596435546,4.80799579620361,290.193711398639,11.5805196762084
27229,2018-07-14 07:40:00,140.216506958007,4.25534677505493,171.932457514415,14.9607496261596
27230,2018-07-14 07:50:00,618.789978027343,6.20382213592529,694.934851908259,19.3496208190917
27231,2018-07-14 08:00:00,432.539794921875,5.84337711334228,573.41828167214,25.9556293487548
27232,2018-07-14 08:10:00,438.497314453125,5.67023801803588,519.331370306041,18.657859802246
27233,2018-07-14 08:20:00,467.170989990234,5.67473602294921,520.69882271901,17.9318809509277
27234,2018-07-14 08:30:00,467.212188720703,5.81192302703857,563.367711206262,13.3700103759765
27235,2018-07-14 08:40:00,599.953918457031,6.29185819625854,726.951950058363,14.2700099945068
27236,2018-07-14 08:50:00,352.344299316406,5.30705404281616,415.169788848738,18.9000205993652
27237,2018-07-14 09:00:00,506.737396240234,6.04451704025268,639.108976081735,9.61811161041259
27238,2018-07-14 09:10:00,361.322387695312,5.33250093460083,422.081354702579,15.3921499252319
27239,2018-07-14 09:20:00,208.424896240234,4.77114105224609,281.702967577846,16.0796604156494
27240,2018-07-14 09:30:00,350.48208618164,5.43561887741088,450.668772509903,11.0673398971557
27241,2018-07-14 09:40:00,359.30239868164,5.39250898361206,438.603084063291,13.3935203552246
27242,2018-07-14 09:50:00,350.162292480468,5.26673698425292,404.332946685306,9.34088802337646
27243,2018-07-14 10:00:00,460.70458984375,5.77050685882568,550.287676552025,12.2625398635864
27244,2018-07-14 10:10:00,481.645812988281,5.84097099304199,572.645863965134,8.64884567260742
27245,2018-07-14 10:20:00,473.827209472656,5.74806594848632,543.272666656928,10.6990804672241
27246,2018-07-14 10:30:00,829.900512695312,6.73955917358398,902.934850699908,355.28921508789
27247,2018-07-14 10:40:00,649.161987304687,6.12375593185424,666.537848176495,9.91965770721435
27248,2018-07-14 10:50:00,828.425720214843,6.96212005615234,999.027366592373,13.3008203506469
27249,2018-07-14 11:00:00,936.789672851562,7.08160877227783,1053.1530608298,14.520239830017
27250,2018-07-14 11:10:00,877.973693847656,7.04367208480834,1035.77009705492,8.68329620361328
27251,2018-07-14 11:20:00,695.221374511718,6.64663505554199,864.553745407885,11.5630197525024
27252,2018-07-14 11:30:00,822.444519042968,6.81365013122558,934.261075056036,6.32628679275512
27253,2018-07-14 11:40:00,1365.24499511718,8.09053516387939,1582.26089701653,10.5052995681762
27254,2018-07-14 11:50:00,1328.7919921875,7.98847198486328,1523.40199148738,7.80969905853271
27255,2018-07-14 12:00:00,1611.81701660156,8.6745548248291,1936.67491014026,10.0669298171997
27256,2018-07-14 12:10:00,1662.38903808593,8.75094890594482,1984.8425487248,13.8410100936889
27257,2018-07-14 12:20:00,1613.42004394531,8.57170391082763,1872.39175505931,11.6425104141235
27258,2018-07-14 12:30:00,1298.16296386718,7.77698707580566,1404.99060819355,11.3110103607177
27259,2018-07-14 12:40:00,1062.97705078125,7.32073402404785,1167.16701363083,4.30896091461181
27260,2018-07-14 12:50:00,1223.29504394531,7.79301500320434,1413.78706015467,9.32056045532226
27261,2018-07-14 13:00:00,1423.62194824218,8.28306484222412,1696.02131570099,11.100040435791
27262,2018-07-14 13:10:00,1582.53100585937,8.53297710418701,1848.36805541694,8.63199520111083
27263,2018-07-14 13:20:00,1648.11096191406,8.59734630584716,1888.35456576533,11.2672500610351
27264,2018-07-14 13:30:00,1849.26403808593,9.20292377471923,2275.54258794045,10.3994598388671
27265,2018-07-14 13:40:00,1771.90002441406,9.13142204284667,2229.03491494906,12.0021696090698
27266,2018-07-14 13:50:00,1585.01000976562,8.64425659179687,1917.66814040363,12.695309638977
27267,2018-07-14 14:00:00,1476.76599121093,8.18199157714843,1635.87404060207,9.01632499694824
27268,2018-07-14 14:10:00,1330.71301269531,7.93599414825439,1493.5589256277,11.5417003631591
27269,2018-07-14 14:20:00,1149.41198730468,7.63542222976684,1328.6461342206,11.8006200790405
27270,2018-07-14 14:30:00,1037.70202636718,7.5144190788269,1265.40619084367,18.8828792572021
27271,2018-07-14 14:40:00,1325.32800292968,8.03059959411621,1547.56825388126,24.1739692687988
27272,2018-07-14 14:50:00,1559.54797363281,8.49951553344726,1827.6948569189,25.5021896362304
27273,2018-07-14 15:00:00,1791.67602539062,9.04065895080566,2170.23452045601,27.1400203704833
27274,2018-07-14 15:10:00,1775.97399902343,9.05801963806152,2181.45919065834,27.5349006652832
27275,2018-07-14 15:20:00,1245.10998535156,7.71990489959716,1373.91137243539,29.5739498138427
27276,2018-07-14 15:30:00,984.620788574218,7.21495008468627,1115.76251945836,31.5241508483886
27277,2018-07-14 15:40:00,1297.5810546875,7.84739923477172,1443.85715250161,32.5115394592285
27278,2018-07-14 15:50:00,1153.52600097656,7.60129880905151,1310.61853853115,27.8787899017333
27279,2018-07-14 16:00:00,1049.20202636718,7.34285402297973,1178.11680115291,29.6733608245849
27280,2018-07-14 16:10:00,1114.88195800781,7.453782081604,1234.1109983941,27.9027500152587
27281,2018-07-14 16:20:00,994.981323242187,7.17587518692016,1097.16738333556,30.6224002838134
27282,2018-07-14 16:30:00,1065.68505859375,7.41130590438842,1212.45383232561,28.6939392089843
27283,2018-07-14 16:40:00,1029.77001953125,7.35651206970214,1184.91313843571,31.5334796905517
27284,2018-07-14 16:50:00,941.94921875,7.07660102844238,1050.8477386571,29.1245803833007
27285,2018-07-14 17:00:00,1222.07897949218,7.73943901062011,1384.50289315252,27.1744899749755
27286,2018-07-14 17:10:00,980.540283203125,7.26140785217285,1138.14465734715,24.0507507324218
27287,2018-07-14 17:20:00,1258.63098144531,7.84367179870605,1441.78532330653,23.0322608947753
27288,2018-07-14 17:30:00,1156.3759765625,7.71708679199218,1372.38720525505,30.3397197723388
27289,2018-07-14 17:40:00,1224.61096191406,7.94458103179931,1498.42198492793,34.2335700988769
27290,2018-07-14 17:50:00,1428.92602539062,8.28028869628906,1694.35724964628,36.9430389404296
27291,2018-07-14 18:00:00,1294.69201660156,7.97081708908081,1513.32935923247,35.4557304382324
27292,2018-07-14 18:10:00,1267.06298828125,7.91861581802368,1483.74138634911,31.4617290496826
27293,2018-07-14 18:20:00,1318.86999511718,8.09129238128662,1582.70148458593,35.501480102539
27294,2018-07-14 18:30:00,1463.14001464843,8.28819274902343,1699.09680414343,31.4258804321289
27295,2018-07-14 18:40:00,1382.5849609375,8.20645332336425,1650.3468525457,34.4628181457519
27296,2018-07-14 18:50:00,1684.51293945312,8.96658325195312,2122.47113200003,36.5683097839355
27297,2018-07-14 19:00:00,1476.19799804687,8.34114646911621,1730.98607186763,37.1512489318847
27298,2018-07-14 19:10:00,1027.92004394531,7.42924785614013,1221.56871173628,39.0841903686523
27299,2018-07-14 19:20:00,1160.89794921875,7.72589302062988,1377.15324724732,36.1657600402832
27300,2018-07-14 19:30:00,1345.54699707031,8.00348472595214,1531.99289486658,37.7530708312988
27301,2018-07-14 19:40:00,1307.23095703125,7.93700504302978,1494.13101835007,37.0444412231445
27302,2018-07-14 19:50:00,1439.39599609375,8.21464538574218,1655.20588230604,37.6139106750488
27303,2018-07-14 20:00:00,1320.10498046875,7.91365480422973,1480.94479798286,37.4330291748046
27304,2018-07-14 20:10:00,1402.35803222656,8.05359363555908,1560.83535971016,36.3579788208007
27305,2018-07-14 20:20:00,1164.376953125,7.73023986816406,1379.50929325057,42.3940696716308
27306,2018-07-14 20:30:00,1427.05395507812,8.1843729019165,1637.2805403758,38.7572593688964
27307,2018-07-14 20:40:00,1107.89697265625,7.43901681900024,1226.55186686803,42.1187591552734
27308,2018-07-14 20:50:00,1277.15600585937,7.98639297485351,1522.21415306366,42.8475494384765
27309,2018-07-14 21:00:00,1345.6689453125,7.96756315231323,1511.47648451692,46.5197792053222
27310,2018-07-14 21:10:00,1067.26196289062,7.54162216186523,1279.45505188234,45.2003288269042
27311,2018-07-14 21:20:00,1160.71301269531,7.69354486465454,1359.69263147114,46.4270401000976
27312,2018-07-14 21:30:00,1055.29504394531,7.52418994903564,1270.4408587386,49.9848899841308
27313,2018-07-14 21:40:00,812.713684082031,6.9805941581726,1007.27686469191,58.8681907653808
27314,2018-07-14 21:50:00,937.902770996093,7.23475503921508,1125.26739973755,65.2554931640625
27315,2018-07-14 22:00:00,1238.64794921875,7.98326587677001,1520.42834534559,66.2703170776367
27316,2018-07-14 22:10:00,1181.06701660156,7.88823223114013,1466.65623040414,61.82612991333
27317,2018-07-14 22:20:00,1064.28796386718,7.57034492492675,1294.39580806342,69.6584396362304
27318,2018-07-14 22:30:00,927.892578125,7.17918300628662,1098.73346425599,64.347671508789
27319,2018-07-14 22:40:00,674.261413574218,6.49922513961791,805.687837540045,59.1333389282226
27320,2018-07-14 22:50:00,647.489013671875,6.50730991363525,808.853225980834,61.8311500549316
27321,2018-07-14 23:00:00,627.057495117187,6.66576099395751,872.371952024326,56.1297912597656
27322,2018-07-14 23:10:00,590.74267578125,6.38406419754028,761.382407134268,49.5511093139648
27323,2018-07-14 23:20:00,546.289916992187,6.27774810791015,721.764264297755,51.6277198791503
27324,2018-07-14 23:30:00,437.191314697265,5.80820989608764,562.187926920484,40.9378204345703
27325,2018-07-14 23:40:00,254.06509399414,5.06396198272705,351.869797711118,45.8312911987304
27326,2018-07-14 23:50:00,546.642517089843,6.24213504791259,708.766179714473,50.1246299743652
27327,2018-07-15 00:00:00,794.2197265625,7.00535202026367,1018.39990264178,49.1921997070312
27328,2018-07-15 00:10:00,823.093017578125,6.93989086151123,989.157749432963,46.6586112976074
27329,2018-07-15 00:20:00,711.283325195312,6.70511484146118,888.591350325223,40.071979522705
27330,2018-07-15 00:30:00,274.327911376953,5.09410715103149,359.459588828648,39.2269592285156
27331,2018-07-15 00:40:00,342.276306152343,5.6388611793518,509.847085900217,40.3283195495605
27332,2018-07-15 00:50:00,321.784484863281,5.52145290374755,475.192433282326,38.5828514099121
27333,2018-07-15 01:00:00,312.867095947265,5.59722423553466,497.407912346682,32.5057296752929
27334,2018-07-15 01:10:00,303.191986083984,5.50500583648681,470.441071354781,24.4382801055908
27335,2018-07-15 01:20:00,308.040405273437,5.40407800674438,441.824782259986,24.2898197174072
27336,2018-07-15 01:30:00,254.120407104492,5.28011989593505,407.914806812767,22.7818508148193
27337,2018-07-15 01:40:00,77.4033203125,3.84369111061096,99.9432907494675,30.2073192596435
27338,2018-07-15 01:50:00,-0.139466896653175,2.75820994377136,0.0,34.1595497131347
27339,2018-07-15 02:00:00,0.0,3.28423595428466,31.5587567537586,22.2337093353271
27340,2018-07-15 02:10:00,0.0,3.63859701156616,69.0595958246158,21.3400497436523
27341,2018-07-15 02:20:00,37.742259979248,4.04568195343017,131.528004521937,17.4092407226562
27342,2018-07-15 02:30:00,47.0976486206054,3.8973228931427,109.129402545205,19.7333507537841
27343,2018-07-15 02:40:00,73.4830169677734,4.18142700195312,157.440823629894,24.5410003662109
27344,2018-07-15 02:50:00,136.795806884765,4.57226991653442,237.455502150059,25.0614204406738
27345,2018-07-15 03:00:00,101.422996520996,4.42087411880493,205.436612798925,23.218240737915
27346,2018-07-15 03:10:00,143.874893188476,4.53430795669555,229.297061750922,21.4866409301757
27347,2018-07-15 03:20:00,182.205902099609,4.74579620361328,275.918149559226,16.1737308502197
27348,2018-07-15 03:30:00,117.967597961425,4.32405519485473,185.657791057288,12.8415203094482
27349,2018-07-15 03:40:00,130.370803833007,4.42364692687988,206.010857134046,5.69005584716796
27350,2018-07-15 03:50:00,100.728897094726,4.14266395568847,149.951098945236,2.50316905975341
27351,2018-07-15 04:00:00,95.0123825073242,4.06821107864379,135.76853137524,358.316802978515
27352,2018-07-15 04:10:00,6.84396600723266,3.49027609825134,50.9184873453678,3.31622695922851
27353,2018-07-15 04:20:00,22.5886993408203,3.52934193611145,55.3551727816639,357.97119140625
27354,2018-07-15 04:30:00,9.27032089233398,2.98062396049499,0.0,357.534790039062
27355,2018-07-15 04:40:00,0.0,2.237065076828,0.0,355.608093261718
27356,2018-07-15 04:50:00,0.0,1.98518097400665,0.0,357.398712158203
27357,2018-07-15 05:00:00,0.0,1.90532600879669,0.0,349.861511230468
27358,2018-07-15 05:10:00,0.0,2.21169710159301,0.0,336.038604736328
27359,2018-07-15 05:20:00,0.0,2.78558611869812,0.0,342.062896728515
27360,2018-07-15 05:30:00,0.0,2.2371609210968,0.0,343.887603759765
27361,2018-07-15 05:40:00,0.0,1.95269095897674,0.0,4.72614383697509
27362,2018-07-15 05:50:00,0.0,2.19036793708801,0.0,323.178497314453
27363,2018-07-15 06:00:00,0.0,2.00324702262878,0.0,320.959686279296
27364,2018-07-15 06:10:00,0.0,2.38158988952636,0.0,336.35708618164
27365,2018-07-15 06:20:00,0.0,2.77856302261352,0.0,323.864288330078
27366,2018-07-15 06:30:00,0.0,2.73581409454345,0.0,332.952514648437
27367,2018-07-15 06:40:00,0.0,3.34449005126953,36.5175532745197,340.562713623046
27368,2018-07-15 06:50:00,48.2296714782714,3.6995038986206,77.5285810906935,344.236694335937
27369,2018-07-15 07:00:00,3.00759410858154,2.86495208740234,0.0,338.303405761718
27370,2018-07-15 07:10:00,0.0,2.07178497314453,0.0,336.528411865234
27371,2018-07-15 07:20:00,0.0,1.9912120103836,0.0,354.122406005859
27372,2018-07-15 07:30:00,0.0,1.97461402416229,0.0,1.47696197032928
27373,2018-07-15 07:40:00,0.0,2.6478259563446,0.0,20.5665893554687
27374,2018-07-15 07:50:00,0.0,2.61354899406433,0.0,6.96750879287719
27375,2018-07-15 08:00:00,0.0,2.26341891288757,0.0,353.587707519531
27376,2018-07-15 08:10:00,0.0,2.47917389869689,0.0,338.886810302734
27377,2018-07-15 08:20:00,0.0,2.83425402641296,0.0,341.18179321289
27378,2018-07-15 08:30:00,0.0,2.74248504638671,0.0,343.840606689453
27379,2018-07-15 08:40:00,0.0,2.98411011695861,0.0,331.673187255859
27380,2018-07-15 08:50:00,0.0,2.81571507453918,0.0,329.151397705078
27381,2018-07-15 09:00:00,0.0,2.6751959323883,0.0,336.366912841796
27382,2018-07-15 09:10:00,0.0,2.72862410545349,0.0,347.582611083984
27383,2018-07-15 09:20:00,0.0,3.01251196861267,16.4129069442906,340.656188964843
27384,2018-07-15 09:30:00,78.1054763793945,4.36881017684936,194.73553601308,349.131896972656
27385,2018-07-15 09:40:00,342.485290527343,5.22461414337158,393.157476721057,350.980987548828
27386,2018-07-15 09:50:00,329.219604492187,5.11793279647827,365.509041654204,349.576385498046
27387,2018-07-15 10:00:00,209.670196533203,4.46251201629638,214.10664097983,359.594512939453
27388,2018-07-15 10:10:00,360.511505126953,5.4037160873413,441.723816200701,346.970489501953
27389,2018-07-15 10:20:00,277.109893798828,5.09643697738647,360.049158079209,352.242309570312
27390,2018-07-15 10:30:00,212.133407592773,4.58154392242431,239.462169170619,341.364105224609
27391,2018-07-15 10:40:00,184.567398071289,4.48662614822387,219.174260725852,343.833709716796
27392,2018-07-15 10:50:00,250.943801879882,4.71563816070556,269.091503868588,353.175811767578
27393,2018-07-15 11:00:00,181.026000976562,4.3689842224121,194.771054352245,350.429412841796
27394,2018-07-15 11:10:00,266.771911621093,4.72748899459838,271.766780618485,13.4504203796386
27395,2018-07-15 11:20:00,451.493103027343,5.76357698440551,548.116010517124,11.2191400527954
27396,2018-07-15 11:30:00,647.176818847656,6.46566200256347,792.624496282216,353.854309082031
27397,2018-07-15 11:40:00,747.902770996093,6.70727109909057,889.485216232658,354.773284912109
27398,2018-07-15 11:50:00,744.494506835937,6.68216085433959,879.109292841351,349.692810058593
27399,2018-07-15 12:00:00,633.172302246093,6.21064615249633,697.386861213398,358.674499511718
27400,2018-07-15 12:10:00,878.6220703125,6.93427515029907,986.674157947651,5.6277060508728
27401,2018-07-15 12:20:00,949.852416992187,7.05976676940917,1043.12202329938,1.39248704910278
27402,2018-07-15 12:30:00,645.629821777343,6.33320808410644,742.278371685339,12.9449701309204
27403,2018-07-15 12:40:00,546.824096679687,5.95239400863647,609.047533002603,18.4789199829101
27404,2018-07-15 12:50:00,699.826782226562,6.52405595779418,815.432836767819,11.2760000228881
27405,2018-07-15 13:00:00,852.171813964843,6.97875118255615,1006.45196614152,13.0503797531127
27406,2018-07-15 13:10:00,597.689575195312,6.24247503280639,708.88962287796,16.2966594696044
27407,2018-07-15 13:20:00,880.302124023437,7.0061068534851,1018.74025058682,15.4134197235107
27408,2018-07-15 13:30:00,1065.53894042968,7.46713876724243,1240.97752837346,13.1676797866821
27409,2018-07-15 13:40:00,1024.52099609375,7.38263082504272,1197.9858488283,11.2422895431518
27410,2018-07-15 13:50:00,1103.49096679687,7.52461814880371,1270.66179264503,12.3547000885009
27411,2018-07-15 14:00:00,1117.12194824218,7.55327796936035,1285.50489153119,9.35712432861328
27412,2018-07-15 14:10:00,1314.62805175781,7.96536779403686,1510.22702580604,9.88199138641357
27413,2018-07-15 14:20:00,1421.67895507812,8.17640113830566,1632.57417705063,10.035400390625
27414,2018-07-15 14:30:00,1292.3330078125,8.03583526611328,1550.58441696952,11.2107801437377
27415,2018-07-15 14:40:00,950.783874511718,7.24743223190307,1131.38001457069,12.9667701721191
27416,2018-07-15 14:50:00,746.174072265625,6.71028518676757,890.735596660534,17.8144092559814
27417,2018-07-15 15:00:00,683.679992675781,6.57236909866333,834.590920931505,20.4769191741943
27418,2018-07-15 15:10:00,917.917907714843,7.1021499633789,1062.64360375751,18.4860095977783
27419,2018-07-15 15:20:00,994.341796875,7.310800075531,1162.2724338055,15.8189601898193
27420,2018-07-15 15:30:00,849.943420410156,6.95987701416015,998.028668095361,21.9232501983642
27421,2018-07-15 15:40:00,643.543579101562,6.43411016464233,780.457354308163,24.1647491455078
27422,2018-07-15 15:50:00,629.209106445312,6.36731004714965,755.057679894746,22.5996894836425
27423,2018-07-15 16:00:00,511.484893798828,6.04110479354858,637.94287967267,22.6696090698242
27424,2018-07-15 16:10:00,502.283294677734,6.01379108428955,628.653586867795,24.9154605865478
27425,2018-07-15 16:20:00,458.265808105468,5.90122604370117,592.169592887146,28.1641502380371
27426,2018-07-15 16:30:00,427.32778930664,5.77535009384155,551.808306105389,34.6147003173828
27427,2018-07-15 16:40:00,378.625610351562,5.61086320877075,501.464327527614,35.7608108520507
27428,2018-07-15 16:50:00,359.049499511718,5.52665090560913,476.699281653952,39.020938873291
27429,2018-07-15 17:00:00,477.812805175781,6.0411148071289,637.946299879037,38.4699897766113
27430,2018-07-15 17:10:00,616.711669921875,6.47334480285644,795.603776558969,36.9408683776855
27431,2018-07-15 17:20:00,582.265075683593,6.31321907043457,734.846323826298,32.6851692199707
27432,2018-07-15 17:30:00,547.829895019531,6.13419818878173,670.202510934198,31.3014297485351
27433,2018-07-15 17:40:00,501.339202880859,6.01303386688232,628.397196373406,33.6466903686523
27434,2018-07-15 17:50:00,526.83251953125,6.18573522567749,688.459995351811,40.6060485839843
27435,2018-07-15 18:00:00,507.953704833984,6.17125511169433,683.301571909734,37.5202598571777
27436,2018-07-15 18:10:00,688.566284179687,6.618332862854,853.061276266474,36.0517501831054
27437,2018-07-15 18:20:00,790.13427734375,6.96082305908203,998.449810984007,31.7749500274658
27438,2018-07-15 18:30:00,899.5458984375,7.16483497619628,1091.95113616664,33.018081665039
27439,2018-07-15 18:40:00,994.931213378906,7.38674592971801,1200.05463999406,32.5317497253417
27440,2018-07-15 18:50:00,1027.92102050781,7.50505590438842,1260.59369679275,30.563570022583
27441,2018-07-15 19:00:00,878.820373535156,7.03381204605102,1031.28262343621,30.5925998687744
27442,2018-07-15 19:10:00,725.250305175781,6.8171682357788,935.764779526737,34.7584609985351
27443,2018-07-15 19:20:00,734.024475097656,6.80916404724121,932.34578558373,33.1646003723144
27444,2018-07-15 19:30:00,553.169372558593,6.21468591690063,698.840784292962,35.3892097473144
27445,2018-07-15 19:40:00,596.452575683593,6.38765478134155,762.74183925914,31.6383209228515
27446,2018-07-15 19:50:00,640.005615234375,6.55261993408203,826.727984072209,29.7121906280517
27447,2018-07-15 20:00:00,742.431518554687,6.73915100097656,902.764065792415,26.8466701507568
27448,2018-07-15 20:10:00,698.960021972656,6.65019989013671,866.007780692703,26.3468399047851
27449,2018-07-15 20:20:00,918.270690917968,7.34612989425659,1179.74442699089,23.7456798553466
27450,2018-07-15 20:30:00,783.125671386718,7.11875820159912,1070.35764845704,23.5025596618652
27451,2018-07-15 20:40:00,646.911071777343,6.50925588607788,809.616206583935,22.2116909027099
27452,2018-07-15 20:50:00,527.60888671875,6.23104810714721,704.747490136952,20.3408794403076
27453,2018-07-15 21:00:00,620.22607421875,6.54282712936401,822.84530384793,18.3757305145263
27454,2018-07-15 21:10:00,586.139770507812,6.35435819625854,750.189256953325,20.1604804992675
27455,2018-07-15 21:20:00,510.95230102539,6.12455606460571,666.818238843857,21.3500709533691
27456,2018-07-15 21:30:00,409.580413818359,5.72831678390502,537.140742525871,21.1757793426513
27457,2018-07-15 21:40:00,304.988708496093,5.31227397918701,416.583014283995,21.0271205902099
27458,2018-07-15 21:50:00,288.401489257812,5.26729393005371,404.481707585657,15.1681499481201
27459,2018-07-15 22:00:00,232.617202758789,4.95203590393066,324.303248384791,16.1767406463623
27460,2018-07-15 22:10:00,280.982299804687,5.31688404083251,417.833072951774,12.2691297531127
27461,2018-07-15 22:20:00,278.850311279296,5.39622497558593,439.636604993332,9.18607997894287
27462,2018-07-15 22:30:00,254.032592773437,5.12042999267578,366.145706978057,5.00372600555419
27463,2018-07-15 22:40:00,170.972595214843,4.59607315063476,242.616773540286,5.33472204208374
27464,2018-07-15 22:50:00,86.8433227539062,4.07165622711181,136.41904896653,1.35821795463562
27465,2018-07-15 23:00:00,31.6233005523681,3.61545300483703,65.9970882478201,5.89721393585205
27466,2018-07-15 23:10:00,45.4805488586425,3.86283111572265,103.168798443861,2.21871995925903
27467,2018-07-15 23:20:00,39.0243988037109,3.72200298309326,80.8071600666299,4.52773523330688
27468,2018-07-15 23:30:00,75.39013671875,4.04304790496826,131.033726487931,3.2036440372467
27469,2018-07-15 23:40:00,164.297302246093,4.67698383331298,260.430474257015,5.0052318572998
27470,2018-07-15 23:50:00,223.489807128906,4.99182415008544,333.993602344647,1.38718700408935
27471,2018-07-16 00:00:00,147.982498168945,4.4965968132019,221.279707627379,357.3828125
27472,2018-07-16 00:10:00,133.975296020507,4.47288084030151,216.28144790095,355.0625
27473,2018-07-16 00:20:00,164.864105224609,4.61867189407348,247.549938876025,353.19970703125
27474,2018-07-16 00:30:00,114.264900207519,4.26091384887695,173.035238769684,351.53189086914
27475,2018-07-16 00:40:00,111.83740234375,4.23703813552856,168.317073625995,349.04409790039
27476,2018-07-16 00:50:00,84.6921615600585,4.02435398101806,127.534831842805,348.480895996093
27477,2018-07-16 01:00:00,54.3916091918945,3.81118297576904,94.599280838811,345.773712158203
27478,2018-07-16 01:10:00,58.1012916564941,3.82250308990478,96.4410055091867,346.315185546875
27479,2018-07-16 01:20:00,13.0917997360229,3.3432240486145,36.4073893594505,350.571014404296
27480,2018-07-16 01:30:00,0.0,3.24784207344055,28.8450018194826,353.739685058593
27481,2018-07-16 01:40:00,0.0,3.01676201820373,16.5588618028605,332.221313476562
27482,2018-07-16 01:50:00,0.0,3.04959297180175,17.7837321258266,355.943298339843
27483,2018-07-16 02:00:00,0.0,2.74707508087158,0.0,348.64859008789
27484,2018-07-16 02:10:00,0.0,2.82473611831665,0.0,353.714385986328
27485,2018-07-16 02:20:00,0.0,3.02536606788635,16.8631891643645,332.819305419921
27486,2018-07-16 02:30:00,0.0,2.81910800933837,0.0,324.970703125
27487,2018-07-16 02:40:00,0.0,2.77787709236145,0.0,327.084808349609
27488,2018-07-16 02:50:00,0.0,3.05426096916198,17.9718912351354,318.709014892578
27489,2018-07-16 03:00:00,0.0,3.13739299774169,21.9067227940104,312.329803466796
27490,2018-07-16 03:10:00,0.0,2.9775230884552,0.0,316.112396240234
27491,2018-07-16 03:20:00,0.0,3.26554989814758,30.138936613218,317.240905761718
27492,2018-07-16 03:30:00,0.0,3.49336409568786,51.2603015351242,317.320007324218
27493,2018-07-16 03:40:00,23.2167892456054,3.70168089866638,77.8422754415851,324.817687988281
27494,2018-07-16 03:50:00,52.7295989990234,3.86786603927612,104.027030227142,324.615203857421
27495,2018-07-16 04:00:00,84.9501113891601,4.05882787704467,133.9995582903,324.668914794921
27496,2018-07-16 04:10:00,83.6833801269531,4.00480222702026,123.892118223075,325.255889892578
27497,2018-07-16 04:20:00,102.965698242187,4.08853101730346,139.613331056573,322.911193847656
27498,2018-07-16 04:30:00,63.346321105957,3.86119699478149,102.891124938662,322.600006103515
27499,2018-07-16 04:40:00,1.59319901466369,2.83051705360412,0.0,311.878387451171
27500,2018-07-16 04:50:00,0.0,2.74241399765014,0.0,302.262603759765
27501,2018-07-16 05:00:00,0.0,3.33913111686706,36.0529888939463,301.871704101562
27502,2018-07-16 05:10:00,0.0,3.50242805480957,52.2724137746845,300.678192138671
27503,2018-07-16 05:20:00,0.0,3.42526698112487,44.0767038148015,299.232788085937
27504,2018-07-16 05:30:00,8.45305442810058,3.57075190544128,60.3246799793096,300.468688964843
27505,2018-07-16 05:40:00,1.36386799812316,2.77115106582641,0.0,312.714599609375
27506,2018-07-16 05:50:00,0.0,2.61824703216552,0.0,317.143096923828
27507,2018-07-16 06:00:00,0.0,2.70006895065307,0.0,322.533905029296
27508,2018-07-16 06:10:00,0.0,3.16163301467895,23.2622749844631,330.153198242187
27509,2018-07-16 06:20:00,0.0,3.43199801445007,44.7537192215068,328.249114990234
27510,2018-07-16 06:30:00,15.2504596710205,2.86878490447998,0.0,313.425415039062
27511,2018-07-16 06:40:00,25.6673793792724,2.96948599815368,0.0,311.567687988281
27512,2018-07-16 06:50:00,40.9706382751464,3.21053791046142,26.2833100740827,307.696594238281
27513,2018-07-16 07:00:00,84.7376174926757,3.83337497711181,98.2291074656678,313.597686767578
27514,2018-07-16 07:10:00,95.3755264282226,3.90565490722656,110.597821909934,311.250885009765
27515,2018-07-16 07:20:00,30.007469177246,3.50334191322326,52.3751877517252,311.025207519531
27516,2018-07-16 07:30:00,72.5773468017578,3.66218304634094,72.2687684318198,313.132385253906
27517,2018-07-16 07:40:00,29.787239074707,3.20654797554016,26.0225005132643,307.660614013671
27518,2018-07-16 07:50:00,3.87532496452331,2.68838691711425,0.0,300.182495117187
27519,2018-07-16 08:00:00,24.5737895965576,3.31085109710693,33.6775074732286,298.899810791015
27520,2018-07-16 08:10:00,65.7730407714843,3.79453206062316,91.9275215685893,293.707000732421
27521,2018-07-16 08:20:00,83.5363616943359,3.83153891563415,97.9258027574151,283.85009765625
27522,2018-07-16 08:30:00,29.7240600585937,3.35145902633666,37.128564618255,279.343292236328
27523,2018-07-16 08:40:00,27.3956794738769,3.47923398017883,49.7087039863663,282.368011474609
27524,2018-07-16 08:50:00,14.9902000427246,2.95181703567504,0.0,292.423797607421
27525,2018-07-16 09:00:00,13.9674596786499,3.19312500953674,25.1637818498612,297.827606201171
27526,2018-07-16 09:10:00,4.65246677398681,2.72872805595397,0.0,295.0380859375
27527,2018-07-16 09:20:00,8.69826698303222,2.82515907287597,0.0,279.822509765625
27528,2018-07-16 09:30:00,0.0,2.42645788192749,0.0,279.974212646484
27529,2018-07-16 09:40:00,0.0,3.20291495323181,25.7872367630234,284.511810302734
27530,2018-07-16 09:50:00,0.0,3.46016788482666,47.6657308925205,293.433807373046
27531,2018-07-16 10:00:00,18.785530090332,3.54210901260375,56.8580629270182,283.697998046875
27532,2018-07-16 10:10:00,143.001998901367,4.24631118774414,170.146038077927,276.159484863281
27533,2018-07-16 10:20:00,144.494705200195,4.14609622955322,150.611304670116,276.924987792968
27534,2018-07-16 10:30:00,281.567687988281,5.2227611541748,392.669273284716,290.451110839843
27535,2018-07-16 10:40:00,200.527206420898,4.54173612594604,230.88647275925,284.999206542968
27536,2018-07-16 10:50:00,102.078498840332,3.90233302116394,110.011047163874,268.102813720703
27537,2018-07-16 11:00:00,111.601402282714,3.89685797691345,109.047793721494,267.79638671875
27538,2018-07-16 11:10:00,212.722595214843,4.61105489730834,245.883573969242,291.978302001953
27539,2018-07-16 11:20:00,281.192413330078,4.98965501785278,333.462242229504,284.725402832031
27540,2018-07-16 11:30:00,369.422607421875,5.5104341506958,472.006483454081,263.570892333984
27541,2018-07-16 11:40:00,182.02099609375,4.46528196334838,214.687002658951,265.767303466796
27542,2018-07-16 11:50:00,135.268005371093,4.19065189361572,159.234194668336,270.061492919921
27543,2018-07-16 12:00:00,78.7343215942382,3.53236699104309,55.7089127655609,283.89859008789
27544,2018-07-16 12:10:00,97.4496765136718,3.85379600524902,101.638881654304,294.707611083984
27545,2018-07-16 12:20:00,42.0625686645507,3.41327190399169,42.8881942580483,278.756805419921
27546,2018-07-16 12:30:00,30.5018291473388,3.18032503128051,24.3717703534821,277.161102294921
27547,2018-07-16 12:40:00,139.056396484375,4.0871992111206,139.360746558517,276.032196044921
27548,2018-07-16 12:50:00,80.9979019165039,3.74194908142089,83.7814457591739,291.913787841796
27549,2018-07-16 13:00:00,39.2290000915527,3.51493406295776,53.6904571501836,288.177185058593
27550,2018-07-16 13:10:00,24.8199291229248,3.43611001968383,45.1708765713738,292.537994384765
27551,2018-07-16 13:20:00,40.2730102539062,3.20284295082092,25.7825954420887,294.900604248046
27552,2018-07-16 13:30:00,91.5189132690429,3.9007511138916,109.732241178688,298.915802001953
27553,2018-07-16 13:40:00,18.2420005798339,3.05234193801879,17.8941162946467,308.62759399414
27554,2018-07-16 13:50:00,41.4042091369628,3.29401493072509,32.3240601423458,315.92300415039
27555,2018-07-16 14:00:00,18.3024997711181,3.23676896095275,28.0613700201402,335.183807373046
27556,2018-07-16 14:10:00,16.7178497314453,3.15762710571289,23.0317717392463,344.599212646484
27557,2018-07-16 14:20:00,60.1120109558105,3.62926888465881,67.8149506450618,342.219787597656
27558,2018-07-16 14:30:00,38.5251998901367,3.66129803657531,72.1467446246797,358.757110595703
27559,2018-07-16 14:40:00,59.5855484008789,3.69479990005493,76.8533488910653,14.9018802642822
27560,2018-07-16 14:50:00,176.130004882812,4.51484489440917,225.148491052087,17.419319152832
27561,2018-07-16 15:00:00,156.44189453125,4.40328884124755,201.804987240728,19.2348499298095
27562,2018-07-16 15:10:00,175.280899047851,4.46939516067504,215.549637124733,14.6550998687744
27563,2018-07-16 15:20:00,215.950607299804,4.7971339225769,287.681519784427,24.6597805023193
27564,2018-07-16 15:30:00,167.458602905273,4.52807807922363,227.966650069299,25.0999298095703
27565,2018-07-16 15:40:00,230.56379699707,4.82564687728881,294.293744078858,26.8148193359375
27566,2018-07-16 15:50:00,143.675201416015,4.28705215454101,178.234756529646,22.3924808502197
27567,2018-07-16 16:00:00,154.803802490234,4.40435314178466,202.024279339766,29.6778202056884
27568,2018-07-16 16:10:00,139.273696899414,4.33897495269775,188.671753478405,36.0074081420898
27569,2018-07-16 16:20:00,92.0324172973632,4.00682687759399,124.268546090055,51.4761199951171
27570,2018-07-16 16:30:00,100.810302734375,4.21028804779052,163.065802073243,61.0957984924316
27571,2018-07-16 16:40:00,206.535095214843,4.74870300292968,276.579386965562,60.2551689147949
27572,2018-07-16 16:50:00,219.299102783203,4.91058206558227,314.332606889498,64.1295318603515
27573,2018-07-16 17:00:00,324.901885986328,5.45187377929687,455.261486351888,70.7043228149414
27574,2018-07-16 17:10:00,225.956802368164,4.99141979217529,333.894522048886,65.8827667236328
27575,2018-07-16 17:20:00,288.79150390625,5.41936683654785,446.100625432045,75.013687133789
27576,2018-07-16 17:30:00,131.745407104492,4.4724678993225,216.194714360713,75.2777786254882
27577,2018-07-16 17:40:00,34.1619491577148,3.28179788589477,31.370336228214,84.5226821899414
27578,2018-07-16 17:50:00,8.71961975097656,3.18588709831237,24.7127082115157,68.6203231811523
27579,2018-07-16 18:00:00,0.0,3.36639809608459,38.4645442598603,53.0608482360839
27580,2018-07-16 18:10:00,0.0,3.16088390350341,23.2189753446291,54.8208999633789
27581,2018-07-16 18:20:00,0.0,3.2223629951477,27.0712399736112,61.9540710449218
27582,2018-07-16 18:30:00,0.0,3.37873411178588,39.5946537715681,49.0626487731933
27583,2018-07-16 18:40:00,32.7394485473632,3.8844609260559,106.884440011363,60.0293006896972
27584,2018-07-16 18:50:00,25.1280708312988,3.34749388694763,36.7799644996021,65.7605972290039
27585,2018-07-16 19:00:00,35.4933700561523,3.44526290893554,46.1091377318371,52.3739013671875
27586,2018-07-16 19:10:00,23.435749053955,3.39855408668518,41.4613595750025,50.0391311645507
27587,2018-07-16 19:20:00,16.8887596130371,3.27385902404785,30.7633899737266,45.9141197204589
27588,2018-07-16 19:30:00,0.258600413799286,2.97144198417663,0.0,58.0050201416015
27589,2018-07-16 19:40:00,0.0,2.65440011024475,0.0,54.1407890319824
27590,2018-07-16 19:50:00,0.0,2.95272994041442,0.0,59.5678405761718
27591,2018-07-16 20:00:00,0.0,2.60810708999633,0.0,50.5942687988281
27592,2018-07-16 20:10:00,0.0,2.5933289527893,0.0,49.1993103027343
27593,2018-07-16 20:20:00,0.0,2.59447908401489,0.0,42.9187889099121
27594,2018-07-16 20:30:00,0.0,2.72441291809082,0.0,46.7973518371582
27595,2018-07-16 20:40:00,0.0,2.51206707954406,0.0,51.0314292907714
27596,2018-07-16 20:50:00,0.0,1.91744005680084,0.0,40.5341911315917
27597,2018-07-16 21:00:00,0.0,1.45661699771881,0.0,45.1562614440917
27598,2018-07-16 21:10:00,0.0,1.33966898918151,0.0,53.2777709960937
27599,2018-07-16 21:20:00,0.0,1.67238402366638,0.0,75.6026306152343
27600,2018-07-16 21:30:00,0.0,1.71309995651245,0.0,85.3065338134765
27601,2018-07-16 21:40:00,0.0,1.36156594753265,0.0,95.7963714599609
27602,2018-07-16 21:50:00,0.0,0.839515328407287,0.0,70.537727355957
27603,2018-07-16 22:00:00,0.0,0.888842284679412,0.0,65.0643997192382
27604,2018-07-16 22:10:00,0.0,0.822465598583221,0.0,45.2212600708007
27605,2018-07-16 22:20:00,0.0,1.45258605480194,0.0,348.699310302734
27606,2018-07-16 22:30:00,0.0,0.888992071151733,0.0,353.653900146484
27607,2018-07-16 22:40:00,0.0,0.926784992218017,0.0,337.40771484375
27608,2018-07-16 22:50:00,0.0,1.3506029844284,0.0,337.32339477539
27609,2018-07-16 23:00:00,0.0,2.0640709400177,0.0,341.448303222656
27610,2018-07-16 23:10:00,0.0,2.39780807495117,0.0,342.37319946289
27611,2018-07-16 23:20:00,0.0,2.52519297599792,0.0,343.124908447265
27612,2018-07-16 23:30:00,0.0,2.64546990394592,0.0,337.385803222656
27613,2018-07-16 23:40:00,0.0,1.93665695190429,0.0,324.680786132812
27614,2018-07-16 23:50:00,0.0,1.78840398788452,0.0,323.463012695312
27615,2018-07-17 00:00:00,0.0,2.00137495994567,0.0,329.629791259765
27616,2018-07-17 00:10:00,0.0,2.15384292602539,0.0,326.033111572265
27617,2018-07-17 00:20:00,0.0,2.13645005226135,0.0,312.405212402343
27618,2018-07-17 00:30:00,0.0,1.92695200443267,0.0,306.884094238281
27619,2018-07-17 00:40:00,0.0,1.31915998458862,0.0,318.255706787109
27620,2018-07-17 00:50:00,0.0,0.861417770385742,0.0,294.569793701171
27621,2018-07-17 01:00:00,0.0,0.709851384162902,0.0,234.039901733398
27622,2018-07-17 01:10:00,0.0,1.11770403385162,0.0,238.41209411621
27623,2018-07-17 01:20:00,0.0,1.27099800109863,0.0,233.942398071289
27624,2018-07-17 01:30:00,0.0,1.24497401714324,0.0,221.756393432617
27625,2018-07-17 01:40:00,0.0,1.33713495731353,0.0,225.004302978515
27626,2018-07-17 01:50:00,0.0,1.78690004348754,0.0,225.069503784179
27627,2018-07-17 02:00:00,0.0,1.9631210565567,0.0,234.091903686523
27628,2018-07-17 02:10:00,0.0,2.56375288963317,0.0,244.149795532226
27629,2018-07-17 02:20:00,0.0,2.85087800025939,0.0,242.752807617187
27630,2018-07-17 02:30:00,0.0,3.28603911399841,31.698721626909,239.960403442382
27631,2018-07-17 02:40:00,0.0,3.54008793830871,56.6184125144036,237.538299560546
27632,2018-07-17 02:50:00,29.8884506225585,4.22186422348022,165.333813225182,226.025604248046
27633,2018-07-17 03:00:00,178.157104492187,4.6842942237854,262.060887769324,216.683303833007
27634,2018-07-17 03:10:00,181.071899414062,4.75748014450073,278.579495096929,206.932098388671
27635,2018-07-17 03:20:00,228.087493896484,4.96511983871459,327.476708804404,201.620697021484
27636,2018-07-17 03:30:00,281.85708618164,5.38771486282348,437.271511837851,193.439697265625
27637,2018-07-17 03:40:00,267.279907226562,5.16026878356933,376.37036761165,194.017501831054
27638,2018-07-17 03:50:00,268.765014648437,5.14262676239013,371.826762277403,192.912704467773
27639,2018-07-17 04:00:00,281.28759765625,5.2093448638916,389.143011829483,194.449600219726
27640,2018-07-17 04:10:00,306.058502197265,5.40650415420532,442.50191488163,198.64990234375
27641,2018-07-17 04:20:00,329.283996582031,5.54257297515869,481.330560905991,202.601898193359
27642,2018-07-17 04:30:00,425.701385498046,5.88661003112792,587.399038099897,203.492004394531
27643,2018-07-17 04:40:00,470.315612792968,6.01284790039062,628.334238314411,205.375900268554
27644,2018-07-17 04:50:00,461.123596191406,5.92567300796508,600.199005913912,209.252197265625
27645,2018-07-17 05:00:00,455.521209716796,5.9107232093811,595.281393721272,205.266403198242
27646,2018-07-17 05:10:00,454.819702148437,6.00409698486328,625.375840675002,205.092193603515
27647,2018-07-17 05:20:00,526.473022460937,6.26745700836181,717.99418947824,206.968994140625
27648,2018-07-17 05:30:00,591.709777832031,6.46873092651367,793.813799496376,208.838500976562
27649,2018-07-17 05:40:00,630.443481445312,6.68718099594116,881.177853183284,208.935897827148
27650,2018-07-17 05:50:00,591.990295410156,6.54734802246093,824.636426139287,206.993103027343
27651,2018-07-17 06:00:00,581.713928222656,6.69156599044799,882.987083142099,202.343399047851
27652,2018-07-17 06:10:00,574.878173828125,6.43034076690673,779.011103790117,199.955200195312
27653,2018-07-17 06:20:00,505.940612792968,6.10192823410034,658.915154466318,200.78579711914
27654,2018-07-17 06:30:00,404.417297363281,5.70330381393432,529.430021229319,198.89729309082
27655,2018-07-17 06:40:00,296.740295410156,5.05721616744995,350.181114623584,199.146301269531
27656,2018-07-17 06:50:00,406.839385986328,5.5977668762207,497.56896252355,197.725204467773
27657,2018-07-17 07:00:00,386.378692626953,5.48952722549438,465.992259237552,195.498001098632
27658,2018-07-17 07:10:00,509.734313964843,6.04474306106567,639.186260059976,189.056198120117
27659,2018-07-17 07:20:00,720.42138671875,6.56976985931396,833.553553918453,190.580200195312
27660,2018-07-17 07:30:00,735.184020996093,6.6521668434143,866.810690523778,186.038604736328
27661,2018-07-17 07:40:00,515.780395507812,6.02358102798461,631.973940056284,189.532104492187
27662,2018-07-17 07:50:00,298.773803710937,5.11015510559082,363.529288692318,194.132904052734
27663,2018-07-17 08:00:00,175.882003784179,4.34150123596191,189.183297465809,196.591201782226
27664,2018-07-17 08:10:00,399.07861328125,5.54780912399291,482.858773873958,192.205902099609
27665,2018-07-17 08:20:00,187.187698364257,4.42582178115844,206.461575784551,197.680694580078
27666,2018-07-17 08:30:00,94.3330764770507,3.95519089698791,119.557280678699,199.277297973632
27667,2018-07-17 08:40:00,92.540916442871,3.82177996635437,96.322743971451,207.322692871093
27668,2018-07-17 08:50:00,213.448104858398,4.63398885726928,250.912039853046,211.595596313476
27669,2018-07-17 09:00:00,189.75520324707,4.51763820648193,225.742474722497,219.469497680664
27670,2018-07-17 09:10:00,195.489303588867,4.32299280166625,185.443638273207,223.383499145507
27671,2018-07-17 09:20:00,180.510498046875,4.47311687469482,216.331028760549,207.99560546875
27672,2018-07-17 09:30:00,216.002700805664,4.66668796539306,258.140167729016,207.976898193359
27673,2018-07-17 09:40:00,76.2891311645507,3.62541890144348,67.3053090288131,194.273605346679
27674,2018-07-17 09:50:00,4.46033000946044,2.60053610801696,0.0,176.490203857421
27675,2018-07-17 10:00:00,109.2666015625,3.78888201713562,91.031011505137,208.275894165039
27676,2018-07-17 10:10:00,236.080703735351,4.71112918853759,268.076092461615,213.839202880859
27677,2018-07-17 10:20:00,209.984405517578,4.57417297363281,237.866839066932,208.177795410156
27678,2018-07-17 10:30:00,155.64680480957,4.16365480422973,153.997734536759,204.207901000976
27679,2018-07-17 10:40:00,174.764297485351,4.35472011566162,191.865700245992,219.735198974609
27680,2018-07-17 10:50:00,177.604598999023,4.21319389343261,163.634476058576,221.538101196289
27681,2018-07-17 11:00:00,248.313400268554,4.76002693176269,279.160832234197,221.15640258789
27682,2018-07-17 11:10:00,224.841003417968,4.6767029762268,260.367905660098,243.250793457031
27683,2018-07-17 11:20:00,245.128204345703,4.67911481857299,260.905378298087,215.756195068359
27684,2018-07-17 11:30:00,123.924003601074,4.16665506362915,154.577892504689,240.397598266601
27685,2018-07-17 11:40:00,334.576110839843,5.18633222579956,383.12912314771,243.614700317382
27686,2018-07-17 11:50:00,279.647308349609,4.92727804183959,318.333144598226,246.48550415039
27687,2018-07-17 12:00:00,176.978302001953,4.38887786865234,198.842031002357,240.948196411132
27688,2018-07-17 12:10:00,256.78091430664,4.93842077255249,321.014481886738,252.572204589843
27689,2018-07-17 12:20:00,163.03140258789,4.39576005935668,200.255569983199,256.631195068359
27690,2018-07-17 12:30:00,139.958297729492,4.27090692520141,175.018840237793,266.76431274414
27691,2018-07-17 12:40:00,309.235595703125,5.06795501708984,352.871048620461,249.034896850585
27692,2018-07-17 12:50:00,366.348114013671,5.25169801712036,400.325916164825,248.320602416992
27693,2018-07-17 13:00:00,357.628112792968,5.21381902694702,390.317317217635,241.18260192871
27694,2018-07-17 13:10:00,230.239303588867,4.76301288604736,279.84297932197,243.898605346679
27695,2018-07-17 13:20:00,304.563690185546,5.24558115005493,398.701563448119,238.186599731445
27696,2018-07-17 13:30:00,176.65249633789,4.5969820022583,242.814546035098,225.684799194335
27697,2018-07-17 13:40:00,121.245697021484,4.11065101623535,143.8207176351,219.337295532226
27698,2018-07-17 13:50:00,171.698806762695,4.5725359916687,237.512999473796,224.541397094726
27699,2018-07-17 14:00:00,157.440704345703,4.22638082504272,166.220562817351,242.74299621582
27700,2018-07-17 14:10:00,158.890792846679,4.36362981796264,193.679127719779,253.857101440429
27701,2018-07-17 14:20:00,208.437606811523,4.63446807861328,251.017472529466,250.608306884765
27702,2018-07-17 14:30:00,1.96386301517486,2.53448891639709,0.0,244.061004638671
27703,2018-07-17 14:40:00,0.0,3.19693303108215,25.4044664931253,253.039596557617
27704,2018-07-17 14:50:00,40.8174591064453,3.43683791160583,45.2450020526785,243.744506835937
27705,2018-07-17 15:00:00,0.0,2.19624900817871,0.0,233.823898315429
27706,2018-07-17 15:10:00,0.0,3.31061291694641,33.6580440762018,258.43130493164
27707,2018-07-17 15:20:00,20.7744808197021,3.19337201118469,25.1793231346792,264.717987060546
27708,2018-07-17 15:30:00,0.0,2.53724288940429,0.0,279.588989257812
27709,2018-07-17 15:40:00,0.0,3.0427770614624,17.5152561257855,293.080413818359
27710,2018-07-17 15:50:00,0.0,3.58550906181335,62.1619588952717,290.800689697265
27711,2018-07-17 16:00:00,106.374099731445,4.17017984390258,155.260044070763,280.303497314453
27712,2018-07-17 16:10:00,356.042114257812,5.51602506637573,473.621630773196,283.561401367187
27713,2018-07-17 16:20:00,1273.77905273437,7.85899877548217,1450.31464953181,289.850006103515
27714,2018-07-17 16:30:00,1148.27697753906,7.65903806686401,1341.20948030843,295.502685546875
27715,2018-07-17 16:40:00,501.650909423828,6.00176286697387,624.588135900009,304.833709716796
27716,2018-07-17 16:50:00,557.892211914062,6.33364200592041,742.440186379672,315.099090576171
27717,2018-07-17 17:00:00,320.351409912109,5.3947730064392,439.232626238017,316.50210571289
27718,2018-07-17 17:10:00,217.973495483398,4.85634899139404,301.477675641978,329.464385986328
27719,2018-07-17 17:20:00,139.183197021484,4.4146180152893,204.142605307768,345.113098144531
27720,2018-07-17 17:30:00,85.880859375,4.01402378082275,125.608080661771,337.665588378906
27721,2018-07-17 17:40:00,5.08593416213989,2.88332104682922,0.0,327.623504638671
27722,2018-07-17 17:50:00,0.0,1.96877300739288,0.0,332.648986816406
27723,2018-07-17 18:00:00,0.0,1.7857140302658,0.0,332.33560180664
27724,2018-07-17 18:10:00,0.0,2.26482892036437,0.0,345.979888916015
27725,2018-07-17 18:20:00,0.0,2.98645806312561,0.0,299.863311767578
27726,2018-07-17 18:30:00,24.2080192565917,4.03004884719848,128.59905850653,289.057800292968
27727,2018-07-17 18:40:00,213.713897705078,4.8324589729309,295.881931046775,285.725402832031
27728,2018-07-17 18:50:00,161.4375,4.58199501037597,239.55991064588,283.34521484375
27729,2018-07-17 19:00:00,216.465103149414,4.83443784713745,296.343904120105,284.843505859375
27730,2018-07-17 19:10:00,215.434906005859,4.8278431892395,294.805439634212,278.260589599609
27731,2018-07-17 19:20:00,179.728195190429,4.5722222328186,237.445198436338,282.251800537109
27732,2018-07-17 19:30:00,232.046203613281,4.85286712646484,300.659593949181,282.931488037109
27733,2018-07-17 19:40:00,148.000396728515,4.32035684585571,184.912558076286,282.211486816406
27734,2018-07-17 19:50:00,258.052795410156,4.97040796279907,328.762957573443,282.064514160156
27735,2018-07-17 20:00:00,161.655700683593,4.41366577148437,203.945840696564,277.838714599609
27736,2018-07-17 20:10:00,122.410202026367,4.25016498565673,170.90745027083,266.885589599609
27737,2018-07-17 20:20:00,138.271697998046,4.40863800048828,202.907799123169,274.71011352539
27738,2018-07-17 20:30:00,129.448303222656,4.3418869972229,189.261440627834,273.329986572265
27739,2018-07-17 20:40:00,141.117599487304,4.45350217819213,212.222008848003,268.64599609375
27740,2018-07-17 20:50:00,181.439895629882,4.71757221221923,269.52746501908,273.109191894531
27741,2018-07-17 21:00:00,272.818695068359,5.07151317596435,353.764304939896,274.613800048828
27742,2018-07-17 21:10:00,308.213714599609,5.22342205047607,392.843365581805,277.095703125
27743,2018-07-17 21:20:00,401.554595947265,5.66660690307617,518.228902188381,274.646392822265
27744,2018-07-17 21:30:00,775.523315429687,6.68763589859008,881.365440702719,274.677703857421
27745,2018-07-17 21:40:00,727.377319335937,6.54825782775878,824.997156449541,274.732513427734
27746,2018-07-17 21:50:00,960.81201171875,7.2502589225769,1132.74602148792,277.016693115234
27747,2018-07-17 22:00:00,791.192810058593,6.90491199493408,973.751701967779,281.907012939453
27748,2018-07-17 22:10:00,580.686096191406,6.2639570236206,716.714592228371,280.841003417968
27749,2018-07-17 22:20:00,641.573120117187,6.21610689163208,699.352613357629,278.333312988281
27750,2018-07-17 22:30:00,261.36489868164,4.95991802215576,326.213496065165,289.730712890625
27751,2018-07-17 22:40:00,204.411895751953,4.87145519256591,305.036996081943,299.427093505859
27752,2018-07-17 22:50:00,8.37912368774414,3.1749939918518,24.0496395139962,294.303192138671
27753,2018-07-17 23:00:00,25.4314498901367,3.85987591743469,102.666956828642,276.185089111328
27754,2018-07-17 23:10:00,133.35090637207,4.28473091125488,177.771545367156,284.883087158203
27755,2018-07-17 23:20:00,246.231903076171,5.08205699920654,356.417100055006,287.768890380859
27756,2018-07-17 23:30:00,176.78759765625,4.65204095840454,254.89388047224,290.117004394531
27757,2018-07-17 23:40:00,379.909210205078,5.63118410110473,507.541029798008,297.205688476562
27758,2018-07-17 23:50:00,224.785095214843,4.92874813079833,318.68637551549,295.923889160156
27759,2018-07-18 00:00:00,431.064086914062,5.74867916107177,543.463685899467,291.768493652343
27760,2018-07-18 00:10:00,689.512878417968,6.75356101989746,908.805246594275,298.667388916015
27761,2018-07-18 00:20:00,768.559875488281,6.91125679016113,976.534969172557,303.030609130859
27762,2018-07-18 00:30:00,876.29541015625,7.01955795288085,1024.81741603152,305.744384765625
27763,2018-07-18 00:40:00,774.962280273437,6.66800212860107,873.290821165855,302.863800048828
27764,2018-07-18 00:50:00,663.423095703125,6.3228850364685,738.434795109278,296.72671508789
27765,2018-07-18 01:00:00,928.923889160156,7.00846290588378,1019.80304128311,293.953186035156
27766,2018-07-18 01:10:00,774.029418945312,6.63530492782592,859.942031022865,289.049285888671
27767,2018-07-18 01:20:00,1269.92895507812,7.62057209014892,1320.78235009201,285.988494873046
27768,2018-07-18 01:30:00,1640.17700195312,8.23616218566894,1667.99708969688,295.296905517578
27769,2018-07-18 01:40:00,998.140991210937,7.11960887908935,1070.75374597274,284.231414794921
27770,2018-07-18 01:50:00,1672.95300292968,8.05282402038574,1560.39044258976,280.063110351562
27771,2018-07-18 02:00:00,1996.77099609375,8.60878753662109,1895.49093636323,275.454315185546
27772,2018-07-18 02:10:00,1211.92797851562,7.55912113189697,1288.54451626333,276.65478515625
27773,2018-07-18 02:20:00,715.604187011718,6.3104829788208,733.832389670921,277.512786865234
27774,2018-07-18 02:30:00,49.5973281860351,3.34520411491394,36.5798021535275,290.165313720703
27775,2018-07-18 02:40:00,0.0,2.63436198234558,0.0,290.03921508789
27776,2018-07-18 02:50:00,182.12710571289,4.91699314117431,315.866350954363,270.949493408203
27777,2018-07-18 03:00:00,313.56640625,5.37829303741455,434.660507115789,282.709899902343
27778,2018-07-18 03:10:00,101.05110168457,4.07590913772583,137.222847238072,292.057403564453
27779,2018-07-18 03:20:00,131.151992797851,4.4089708328247,202.976471575412,306.067810058593
27780,2018-07-18 03:30:00,149.703903198242,4.37009096145629,194.996951626006,309.682189941406
27781,2018-07-18 03:40:00,35.9230499267578,3.73191905021667,82.2778492925399,308.92739868164
27782,2018-07-18 03:50:00,9.82606697082519,3.12474489212036,21.2367395966612,322.562408447265
27783,2018-07-18 04:00:00,0.0,2.90479207038879,0.0,345.764587402343
27784,2018-07-18 04:10:00,0.0,3.42862510681152,44.4135619931039,326.83609008789
27785,2018-07-18 04:20:00,215.384201049804,4.95069694519042,323.979209097858,324.781707763671
27786,2018-07-18 04:30:00,197.704696655273,4.74503707885742,275.745558664573,327.843688964843
27787,2018-07-18 04:40:00,93.5766983032226,4.04147481918334,130.738687829171,335.074890136718
27788,2018-07-18 04:50:00,52.8328590393066,3.76462411880493,87.2399752464153,311.328002929687
27789,2018-07-18 05:00:00,116.254402160644,4.01959705352783,126.646995660876,286.438110351562
27790,2018-07-18 05:10:00,292.184692382812,5.17625617980957,380.509638432577,279.689697265625
27791,2018-07-18 05:20:00,263.90689086914,5.04744005203247,347.74013824991,279.611206054687
27792,2018-07-18 05:30:00,279.151489257812,5.05946588516235,350.743893387001,289.23208618164
27793,2018-07-18 05:40:00,48.5256881713867,3.6948709487915,76.8635211992805,307.756713867187
27794,2018-07-18 05:50:00,24.7316799163818,3.2585060596466,29.6182245386126,321.575286865234
27795,2018-07-18 06:00:00,0.0,2.13345599174499,0.0,315.585784912109
27796,2018-07-18 06:10:00,0.0,1.74837100505828,0.0,354.098205566406
27797,2018-07-18 06:20:00,0.0,0.963293671607971,0.0,343.225891113281
27798,2018-07-18 06:30:00,0.0,2.1533830165863,0.0,343.86880493164
27799,2018-07-18 06:40:00,0.0,3.22573089599609,27.2997436644509,359.148406982421
27800,2018-07-18 06:50:00,0.0,2.7298719882965,0.0,341.225402832031
27801,2018-07-18 07:00:00,0.0,2.56593704223632,0.0,342.141815185546
27802,2018-07-18 07:10:00,0.0,1.44866502285003,0.0,315.292388916015
27803,2018-07-18 07:20:00,0.0,1.58760404586791,0.0,328.472412109375
27804,2018-07-18 07:30:00,0.0,1.55698299407958,0.0,345.209991455078
27805,2018-07-18 07:40:00,0.0,0.871270477771759,0.0,313.000396728515
27806,2018-07-18 07:50:00,0.0,1.07690596580505,0.0,339.942108154296
27807,2018-07-18 08:00:00,0.0,1.49673402309417,0.0,342.180603027343
27808,2018-07-18 08:10:00,0.0,1.15914797782897,0.0,350.505615234375
27809,2018-07-18 08:20:00,0.0,1.35384798049926,0.0,75.5208663940429
27810,2018-07-18 08:30:00,0.0,0.948510289192199,0.0,56.7213592529296
27811,2018-07-18 08:40:00,0.0,1.86207199096679,0.0,0.336786687374115
27812,2018-07-18 08:50:00,0.0,2.62981700897216,0.0,352.077911376953
27813,2018-07-18 09:00:00,0.0,1.549281001091,0.0,347.990295410156
27814,2018-07-18 09:10:00,0.0,1.01601099967956,0.0,14.3683900833129
27815,2018-07-18 09:20:00,0.0,1.13328194618225,0.0,17.1518592834472
27816,2018-07-18 09:30:00,0.0,1.14866399765014,0.0,69.5088577270507
27817,2018-07-18 09:40:00,0.0,2.0657320022583,0.0,10.0518903732299
27818,2018-07-18 09:50:00,0.0,2.66946291923522,0.0,1.17947995662689
27819,2018-07-18 10:00:00,0.0,1.90973305702209,0.0,8.49847316741943
27820,2018-07-18 10:10:00,0.0,0.964804112911224,0.0,88.5882263183593
27821,2018-07-18 10:20:00,0.0,1.09847998619079,0.0,66.6398010253906
27822,2018-07-18 10:30:00,0.0,1.509202003479,0.0,34.4771308898925
27823,2018-07-18 10:40:00,0.0,1.29670894145965,0.0,16.9019508361816
27824,2018-07-18 10:50:00,0.0,1.07813799381256,0.0,2.49432611465454
27825,2018-07-18 11:00:00,0.0,1.34180700778961,0.0,359.987396240234
27826,2018-07-18 11:10:00,0.0,1.6399940252304,0.0,334.811096191406
27827,2018-07-18 11:20:00,0.0,1.42430305480957,0.0,357.28091430664
27828,2018-07-18 11:30:00,0.0,2.1863420009613,0.0,346.02359008789
27829,2018-07-18 11:40:00,0.0,2.24630808830261,0.0,325.223602294921
27830,2018-07-18 11:50:00,0.0,2.52184796333312,0.0,315.98779296875
27831,2018-07-18 12:00:00,0.0,3.27688002586364,30.993164725417,317.493103027343
27832,2018-07-18 12:10:00,0.0,2.49096703529357,0.0,293.945495605468
27833,2018-07-18 12:20:00,0.0,3.02363991737365,16.8011850114317,276.894989013671
27834,2018-07-18 12:30:00,0.0,3.23072695732116,27.642056941052,274.842803955078
27835,2018-07-18 12:40:00,2.83973598480224,3.50029706954956,52.0332788495762,266.626312255859
27836,2018-07-18 12:50:00,14.9142599105834,3.25765204429626,29.555631491884,274.980285644531
27837,2018-07-18 13:00:00,61.4984703063964,3.71389389038085,79.6161634300369,283.065002441406
27838,2018-07-18 13:10:00,18.8739700317382,2.85427904129028,0.0,282.209808349609
27839,2018-07-18 13:20:00,49.9991493225097,3.42934989929199,44.4865036591073,312.841613769531
27840,2018-07-18 13:30:00,25.4994792938232,2.90409302711486,0.0,308.601409912109
27841,2018-07-18 13:40:00,14.5486402511596,2.96879696846008,0.0,311.077911376953
27842,2018-07-18 13:50:00,28.8037490844726,3.33640503883361,35.8184292548876,311.63150024414
27843,2018-07-18 14:00:00,67.5718002319335,3.56744694709777,59.917985328776,312.033813476562
27844,2018-07-18 14:10:00,98.9525833129882,3.94174003601074,117.085624786385,316.904907226562
27845,2018-07-18 14:20:00,38.4252014160156,3.33911800384521,36.0518577656039,334.666595458984
27846,2018-07-18 14:30:00,104.159202575683,4.0752511024475,137.098424000851,341.310485839843
27847,2018-07-18 14:40:00,56.4923782348632,3.58879208564758,62.5754363504211,352.834106445312
27848,2018-07-18 14:50:00,6.30768013000488,2.73259902000427,0.0,3.90860295295715
27849,2018-07-18 15:00:00,21.9224891662597,3.16665792465209,23.5550426968148,13.5359096527099
27850,2018-07-18 15:10:00,0.0,2.15333199501037,0.0,23.197280883789
27851,2018-07-18 15:20:00,0.0,2.25808596611022,0.0,359.787292480468
27852,2018-07-18 15:30:00,0.0,3.33473491668701,35.6753144899412,340.745300292968
27853,2018-07-18 15:40:00,0.0,2.07178807258605,0.0,19.6490898132324
27854,2018-07-18 15:50:00,0.0,2.56849193572998,0.0,340.088287353515
27855,2018-07-18 16:00:00,7.15592908859252,3.72419905662536,81.1315117013773,327.015686035156
27856,2018-07-18 16:10:00,16.1755409240722,3.04437804222106,17.5776502015842,331.830688476562
27857,2018-07-18 16:20:00,0.0,2.59505105018615,0.0,317.80288696289
27858,2018-07-18 16:30:00,0.0,3.14136409759521,22.1223557701596,318.804504394531
27859,2018-07-18 16:40:00,0.0,3.20778107643127,26.1028325036359,358.035705566406
27860,2018-07-18 16:50:00,0.0,2.54032492637634,0.0,356.69970703125
27861,2018-07-18 17:00:00,0.0,3.38074994087219,39.7816395058444,352.314392089843
27862,2018-07-18 17:10:00,0.0,2.20133900642395,0.0,19.2429294586181
27863,2018-07-18 17:20:00,0.0,1.95843195915222,0.0,30.2359409332275
27864,2018-07-18 17:30:00,0.0,2.39419794082641,0.0,52.0550308227539
27865,2018-07-18 17:40:00,0.0,2.46365094184875,0.0,61.9276504516601
27866,2018-07-18 17:50:00,0.0,1.82476699352264,0.0,53.6909103393554
27867,2018-07-18 18:00:00,0.0,1.03305399417877,0.0,326.705200195312
27868,2018-07-18 18:10:00,0.0,2.37611007690429,0.0,313.690612792968
27869,2018-07-18 18:20:00,0.0,1.9608609676361,0.0,294.242797851562
27870,2018-07-18 18:30:00,0.0,2.57480597496032,0.0,269.432586669921
27871,2018-07-18 18:40:00,0.0,2.99742102622985,0.0,276.190887451171
27872,2018-07-18 18:50:00,0.0,3.23074698448181,27.6434371712139,275.464385986328
27873,2018-07-18 19:00:00,6.71493101119995,3.61734700202941,66.2444897381183,267.128692626953
27874,2018-07-18 19:10:00,25.0820503234863,3.18409991264343,24.6026194314154,243.922393798828
27875,2018-07-18 19:20:00,57.155460357666,3.60018301010131,64.0234279723845,254.008102416992
27876,2018-07-18 19:30:00,233.006896972656,4.80316686630249,289.075835811624,249.749893188476
27877,2018-07-18 19:40:00,325.808685302734,5.32863712310791,421.028315009036,246.455596923828
27878,2018-07-18 19:50:00,339.875305175781,5.35790681838989,429.037751287014,237.390594482421
27879,2018-07-18 20:00:00,403.397003173828,5.63533020019531,508.785738225771,233.385696411132
27880,2018-07-18 20:10:00,470.796905517578,5.73197793960571,538.274563838799,233.025100708007
27881,2018-07-18 20:20:00,367.646514892578,5.32956790924072,421.281872452339,247.594894409179
27882,2018-07-18 20:30:00,465.89859008789,5.73632001876831,539.620987655278,252.514099121093
27883,2018-07-18 20:40:00,529.416625976562,6.05447816848754,642.520196204313,261.580688476562
27884,2018-07-18 20:50:00,563.352905273437,6.08262681961059,652.217102097456,263.249786376953
27885,2018-07-18 21:00:00,522.939575195312,5.90294981002807,592.733691595689,267.796295166015
27886,2018-07-18 21:10:00,724.3447265625,6.59561491012573,843.902285200338,262.007110595703
27887,2018-07-18 21:20:00,644.703002929687,6.35778093338012,751.474044671916,259.575592041015
27888,2018-07-18 21:30:00,668.562316894531,6.42252016067504,776.015448802044,257.772003173828
27889,2018-07-18 21:40:00,568.914672851562,6.11258792877197,662.631384805619,260.477386474609
27890,2018-07-18 21:50:00,564.108581542968,6.13608694076538,670.866604638656,260.863311767578
27891,2018-07-18 22:00:00,688.452880859375,6.45582723617553,788.820218255086,267.32681274414
27892,2018-07-18 22:10:00,1068.98999023437,7.53940200805664,1278.30475220196,277.7373046875
27893,2018-07-18 22:20:00,994.010314941406,7.27088689804077,1142.74838549916,281.919403076171
27894,2018-07-18 22:30:00,729.302307128906,6.65196514129638,866.728335371455,284.3828125
27895,2018-07-18 22:40:00,532.827270507812,6.01354598999023,628.570592300324,286.339691162109
27896,2018-07-18 22:50:00,191.536102294921,4.56942701339721,236.84144220399,291.278015136718
27897,2018-07-18 23:00:00,279.796295166015,5.05625915527343,349.941832425577,291.101989746093
27898,2018-07-18 23:10:00,205.387802124023,4.61184978485107,246.057298379643,294.096588134765
27899,2018-07-18 23:20:00,117.464401245117,4.09118509292602,140.116939150488,288.344909667968
27900,2018-07-18 23:30:00,174.422103881835,4.50635910034179,223.346921137194,293.966400146484
27901,2018-07-18 23:40:00,104.290496826171,4.04559087753295,131.510908908728,284.468994140625
27902,2018-07-18 23:50:00,102.594802856445,3.95668101310729,119.832877286634,279.636688232421
27903,2018-07-19 00:00:00,270.262390136718,4.90108680725097,312.066543849979,283.319885253906
27904,2018-07-19 00:10:00,206.148696899414,4.56372594833374,235.61154113122,276.548400878906
27905,2018-07-19 00:20:00,246.409103393554,4.96394395828247,327.190980091713,264.898712158203
27906,2018-07-19 00:30:00,388.382385253906,5.54617881774902,482.382680924254,274.680297851562
27907,2018-07-19 00:40:00,382.118011474609,5.52589082717895,476.478786073457,273.559509277343
27908,2018-07-19 00:50:00,441.778686523437,5.7803521156311,553.38127230655,273.705505371093
27909,2018-07-19 01:00:00,537.88671875,6.04852390289306,640.479864201704,276.127288818359
27910,2018-07-19 01:10:00,587.347900390625,6.16826486587524,682.239116890052,291.08560180664
27911,2018-07-19 01:20:00,797.358520507812,6.68571710586547,880.574353362883,292.118591308593
27912,2018-07-19 01:30:00,807.794982910156,6.854914188385,951.991697719675,291.585998535156
27913,2018-07-19 01:40:00,635.146911621093,6.19072484970092,690.242709381014,286.092712402343
27914,2018-07-19 01:50:00,493.091491699218,5.87828397750854,584.691452895601,284.597412109375
27915,2018-07-19 02:00:00,539.003601074218,5.9019718170166,592.413607307546,292.131286621093
27916,2018-07-19 02:10:00,598.472473144531,6.24129915237426,708.462732003472,295.933502197265
27917,2018-07-19 02:20:00,618.347106933593,6.23864698410034,707.500435892982,296.5419921875
27918,2018-07-19 02:30:00,469.868408203125,5.798180103302,559.008146502631,295.875610351562
27919,2018-07-19 02:40:00,454.225799560546,5.6837158203125,523.434707450896,294.986602783203
27920,2018-07-19 02:50:00,418.951904296875,5.65309381484985,514.137361839591,292.335784912109
27921,2018-07-19 03:00:00,379.141998291015,5.51662302017211,473.794543413749,286.705688476562
27922,2018-07-19 03:10:00,283.626007080078,5.07121706008911,353.689928877373,285.3291015625
27923,2018-07-19 03:20:00,316.824493408203,5.29456186294555,411.79719093953,283.061614990234
27924,2018-07-19 03:30:00,305.239013671875,5.1784610748291,381.0821386933,286.870086669921
27925,2018-07-19 03:40:00,269.788787841796,5.0481572151184,347.91895291869,281.668395996093
27926,2018-07-19 03:50:00,243.568496704101,4.90838003158569,313.80650061154,280.11099243164
27927,2018-07-19 04:00:00,216.612594604492,4.78486394882202,284.853517539838,264.64111328125
27928,2018-07-19 04:10:00,317.420593261718,5.27871894836425,407.539139371084,265.50210571289
27929,2018-07-19 04:20:00,208.551696777343,4.74718284606933,276.233510787129,268.161895751953
27930,2018-07-19 04:30:00,319.028594970703,5.33757591247558,423.466450105025,262.138610839843
27931,2018-07-19 04:40:00,422.834014892578,5.73915195465087,540.500146380789,255.24169921875
27932,2018-07-19 04:50:00,343.589202880859,5.41787195205688,445.681629397353,249.967895507812
27933,2018-07-19 05:00:00,326.98291015625,5.4240608215332,447.417585717038,244.853103637695
27934,2018-07-19 05:10:00,679.674194335937,6.34884214401245,748.12138176462,239.464904785156
27935,2018-07-19 05:20:00,565.218505859375,5.91771697998046,597.579004708394,243.380294799804
27936,2018-07-19 05:30:00,1256.01501464843,7.90739917755126,1477.42226295706,241.369506835937
27937,2018-07-19 05:40:00,777.071228027343,6.59445714950561,843.437087464912,229.080795288085
27938,2018-07-19 05:50:00,841.359375,6.82454586029052,938.92293115466,222.401901245117
27939,2018-07-19 06:00:00,1147.47497558593,7.55643796920776,1287.14816842598,224.80320739746
27940,2018-07-19 06:10:00,541.304809570312,5.88981199264526,588.442223085374,225.741394042968
27941,2018-07-19 06:20:00,998.660278320312,7.11454916000366,1068.3992204815,225.214401245117
27942,2018-07-19 06:30:00,1302.1240234375,7.82708692550659,1432.58616496028,220.892196655273
27943,2018-07-19 06:40:00,1255.21398925781,7.75557708740234,1393.28781859358,218.747802734375
27944,2018-07-19 06:50:00,805.820373535156,6.60563516616821,847.934846437577,224.552200317382
27945,2018-07-19 07:00:00,896.215515136718,6.61805582046508,852.949230745606,230.034194946289
27946,2018-07-19 07:10:00,615.048522949218,5.65471982955932,514.628754243244,234.966201782226
27947,2018-07-19 07:20:00,619.817077636718,6.11021280288696,661.802306578205,235.620407104492
27948,2018-07-19 07:30:00,697.92138671875,6.25504493713378,713.46227758876,232.98469543457
27949,2018-07-19 07:40:00,633.616516113281,6.2808141708374,722.889701529334,247.867401123046
27950,2018-07-19 07:50:00,411.597106933593,5.53528976440429,479.20915169176,254.247299194335
27951,2018-07-19 08:00:00,628.921875,6.30833292007446,733.036193842202,252.458892822265
27952,2018-07-19 08:10:00,611.6240234375,6.10631418228149,660.442733258803,249.043792724609
27953,2018-07-19 08:20:00,365.029693603515,5.25132608413696,400.227058497095,249.002700805664
27954,2018-07-19 08:30:00,569.601623535156,5.84304285049438,573.310940269681,254.871307373046
27955,2018-07-19 08:40:00,413.980590820312,5.41441679000854,444.713958019286,266.927001953125
27956,2018-07-19 08:50:00,956.010314941406,7.03861999511718,1033.4692403561,259.141296386718
27957,2018-07-19 09:00:00,1026.84802246093,7.38993978500366,1201.66201309312,258.801696777343
27958,2018-07-19 09:10:00,870.116882324218,6.98856782913208,1010.85074576783,253.680801391601
27959,2018-07-19 09:20:00,657.61328125,6.16124105453491,679.747271271549,268.015106201171
27960,2018-07-19 09:30:00,725.795471191406,6.54417705535888,823.379888341878,267.208892822265
27961,2018-07-19 09:40:00,750.509216308593,6.57017803192138,833.716406945552,256.860412597656
27962,2018-07-19 09:50:00,835.676086425781,6.71065282821655,890.888183287396,259.927490234375
27963,2018-07-19 10:00:00,1052.04895019531,7.44494199752807,1229.58131921765,257.670288085937
27964,2018-07-19 10:10:00,818.39501953125,6.84439611434936,947.452736436003,256.717712402343
27965,2018-07-19 10:20:00,855.589416503906,6.75669813156127,910.12366678785,263.3212890625
27966,2018-07-19 10:30:00,1148.13500976562,7.43174409866333,1222.84068005342,259.261291503906
27967,2018-07-19 10:40:00,968.8076171875,7.20861387252807,1112.73303043339,261.680389404296
27968,2018-07-19 10:50:00,726.16162109375,6.44288778305053,783.831216791715,265.190704345703
27969,2018-07-19 11:00:00,1009.45397949218,7.2856650352478,1149.95097971677,257.25601196289
27970,2018-07-19 11:10:00,954.698181152343,7.09505605697631,1059.35977934032,258.375793457031
27971,2018-07-19 11:20:00,541.480773925781,6.09848499298095,657.717350585535,259.20669555664
27972,2018-07-19 11:30:00,277.591003417968,4.81924295425415,292.803699616634,264.623291015625
27973,2018-07-19 11:40:00,322.555511474609,5.02452993392944,342.048734849498,260.3837890625
27974,2018-07-19 11:50:00,490.04360961914,5.61807680130004,503.616928815392,267.761596679687
27975,2018-07-19 12:00:00,507.933288574218,5.99781703948974,624.263938750109,261.654113769531
27976,2018-07-19 12:10:00,455.194702148437,5.56764793395996,488.672196145466,258.219909667968
27977,2018-07-19 12:20:00,600.724426269531,6.14881515502929,675.351847446216,261.810913085937
27978,2018-07-19 12:30:00,550.122924804687,5.99431180953979,623.081819545583,259.412994384765
27979,2018-07-19 12:40:00,696.268127441406,6.48583316802978,800.460506150913,262.892395019531
27980,2018-07-19 12:50:00,940.902282714843,7.00928878784179,1020.17575536975,259.253112792968
27981,2018-07-19 13:00:00,766.527282714843,6.5773320198059,836.573755829668,252.703002929687
27982,2018-07-19 13:10:00,528.43701171875,5.94318389892578,605.989095296573,258.194091796875
27983,2018-07-19 13:20:00,607.677490234375,6.32103109359741,737.745739079097,252.626693725585
27984,2018-07-19 13:30:00,489.963287353515,5.92323112487792,599.394158528661,248.212905883789
27985,2018-07-19 13:40:00,399.359985351562,5.50519704818725,470.496166627857,248.741897583007
27986,2018-07-19 13:50:00,293.63589477539,5.02099609375,341.174444649847,248.784606933593
27987,2018-07-19 14:00:00,286.184112548828,4.95573091506958,325.198164981424,243.24070739746
27988,2018-07-19 14:10:00,137.530502319335,4.03077220916748,128.73434083841,260.31069946289
27989,2018-07-19 14:20:00,165.297698974609,4.41232204437255,203.668271160296,264.119506835937
27990,2018-07-19 14:30:00,103.20189666748,3.95798802375793,120.074901053345,259.804809570312
27991,2018-07-19 14:40:00,51.5279998779296,3.50791096687316,52.8910349615444,265.814697265625
27992,2018-07-19 14:50:00,36.9775199890136,3.44399094581604,45.977947063443,246.000793457031
27993,2018-07-19 15:00:00,22.579490661621,3.19300508499145,25.1562397463313,259.5712890625
27994,2018-07-19 15:10:00,13.813850402832,3.25824904441833,29.5993749368254,270.193786621093
27995,2018-07-19 15:20:00,56.7162284851074,3.61292195320129,65.6673681597285,265.573486328125
27996,2018-07-19 15:30:00,74.4328918457031,3.92525911331176,114.096645767295,260.046600341796
27997,2018-07-19 15:40:00,107.750602722167,4.0692491531372,135.964484245658,255.611495971679
27998,2018-07-19 15:50:00,71.0691528320312,3.84239101409912,99.7263221019675,265.300994873046
27999,2018-07-19 16:00:00,110.638198852539,4.15875482559204,153.051181866383,277.842193603515
28000,2018-07-19 16:10:00,147.446197509765,4.31516218185424,183.867064035598,286.036010742187
28001,2018-07-19 16:20:00,249.636199951171,5.02828884124755,342.979760313789,295.410888671875
28002,2018-07-19 16:30:00,275.566589355468,5.11939287185668,365.881230451921,298.318298339843
28003,2018-07-19 16:40:00,309.87759399414,5.26408290863037,403.624399992367,289.746612548828
28004,2018-07-19 16:50:00,326.497100830078,5.36521482467651,431.049190833204,291.423797607421
28005,2018-07-19 17:00:00,357.19790649414,5.48155689239501,463.71002557657,291.907104492187
28006,2018-07-19 17:10:00,269.596099853515,5.03704595565795,345.152984955673,286.754486083984
28007,2018-07-19 17:20:00,286.29638671875,5.1273488998413,367.912299434935,286.970092773437
28008,2018-07-19 17:30:00,224.098007202148,4.8607587814331,302.51502064103,293.310394287109
28009,2018-07-19 17:40:00,206.674102783203,4.82884979248046,295.040071121403,308.116485595703
28010,2018-07-19 17:50:00,198.867797851562,4.66639614105224,258.075352767012,308.295288085937
28011,2018-07-19 18:00:00,222.796203613281,4.72932386398315,272.181838214015,308.642791748046
28012,2018-07-19 18:10:00,116.068099975585,4.11058282852172,143.807712265303,304.864807128906
28013,2018-07-19 18:20:00,66.2246017456054,3.89867711067199,109.367311481165,303.856994628906
28014,2018-07-19 18:30:00,17.435920715332,3.46036291122436,47.6863339616575,301.285614013671
28015,2018-07-19 18:40:00,0.0,3.07492899894714,18.8468763569663,316.006103515625
28016,2018-07-19 18:50:00,0.0,2.36586809158325,0.0,290.305786132812
28017,2018-07-19 19:00:00,0.0,2.65940189361572,0.0,301.26611328125
28018,2018-07-19 19:10:00,0.0,2.71651005744934,0.0,298.057098388671
28019,2018-07-19 19:20:00,0.0,2.77542304992675,0.0,287.968811035156
28020,2018-07-19 19:30:00,0.0,2.97592306137084,0.0,281.779113769531
28021,2018-07-19 19:40:00,0.0,3.04604697227478,17.6431290052469,276.64028930664
28022,2018-07-19 19:50:00,0.0,3.6628201007843,72.3566821053946,280.639892578125
28023,2018-07-19 20:00:00,45.6998481750488,3.67891001701354,74.5986254405407,287.432006835937
28024,2018-07-19 20:10:00,80.666389465332,3.98532795906066,125.200189642474,290.499114990234
28025,2018-07-19 20:20:00,73.0845336914062,3.91188192367553,111.702512975713,288.520599365234
28026,2018-07-19 20:30:00,148.821105957031,4.40936517715454,203.057843826596,293.229187011718
28027,2018-07-19 20:40:00,113.513198852539,4.20899200439453,162.812304562726,293.526000976562
28028,2018-07-19 20:50:00,97.0843963623046,4.09699010848999,141.219587611773,286.582702636718
28029,2018-07-19 21:00:00,90.9771575927734,4.05468702316284,133.22018790851,288.290893554687
28030,2018-07-19 21:10:00,72.287742614746,3.9472370147705,118.092221444764,274.595886230468
28031,2018-07-19 21:20:00,137.191192626953,4.31668090820312,184.172576394606,268.633514404296
28032,2018-07-19 21:30:00,210.777801513671,4.78037118911743,283.820625191457,262.526885986328
28033,2018-07-19 21:40:00,326.904388427734,5.28074502944946,408.082491662183,260.866394042968
28034,2018-07-19 21:50:00,379.080505371093,5.55440378189086,484.787128119222,258.843811035156
28035,2018-07-19 22:00:00,322.800598144531,5.36811304092407,431.84818570503,256.472503662109
28036,2018-07-19 22:10:00,388.745086669921,5.56204891204833,487.027755902826,256.240600585937
28037,2018-07-19 22:20:00,387.783386230468,5.64422512054443,511.461689675455,256.458190917968
28038,2018-07-19 22:30:00,510.600006103515,6.08018779754638,651.373535635514,255.904006958007
28039,2018-07-19 22:40:00,493.486297607421,6.06702280044555,646.831229318292,245.910202026367
28040,2018-07-19 22:50:00,387.678405761718,5.72379684448242,535.742800905921,243.027999877929
28041,2018-07-19 23:00:00,408.394287109375,5.79690790176391,558.605546679843,242.319198608398
28042,2018-07-19 23:10:00,457.375610351562,5.82306623458862,566.91672430147,240.147796630859
28043,2018-07-19 23:20:00,383.284088134765,5.51346111297607,472.88057725428,239.201797485351
28044,2018-07-19 23:30:00,529.796508789062,6.05222988128662,641.749336561742,235.372406005859
28045,2018-07-19 23:40:00,432.036987304687,5.66691017150878,518.320930493187,246.052505493164
28046,2018-07-19 23:50:00,307.942504882812,5.1085181236267,363.113220517944,246.875701904296
28047,2018-07-20 00:00:00,351.342590332031,5.36663818359375,431.441497508922,249.004592895507
28048,2018-07-20 00:10:00,467.720611572265,5.86309385299682,579.770292280511,257.911895751953
28049,2018-07-20 00:20:00,346.081787109375,5.37578105926513,433.965701867254,252.04280090332
28050,2018-07-20 00:30:00,286.81460571289,5.06149101257324,351.250826904579,251.645904541015
28051,2018-07-20 00:40:00,327.553985595703,5.24659490585327,398.970552279045,255.58169555664
28052,2018-07-20 00:50:00,419.152709960937,5.62317514419555,505.141325873604,251.117202758789
28053,2018-07-20 01:00:00,378.108184814453,5.48522186279296,464.758734923326,247.256805419921
28054,2018-07-20 01:10:00,294.204986572265,5.15446710586547,374.873399497934,257.437286376953
28055,2018-07-20 01:20:00,380.941986083984,5.48512411117553,464.730747931751,261.642700195312
28056,2018-07-20 01:30:00,391.951995849609,5.52679920196533,476.742308061754,268.332489013671
28057,2018-07-20 01:40:00,487.90591430664,5.97673511505126,617.174126378418,268.78140258789
28058,2018-07-20 01:50:00,635.618530273437,6.3975019454956,766.47729487856,272.870391845703
28059,2018-07-20 02:00:00,590.13623046875,6.22824478149414,703.733457741728,262.488006591796
28060,2018-07-20 02:10:00,761.0615234375,6.70377016067504,888.034192906113,265.1044921875
28061,2018-07-20 02:20:00,810.435180664062,6.82684707641601,939.909352414284,286.401214599609
28062,2018-07-20 02:30:00,486.09390258789,5.88434886932373,586.663006256526,296.956085205078
28063,2018-07-20 02:40:00,265.114501953125,4.95935201644897,326.076168892113,292.428100585937
28064,2018-07-20 02:50:00,169.398605346679,4.54006385803222,230.528361598537,291.765686035156
28065,2018-07-20 03:00:00,174.827896118164,4.66220808029174,257.145785768729,271.43130493164
28066,2018-07-20 03:10:00,489.374694824218,5.9813528060913,618.722959687492,292.234191894531
28067,2018-07-20 03:20:00,594.283081054687,6.36626386642456,754.663757916872,301.766296386718
28068,2018-07-20 03:30:00,257.993896484375,4.9104299545288,314.296253371913,303.123291015625
28069,2018-07-20 03:40:00,256.767211914062,4.91319322586059,314.956920574627,300.214202880859
28070,2018-07-20 03:50:00,423.336212158203,5.83158302307128,569.637811789539,305.440612792968
28071,2018-07-20 04:00:00,280.113006591796,5.05090808868408,348.605215076284,310.362915039062
28072,2018-07-20 04:10:00,629.860717773437,6.4604902267456,790.622623852273,317.034210205078
28073,2018-07-20 04:20:00,679.076416015625,6.50912284851074,809.564031552643,309.960388183593
28074,2018-07-20 04:30:00,703.744079589843,6.50698709487915,808.726695292126,306.650787353515
28075,2018-07-20 04:40:00,418.719512939453,5.68458890914916,523.701133024917,312.936706542968
28076,2018-07-20 04:50:00,257.57470703125,4.98387479782104,332.04803186758,312.816802978515
28077,2018-07-20 05:00:00,315.019592285156,5.34987783432006,426.83325556685,299.500305175781
28078,2018-07-20 05:10:00,619.510192871093,6.20431518554687,695.111847455272,309.160614013671
28079,2018-07-20 05:20:00,717.761474609375,6.50389289855957,807.514494506677,298.677703857421
28080,2018-07-20 05:30:00,493.491394042968,5.89068698883056,588.727479303089,302.130310058593
28081,2018-07-20 05:40:00,444.286804199218,5.81497812271118,564.339470283295,303.121612548828
28082,2018-07-20 05:50:00,237.588806152343,4.79576778411865,287.36613348224,312.424987792968
28083,2018-07-20 06:00:00,63.3253288269042,3.69318199157714,76.6219256062177,318.299194335937
28084,2018-07-20 06:10:00,53.759708404541,3.53861904144287,56.4446470705589,303.429504394531
28085,2018-07-20 06:20:00,158.0625,4.37145900726318,195.276278941431,301.908905029296
28086,2018-07-20 06:30:00,104.355697631835,3.92134308815002,113.392825707347,298.265991210937
28087,2018-07-20 06:40:00,44.208568572998,3.43660807609558,45.2215874040094,289.726806640625
28088,2018-07-20 06:50:00,12.3978796005249,2.89432597160339,0.0,283.046112060546
28089,2018-07-20 07:00:00,27.4813995361328,3.28341102600097,31.4948976047453,274.260192871093
28090,2018-07-20 07:10:00,45.2937507629394,3.49379110336303,51.307687608456,283.044006347656
28091,2018-07-20 07:20:00,4.67799282073974,2.91373896598815,0.0,284.425811767578
28092,2018-07-20 07:30:00,0.0,2.64469099044799,0.0,277.396514892578
28093,2018-07-20 07:40:00,0.0,2.82769393920898,0.0,273.420806884765
28094,2018-07-20 07:50:00,0.0,3.45720601081848,47.3535792524754,263.267791748046
28095,2018-07-20 08:00:00,33.9348907470703,3.2798249721527,31.2185603121079,292.204895019531
28096,2018-07-20 08:10:00,123.030296325683,4.03490877151489,129.508408557904,291.950805664062
28097,2018-07-20 08:20:00,61.3793296813964,3.74690794944763,84.5307731781695,284.825408935546
28098,2018-07-20 08:30:00,41.8513488769531,3.37378406524658,39.1382522824715,279.832611083984
28099,2018-07-20 08:40:00,15.0146799087524,3.20706391334533,26.0560823638416,282.832702636718
28100,2018-07-20 08:50:00,39.0175514221191,3.411062002182,42.6717416408546,271.725891113281
28101,2018-07-20 09:00:00,6.33567285537719,2.89163899421691,0.0,272.332489013671
28102,2018-07-20 09:10:00,3.42926788330078,2.46989107131958,0.0,283.256103515625
28103,2018-07-20 09:20:00,0.0,2.87004995346069,0.0,265.247192382812
28104,2018-07-20 09:30:00,4.50953388214111,3.55382299423217,58.2599285306533,262.990509033203
28105,2018-07-20 09:40:00,59.6119689941406,3.65583491325378,71.396271899529,254.820693969726
28106,2018-07-20 09:50:00,31.5998191833496,3.21982288360595,26.9001002879377,270.213409423828
28107,2018-07-20 10:00:00,91.5225219726562,3.92190599441528,113.493844824396,272.390686035156
28108,2018-07-20 10:10:00,84.1006622314453,3.77510809898376,88.8668643762985,269.22119140625
28109,2018-07-20 10:20:00,19.82320022583,3.07511901855468,18.8552379496395,276.478698730468
28110,2018-07-20 10:30:00,0.0,2.43352699279785,0.0,275.779113769531
28111,2018-07-20 10:40:00,0.0,2.6694529056549,0.0,263.632110595703
28112,2018-07-20 10:50:00,0.0,3.07011294364929,18.6368801861508,269.155212402343
28113,2018-07-20 11:00:00,12.7747297286987,3.65659809112548,71.5008231775864,287.789611816406
28114,2018-07-20 11:10:00,80.8675918579101,3.79284596443176,91.659448727075,288.596710205078
28115,2018-07-20 11:20:00,252.802505493164,4.9753041267395,329.955739671799,309.982208251953
28116,2018-07-20 11:30:00,160.705795288085,4.4558048248291,212.703211989489,325.785614013671
28117,2018-07-20 11:40:00,77.1996231079101,3.66060709953308,72.0515663813394,336.877014160156
28118,2018-07-20 11:50:00,1.09766697883605,3.05376291275024,17.951649270999,352.468109130859
28119,2018-07-20 12:00:00,0.0,3.31545805931091,34.0557608726858,357.019805908203
28120,2018-07-20 12:10:00,75.9622421264648,3.75172400474548,85.2622864967025,353.780090332031
28121,2018-07-20 12:20:00,254.728393554687,4.87509107589721,305.896127466224,9.66354942321777
28122,2018-07-20 12:30:00,315.528015136718,4.97087287902832,328.876141065772,3.84284591674804
28123,2018-07-20 12:40:00,413.809906005859,5.52804088592529,477.102647903605,9.23775100708007
28124,2018-07-20 12:50:00,455.301605224609,5.73972082138061,540.676844263108,13.2432804107666
28125,2018-07-20 13:00:00,368.958312988281,5.32849216461181,420.988833301181,6.5087571144104
28126,2018-07-20 13:10:00,472.075408935546,5.85892105102539,578.4226161915,1.18897104263305
28127,2018-07-20 13:20:00,197.550704956054,4.55609703063964,233.968894413718,9.29208469390869
28128,2018-07-20 13:30:00,219.53970336914,4.68413209915161,262.024691480519,9.36162185668945
28129,2018-07-20 13:40:00,92.2795867919921,3.867595911026,103.980882339155,6.20438718795776
28130,2018-07-20 13:50:00,232.381698608398,4.80588197708129,289.70417151284,8.48184204101562
28131,2018-07-20 14:00:00,114.76309967041,4.08572912216186,139.082032320753,16.4590492248535
28132,2018-07-20 14:10:00,133.03010559082,4.18368196487426,157.87880879637,25.6211490631103
28133,2018-07-20 14:20:00,208.466796875,4.63894605636596,252.003379022979,25.3048305511474
28134,2018-07-20 14:30:00,498.613311767578,5.90161180496215,592.295805341488,13.7061195373535
28135,2018-07-20 14:40:00,457.337585449218,5.81178903579711,563.32511332069,10.7928600311279
28136,2018-07-20 14:50:00,405.544311523437,5.64731407165527,512.392758115463,7.31546306610107
28137,2018-07-20 15:00:00,508.252288818359,6.01535320281982,629.182707098022,10.5000801086425
28138,2018-07-20 15:10:00,297.330108642578,5.16648387908935,377.977036955523,6.08794498443603
28139,2018-07-20 15:20:00,265.564392089843,5.03510379791259,344.670495917396,4.07842397689819
28140,2018-07-20 15:30:00,145.526306152343,4.24912023544311,170.700958035261,1.0642340183258
28141,2018-07-20 15:40:00,142.082000732421,4.18452501296997,158.04262053361,10.1386203765869
28142,2018-07-20 15:50:00,256.154113769531,4.94162797927856,321.78795150946,8.59231758117675
28143,2018-07-20 16:00:00,307.217407226562,5.3056001663208,414.776588519501,2.4565269947052
28144,2018-07-20 16:10:00,67.968147277832,3.65642094612121,71.4765469564127,352.645111083984
28145,2018-07-20 16:20:00,70.1831970214843,3.73429894447326,82.6331614115088,357.916412353515
28146,2018-07-20 16:30:00,184.242294311523,4.64408588409423,253.136596680988,359.755615234375
28147,2018-07-20 16:40:00,200.750396728515,4.76842498779296,281.080939952994,354.880401611328
28148,2018-07-20 16:50:00,332.460205078125,5.35839414596557,429.171736770492,352.770904541015
28149,2018-07-20 17:00:00,234.044601440429,4.91953992843627,316.476463960289,348.159790039062
28150,2018-07-20 17:10:00,300.174407958984,5.3053879737854,414.719216296698,341.835388183593
28151,2018-07-20 17:20:00,232.273193359375,4.96156597137451,326.613466182775,333.718994140625
28152,2018-07-20 17:30:00,228.58560180664,4.88603591918945,308.488061691585,327.637084960937
28153,2018-07-20 17:40:00,278.872009277343,4.98697900772094,332.807205611958,330.409088134765
28154,2018-07-20 17:50:00,305.494598388671,5.20299291610717,387.478698969881,332.105285644531
28155,2018-07-20 18:00:00,353.703491210937,5.51103401184082,472.179637695794,337.105895996093
28156,2018-07-20 18:10:00,394.471588134765,5.69447183609008,526.722145700548,339.407104492187
28157,2018-07-20 18:20:00,241.274597167968,4.92201995849609,317.071042177642,346.573913574218
28158,2018-07-20 18:30:00,119.482597351074,4.19177913665771,159.453628902577,347.543395996093
28159,2018-07-20 18:40:00,110.468597412109,4.16594982147216,154.441480452092,344.558685302734
28160,2018-07-20 18:50:00,74.4438934326171,3.97460103034973,123.175006439892,344.53970336914
28161,2018-07-20 19:00:00,54.0744895935058,3.78703498840332,90.7390454665874,345.553588867187
28162,2018-07-20 19:10:00,0.233399704098701,3.01981401443481,16.6654560753559,353.459289550781
28163,2018-07-20 19:20:00,0.0,3.65249300003051,70.9395452080826,346.817687988281
28164,2018-07-20 19:30:00,218.350601196289,4.82982778549194,295.268102224729,347.429504394531
28165,2018-07-20 19:40:00,193.673599243164,4.64271020889282,252.833123798423,345.739196777343
28166,2018-07-20 19:50:00,152.340499877929,4.46705913543701,215.059595179021,346.4130859375
28167,2018-07-20 20:00:00,189.336807250976,4.65633201599121,255.84348264105,358.202606201171
28168,2018-07-20 20:10:00,259.756286621093,5.01316595077514,339.24063631286,6.67977714538574
28169,2018-07-20 20:20:00,382.976409912109,5.54352807998657,481.609125068662,12.1919403076171
28170,2018-07-20 20:30:00,752.847778320312,6.79816007614135,927.65792466139,16.1084403991699
28171,2018-07-20 20:40:00,1210.10803222656,7.91775798797607,1483.25762391306,20.1528606414794
28172,2018-07-20 20:50:00,919.816528320312,7.24147605895996,1128.50531936621,24.672170639038
28173,2018-07-20 21:00:00,950.260925292968,7.07329988479614,1049.32984267302,27.7144699096679
28174,2018-07-20 21:10:00,953.100830078125,7.14357614517211,1081.95308098546,28.3100891113281
28175,2018-07-20 21:20:00,808.195678710937,6.90482902526855,973.71533854862,22.456579208374
28176,2018-07-20 21:30:00,681.970520019531,6.46303415298461,791.606949025957,20.4929294586181
28177,2018-07-20 21:40:00,1026.54602050781,7.48423099517822,1249.80424305445,15.2247495651245
28178,2018-07-20 21:50:00,1156.9599609375,7.69392776489257,1359.89855793321,13.8163795471191
28179,2018-07-20 22:00:00,1017.70300292968,7.49083280563354,1253.22555069588,17.4225902557373
28180,2018-07-20 22:10:00,875.858581542968,7.11322212219238,1067.78224847513,20.4514999389648
28181,2018-07-20 22:20:00,951.707214355468,7.12397098541259,1072.78636422754,20.0424308776855
28182,2018-07-20 22:30:00,723.437622070312,6.58941602706909,841.413289771105,21.4548206329345
28183,2018-07-20 22:40:00,504.234588623046,5.96707010269165,613.93975561955,20.0494804382324
28184,2018-07-20 22:50:00,476.326293945312,5.97123622894287,615.332711978157,26.9227104187011
28185,2018-07-20 23:00:00,583.070983886718,6.37054777145385,756.277545613306,35.1636009216308
28186,2018-07-20 23:10:00,457.590087890625,5.90372896194458,592.988769606059,40.862060546875
28187,2018-07-20 23:20:00,392.812408447265,5.75529193878173,545.525993918042,43.9677085876464
28188,2018-07-20 23:30:00,344.837493896484,5.48518705368041,464.748768723619,44.7965011596679
28189,2018-07-20 23:40:00,311.305206298828,5.35483980178833,428.194984544091,38.0533294677734
28190,2018-07-20 23:50:00,264.229888916015,4.98470020294189,332.249824085435,31.7011795043945
28191,2018-07-21 00:00:00,106.821899414062,4.06173610687255,134.547400634134,11.3690996170043
28192,2018-07-21 00:10:00,7.43897199630737,2.71724009513854,0.0,349.806884765625
28193,2018-07-21 00:20:00,0.0,2.282399892807,0.0,357.975311279296
28194,2018-07-21 00:30:00,0.0,2.1171178817749,0.0,348.085510253906
28195,2018-07-21 00:40:00,0.0,2.52256393432617,0.0,356.065185546875
28196,2018-07-21 00:50:00,0.0,2.95073890686035,0.0,348.55029296875
28197,2018-07-21 01:00:00,0.0,3.37329411506652,39.0932913895931,1.47430801391601
28198,2018-07-21 01:10:00,46.0284996032714,4.06057119369506,134.327911651936,358.331604003906
28199,2018-07-21 01:20:00,106.381103515625,4.2468991279602,170.262150215827,4.59996080398559
28200,2018-07-21 01:30:00,53.2568092346191,3.82130908966064,96.2457805298764,15.14684009552
28201,2018-07-21 01:40:00,15.0565900802612,3.46043109893798,47.6935389155551,22.0484104156494
28202,2018-07-21 01:50:00,34.9910697937011,3.80303502082824,93.2863402406338,36.5028610229492
28203,2018-07-21 02:00:00,69.2737426757812,3.83168292045593,97.9495718688386,30.5632400512695
28204,2018-07-21 02:10:00,111.32080078125,4.22255182266235,165.468743023759,29.3834209442138
28205,2018-07-21 02:20:00,90.4813537597656,4.06666183471679,135.476179791429,32.537239074707
28206,2018-07-21 02:30:00,49.7691001892089,3.75183296203613,85.2788790094783,31.2595691680908
28207,2018-07-21 02:40:00,40.735179901123,3.701092004776,77.7573440856986,34.2924499511718
28208,2018-07-21 02:50:00,26.0917205810546,3.35934710502624,37.8295347120993,38.1105499267578
28209,2018-07-21 03:00:00,7.88761377334594,3.0034019947052,16.1097897160043,44.1184005737304
28210,2018-07-21 03:10:00,0.543466687202453,3.47401905059814,49.1441344455379,50.5220489501953
28211,2018-07-21 03:20:00,15.7810401916503,3.36256790161132,38.1186115138698,42.2794494628906
28212,2018-07-21 03:30:00,0.0,3.36320900917053,38.1763510408682,56.6901817321777
28213,2018-07-21 03:40:00,0.0,3.32799291610717,35.1021215567489,62.2958488464355
28214,2018-07-21 03:50:00,0.0,2.94273591041564,0.0,52.369831085205
28215,2018-07-21 04:00:00,0.0,2.4692780971527,0.0,39.9577484130859
28216,2018-07-21 04:10:00,0.0,2.9026870727539,0.0,30.7398891448974
28217,2018-07-21 04:20:00,0.0,2.4393880367279,0.0,35.5334281921386
28218,2018-07-21 04:30:00,0.0,2.18249702453613,0.0,31.16402053833
28219,2018-07-21 04:40:00,0.0,2.69742393493652,0.0,22.227310180664
28220,2018-07-21 04:50:00,0.0,3.02574396133422,16.8768268863096,17.900390625
28221,2018-07-21 05:00:00,0.0,2.63465809822082,0.0,13.3114500045776
28222,2018-07-21 05:10:00,0.0,1.8383799791336,0.0,16.866039276123
28223,2018-07-21 05:20:00,0.0,2.20972108840942,0.0,8.7443151473999
28224,2018-07-21 05:30:00,0.0,1.82471799850463,0.0,14.7072496414184
28225,2018-07-21 05:40:00,0.0,1.39627504348754,0.0,12.9351997375488
28226,2018-07-21 05:50:00,0.0,2.1485788822174,0.0,16.3510398864746
28227,2018-07-21 06:00:00,0.0,1.83043897151947,0.0,17.5494499206542
28228,2018-07-21 06:10:00,0.0,2.03139495849609,0.0,27.1097698211669
28229,2018-07-21 06:20:00,0.0,2.61555695533752,0.0,14.132360458374
28230,2018-07-21 06:30:00,0.0,2.63714098930358,0.0,9.06719875335693
28231,2018-07-21 06:40:00,0.0,2.17416191101074,0.0,10.0427503585815
28232,2018-07-21 06:50:00,0.0,2.37316989898681,0.0,38.5780181884765
28233,2018-07-21 07:00:00,0.0,3.09779596328735,19.8945948600194,36.346450805664
28234,2018-07-21 07:10:00,0.0,3.08597707748413,19.3426311077092,23.115119934082
28235,2018-07-21 07:20:00,0.0,3.59003901481628,62.7329315945508,12.3201599121093
28236,2018-07-21 07:30:00,0.0,2.70481395721435,0.0,4.04722023010253
28237,2018-07-21 07:40:00,0.0,2.2170979976654,0.0,15.7116498947143
28238,2018-07-21 07:50:00,0.0,2.91489505767822,0.0,24.0160694122314
28239,2018-07-21 08:00:00,0.0,2.58576989173889,0.0,15.8217000961303
28240,2018-07-21 08:10:00,0.0,1.73518097400665,0.0,359.523986816406
28241,2018-07-21 08:20:00,0.0,1.96248495578765,0.0,19.7084808349609
28242,2018-07-21 08:30:00,0.0,2.39457201957702,0.0,28.9742698669433
28243,2018-07-21 08:40:00,0.0,2.90253710746765,0.0,37.9956016540527
28244,2018-07-21 08:50:00,0.0,1.97141599655151,0.0,29.5279998779296
28245,2018-07-21 09:00:00,0.0,2.50185489654541,0.0,27.7079391479492
28246,2018-07-21 09:10:00,0.0,3.01608490943908,16.5354150469839,31.3924198150634
28247,2018-07-21 09:20:00,0.0,2.76105403900146,0.0,25.9722995758056
28248,2018-07-21 09:30:00,0.0,2.92269992828369,0.0,0.590022027492523
28249,2018-07-21 09:40:00,0.0,2.73805999755859,0.0,345.727386474609
28250,2018-07-21 09:50:00,0.0,2.37702393531799,0.0,6.77410697937011
28251,2018-07-21 10:00:00,0.0,3.47001600265502,48.7137155051059,18.2304897308349
28252,2018-07-21 10:10:00,13.7105798721313,2.82049703598022,0.0,12.6705303192138
28253,2018-07-21 10:20:00,32.132080078125,3.21509099006652,26.5840424027529,18.5314197540283
28254,2018-07-21 10:30:00,0.0,2.5775830745697,0.0,27.3549194335937
28255,2018-07-21 10:40:00,0.0,2.88396191596984,0.0,33.3994789123535
28256,2018-07-21 10:50:00,0.0,2.60187888145446,0.0,15.8889598846435
28257,2018-07-21 11:00:00,0.0,2.30270099639892,0.0,20.1301803588867
28258,2018-07-21 11:10:00,0.0,2.61612510681152,0.0,27.4558792114257
28259,2018-07-21 11:20:00,0.0,3.02900505065917,16.9954650581931,27.0415306091308
28260,2018-07-21 11:30:00,0.0,2.53681206703186,0.0,19.4643497467041
28261,2018-07-21 11:40:00,0.0,2.65722393989562,0.0,24.1065292358398
28262,2018-07-21 11:50:00,0.0,2.93662190437316,0.0,24.4012393951416
28263,2018-07-21 12:00:00,0.0,2.72892689704895,0.0,18.6975994110107
28264,2018-07-21 12:10:00,0.0,2.99408793449401,0.0,15.5062599182128
28265,2018-07-21 12:20:00,0.0,2.56852602958679,0.0,16.7040691375732
28266,2018-07-21 12:30:00,0.0,3.01799798011779,16.6018495468352,23.1139602661132
28267,2018-07-21 12:40:00,0.0,2.87089610099792,0.0,5.47759294509887
28268,2018-07-21 12:50:00,0.0,3.12506294250488,21.2532733271946,17.7144107818603
28269,2018-07-21 13:00:00,0.0,3.21991395950317,26.9062186708506,5.02123117446899
28270,2018-07-21 13:10:00,33.4419784545898,3.82249307632446,96.4393672905171,3.34506297111511
28271,2018-07-21 13:20:00,195.052200317382,4.64296293258666,252.888865284778,10.7506303787231
28272,2018-07-21 13:30:00,204.799896240234,4.66799592971801,258.430738450301,14.194109916687
28273,2018-07-21 13:40:00,313.891387939453,5.26091289520263,402.778895242656,13.2365703582763
28274,2018-07-21 13:50:00,239.747299194335,4.84550285339355,298.93216649568,11.8487195968627
28275,2018-07-21 14:00:00,280.409088134765,5.00622987747192,337.531550215766,10.184639930725
28276,2018-07-21 14:10:00,197.635803222656,4.64391708374023,253.099352874097,18.2230892181396
28277,2018-07-21 14:20:00,219.856506347656,4.7100658416748,267.836826787704,18.2385692596435
28278,2018-07-21 14:30:00,279.436309814453,5.00852823257446,338.097470741185,19.5988502502441
28279,2018-07-21 14:40:00,200.357192993164,4.64067220687866,252.383766711591,22.8170509338378
28280,2018-07-21 14:50:00,179.94790649414,4.51287698745727,224.730308961449,16.4494705200195
28281,2018-07-21 15:00:00,225.326599121093,4.67251396179199,259.435302421145,21.9382591247558
28282,2018-07-21 15:10:00,223.419601440429,4.68766117095947,262.812991232769,29.0303001403808
28283,2018-07-21 15:20:00,356.701995849609,5.44352006912231,452.898224612781,23.2805309295654
28284,2018-07-21 15:30:00,396.505889892578,5.54322099685668,481.519552461917,23.5711708068847
28285,2018-07-21 15:40:00,260.821594238281,4.95384979248046,324.742437632475,28.1145191192626
28286,2018-07-21 15:50:00,158.570007324218,4.33734703063964,188.342303037841,34.4463195800781
28287,2018-07-21 16:00:00,183.944305419921,4.4565110206604,212.850853807189,43.1286506652832
28288,2018-07-21 16:10:00,310.446807861328,5.31244802474975,416.630175048874,54.2077293395996
28289,2018-07-21 16:20:00,374.765686035156,5.67252922058105,520.027679343522,53.5256690979003
28290,2018-07-21 16:30:00,379.434112548828,5.7454981803894,542.473200220535,49.8292617797851
28291,2018-07-21 16:40:00,495.053314208984,6.10607194900512,660.358312378981,51.590591430664
28292,2018-07-21 16:50:00,422.070007324218,5.83283376693725,570.038046898281,42.1924400329589
28293,2018-07-21 17:00:00,333.921600341796,5.35762405395507,428.96001776442,43.118309020996
28294,2018-07-21 17:10:00,274.17739868164,5.15217781066894,374.283457964358,40.1714706420898
28295,2018-07-21 17:20:00,373.9541015625,5.69813680648803,527.844890630551,35.7260818481445
28296,2018-07-21 17:30:00,379.381286621093,5.58732604980468,494.475142201523,32.8777084350585
28297,2018-07-21 17:40:00,319.8369140625,5.48164892196655,463.736344252229,32.9583396911621
28298,2018-07-21 17:50:00,254.448303222656,5.12401819229125,367.061397849359,39.5465087890625
28299,2018-07-21 18:00:00,284.215515136718,5.27790117263793,407.319927901029,42.3424491882324
28300,2018-07-21 18:10:00,214.003097534179,4.86309480667114,303.065103344626,43.5410995483398
28301,2018-07-21 18:20:00,193.274002075195,4.6117238998413,246.02978325866,32.2828292846679
28302,2018-07-21 18:30:00,167.843597412109,4.54174280166625,230.887902688357,27.0288200378417
28303,2018-07-21 18:40:00,163.582901000976,4.55218887329101,233.128790084493,25.8549709320068
28304,2018-07-21 18:50:00,120.641502380371,4.32227611541748,185.299206293781,28.8392295837402
28305,2018-07-21 19:00:00,122.198997497558,4.47941493988037,217.655204534228,22.3689708709716
28306,2018-07-21 19:10:00,129.964096069335,4.32634496688842,186.119562460507,23.1830196380615
28307,2018-07-21 19:20:00,172.619201660156,4.69221782684326,263.832041803124,18.5167694091796
28308,2018-07-21 19:30:00,172.210098266601,4.5511770248413,232.911434959659,22.058910369873
28309,2018-07-21 19:40:00,199.85139465332,4.77082777023315,281.631194524209,21.96821975708
28310,2018-07-21 19:50:00,284.152801513671,5.35757493972778,428.946516701699,18.7295093536376
28311,2018-07-21 20:00:00,273.495697021484,5.27978801727294,407.825797686067,18.5070705413818
28312,2018-07-21 20:10:00,239.590896606445,4.99325513839721,334.344338573413,19.6479701995849
28313,2018-07-21 20:20:00,307.550598144531,5.5983247756958,497.734570556999,7.74182891845703
28314,2018-07-21 20:30:00,194.735702514648,4.79764890670776,287.800442525927,9.32747745513916
28315,2018-07-21 20:40:00,206.644897460937,4.95855903625488,325.883812267975,10.6947803497314
28316,2018-07-21 20:50:00,250.560592651367,4.98018789291381,331.147297631722,7.02172088623046
28317,2018-07-21 21:00:00,183.638900756835,4.6871919631958,262.708135482045,7.28131198883056
28318,2018-07-21 21:10:00,132.015792846679,4.36164808273315,193.275396061779,11.9739904403686
28319,2018-07-21 21:20:00,161.45849609375,4.62820196151733,249.640039288461,7.67557287216186
28320,2018-07-21 21:30:00,113.618896484375,4.15879201889038,153.058362233276,4.20209407806396
28321,2018-07-21 21:40:00,116.764999389648,4.22251796722412,165.462098896597,2.41494798660278
28322,2018-07-21 21:50:00,84.2322998046875,4.01596307754516,125.969428487617,4.33669281005859
28323,2018-07-21 22:00:00,54.0098304748535,3.89023494720458,107.888979208496,358.830413818359
28324,2018-07-21 22:10:00,114.912803649902,4.23053216934204,167.036522942193,356.889587402343
28325,2018-07-21 22:20:00,109.957901000976,4.20351696014404,161.742360871422,2.71337890625
28326,2018-07-21 22:30:00,139.200805664062,4.51043987274169,224.212744032446,359.592590332031
28327,2018-07-21 22:40:00,94.9708862304687,4.2020239830017,161.450863369158,1.22109198570251
28328,2018-07-21 22:50:00,119.188201904296,4.30242681503295,181.310070901123,359.804992675781
28329,2018-07-21 23:00:00,74.349609375,4.08015012741088,138.025228706082,359.886413574218
28330,2018-07-21 23:10:00,26.5742092132568,3.6829650402069,75.1701809782071,0.190400406718254
28331,2018-07-21 23:20:00,0.872134089469909,2.93254590034484,0.0,354.400512695312
28332,2018-07-21 23:30:00,0.0,3.49577498435974,51.5282263088639,337.5087890625
28333,2018-07-21 23:40:00,11.770299911499,3.4061369895935,42.1921640122782,340.658386230468
28334,2018-07-21 23:50:00,0.0,2.67693400382995,0.0,346.401489257812
28335,2018-07-22 00:00:00,0.0,2.54229593276977,0.0,343.779602050781
28336,2018-07-22 00:10:00,0.0,2.63780498504638,0.0,345.726593017578
28337,2018-07-22 00:20:00,0.0,3.03389000892639,17.176362902047,323.892395019531
28338,2018-07-22 00:30:00,0.0,2.79664707183837,0.0,325.397796630859
28339,2018-07-22 00:40:00,0.0,2.65791606903076,0.0,332.580688476562
28340,2018-07-22 00:50:00,0.0,2.30917406082153,0.0,347.582611083984
28341,2018-07-22 01:00:00,0.0,2.56030011177062,0.0,345.974212646484
28342,2018-07-22 01:10:00,0.0,2.89579200744628,0.0,353.411895751953
28343,2018-07-22 01:20:00,0.0,3.26109409332275,29.8086210317706,357.566497802734
28344,2018-07-22 01:30:00,0.0,2.79882311820983,0.0,2.74755001068115
28345,2018-07-22 01:40:00,0.0,2.58404302597045,0.0,3.31769895553588
28346,2018-07-22 01:50:00,0.0,2.98503899574279,0.0,356.722686767578
28347,2018-07-22 02:00:00,0.0,2.85348010063171,0.0,352.587310791015
28348,2018-07-22 02:10:00,0.0,2.48973202705383,0.0,345.153594970703
28349,2018-07-22 02:20:00,0.0,2.66594290733337,0.0,353.517791748046
28350,2018-07-22 02:30:00,0.0,2.44052600860595,0.0,355.227813720703
28351,2018-07-22 02:40:00,0.0,2.05185389518737,0.0,353.164611816406
28352,2018-07-22 02:50:00,0.0,1.74309396743774,0.0,352.88101196289
28353,2018-07-22 03:00:00,0.0,1.85488998889923,0.0,1.23635697364807
28354,2018-07-22 03:10:00,0.0,2.1677029132843,0.0,2.55823898315429
28355,2018-07-22 03:20:00,0.0,2.4507360458374,0.0,16.6807708740234
28356,2018-07-22 03:30:00,0.0,1.77465295791625,0.0,14.4358797073364
28357,2018-07-22 03:40:00,0.0,1.59006094932556,0.0,338.45361328125
28358,2018-07-22 03:50:00,0.0,2.10032296180725,0.0,359.607788085937
28359,2018-07-22 04:00:00,0.0,1.79908001422882,0.0,18.2019805908203
28360,2018-07-22 04:10:00,0.0,1.38598203659057,0.0,7.41793584823608
28361,2018-07-22 04:20:00,0.0,1.62741601467132,0.0,11.9982500076293
28362,2018-07-22 04:30:00,0.0,1.30173099040985,0.0,14.5818901062011
28363,2018-07-22 04:40:00,0.0,1.3174329996109,0.0,352.238800048828
28364,2018-07-22 04:50:00,0.0,1.04996001720428,0.0,342.782104492187
28365,2018-07-22 05:00:00,0.0,0.924640893936157,0.0,346.203887939453
28366,2018-07-22 05:10:00,0.0,1.12583196163177,0.0,322.336303710937
28367,2018-07-22 05:20:00,0.0,1.19133603572845,0.0,293.401885986328
28368,2018-07-22 05:30:00,0.0,0.948722720146179,0.0,291.625213623046
28369,2018-07-22 05:40:00,0.0,1.37206101417541,0.0,281.0625
28370,2018-07-22 05:50:00,0.0,1.06187498569488,0.0,244.279693603515
28371,2018-07-22 06:00:00,0.0,0.883031010627746,0.0,254.723403930664
28372,2018-07-22 06:10:00,0.0,1.65711402893066,0.0,246.500198364257
28373,2018-07-22 06:20:00,0.0,1.53846395015716,0.0,230.571899414062
28374,2018-07-22 06:30:00,0.0,1.85671997070312,0.0,219.723205566406
28375,2018-07-22 06:40:00,0.0,1.47408699989318,0.0,254.765396118164
28376,2018-07-22 06:50:00,0.0,1.00729501247406,0.0,286.221984863281
28377,2018-07-22 07:00:00,0.0,1.42626404762268,0.0,280.064697265625
28378,2018-07-22 07:10:00,0.0,0.868354618549346,0.0,232.743606567382
28379,2018-07-22 07:20:00,0.0,1.33575594425201,0.0,193.142196655273
28380,2018-07-22 07:30:00,0.0,1.47832703590393,0.0,236.848098754882
28381,2018-07-22 07:40:00,0.0,0.786740720272064,0.0,310.022491455078
28382,2018-07-22 07:50:00,0.0,1.76065301895141,0.0,3.67099690437316
28383,2018-07-22 08:00:00,0.0,3.18473696708679,24.6418027074515,4.01069402694702
28384,2018-07-22 08:10:00,17.5495700836181,3.23101496696472,27.661912139808,12.8979902267456
28385,2018-07-22 08:20:00,0.0,2.7101080417633,0.0,345.359497070312
28386,2018-07-22 08:30:00,11.4221296310424,3.58602499961853,62.2268240020248,296.80810546875
28387,2018-07-22 08:40:00,-0.10986640304327,2.59341597557067,0.0,285.87451171875
28388,2018-07-22 08:50:00,0.0,2.36280798912048,0.0,278.454193115234
28389,2018-07-22 09:00:00,0.0,2.60115098953247,0.0,273.511993408203
28390,2018-07-22 09:10:00,0.0,2.87110710144042,0.0,270.75601196289
28391,2018-07-22 09:20:00,0.0,2.5839340686798,0.0,257.236785888671
28392,2018-07-22 09:30:00,0.0,2.47569704055786,0.0,264.354614257812
28393,2018-07-22 09:40:00,0.0,3.0528700351715,17.9154603750112,256.641510009765
28394,2018-07-22 09:50:00,0.0,2.94295692443847,0.0,263.640411376953
28395,2018-07-22 10:00:00,12.8444004058837,3.72051906585693,80.5884280484897,270.335296630859
28396,2018-07-22 10:10:00,93.1976928710937,4.02903413772583,128.409328341472,262.71011352539
28397,2018-07-22 10:20:00,59.8562507629394,3.54955101013183,57.7461373431724,261.860809326171
28398,2018-07-22 10:30:00,83.6772537231445,3.91926193237304,113.019781860755,269.666198730468
28399,2018-07-22 10:40:00,58.2304801940917,3.58336091041564,61.8923452773788,276.703704833984
28400,2018-07-22 10:50:00,211.169601440429,4.76362419128417,279.982708395316,285.549499511718
28401,2018-07-22 11:00:00,255.43960571289,5.12178087234497,366.490324061713,265.487701416015
28402,2018-07-22 11:10:00,320.101287841796,5.32828521728515,420.93247111846,267.80630493164
28403,2018-07-22 11:20:00,321.696411132812,5.17943000793457,381.333847475048,275.416198730468
28404,2018-07-22 11:30:00,162.779998779296,4.13472986221313,148.427145622157,277.253692626953
28405,2018-07-22 11:40:00,182.402999877929,4.20782804489135,162.584714358173,272.129913330078
28406,2018-07-22 11:50:00,163.932205200195,4.27979278564453,176.787078840089,268.965209960937
28407,2018-07-22 12:00:00,111.44090270996,3.99383211135864,126.818808808883,288.172698974609
28408,2018-07-22 12:10:00,77.8138809204101,3.67332601547241,73.8158663440736,297.132995605468
28409,2018-07-22 12:20:00,19.4422702789306,3.23664307594299,28.0525740615167,288.01040649414
28410,2018-07-22 12:30:00,1.59733295440673,2.74855995178222,0.0,313.346008300781
28411,2018-07-22 12:40:00,0.0,2.23984289169311,0.0,293.949584960937
28412,2018-07-22 12:50:00,0.0,2.47739911079406,0.0,305.015411376953
28413,2018-07-22 13:00:00,0.0,3.05448293685913,17.9809252121959,312.863403320312
28414,2018-07-22 13:10:00,0.0,2.78805088996887,0.0,312.824493408203
28415,2018-07-22 13:20:00,0.0,2.50803089141845,0.0,315.194793701171
28416,2018-07-22 13:30:00,0.0,2.44226002693176,0.0,328.230895996093
28417,2018-07-22 13:40:00,0.0,2.10586094856262,0.0,343.221099853515
28418,2018-07-22 13:50:00,0.0,2.39660191535949,0.0,346.648895263671
28419,2018-07-22 14:00:00,0.0,1.93842101097106,0.0,7.28293800354003
28420,2018-07-22 14:10:00,0.0,1.95880699157714,0.0,36.8945999145507
28421,2018-07-22 14:20:00,0.0,1.12103497982025,0.0,341.849700927734
28422,2018-07-22 14:30:00,0.0,1.51511001586914,0.0,353.402313232421
28423,2018-07-22 14:40:00,0.0,1.15357100963592,0.0,341.084411621093
28424,2018-07-22 14:50:00,0.0,1.10194301605224,0.0,325.477508544921
28425,2018-07-22 15:00:00,0.0,1.79162895679473,0.0,333.508087158203
28426,2018-07-22 15:10:00,0.0,1.06977498531341,0.0,4.33870315551757
28427,2018-07-22 15:20:00,0.0,0.989385724067687,0.0,69.3749465942382
28428,2018-07-22 15:30:00,0.0,1.35335004329681,0.0,75.4171524047851
28429,2018-07-22 15:40:00,0.0,1.54841101169586,0.0,85.9704513549804
28430,2018-07-22 15:50:00,0.0,1.14671099185943,0.0,99.0524597167968
28431,2018-07-22 16:00:00,0.0,1.37682199478149,0.0,87.1730117797851
28432,2018-07-22 16:10:00,0.0,1.19216001033782,0.0,76.084716796875
28433,2018-07-22 16:20:00,0.0,1.35159599781036,0.0,73.3918762207031
28434,2018-07-22 16:30:00,0.0,2.58254790306091,0.0,71.8785934448242
28435,2018-07-22 16:40:00,0.0,3.22552704811096,27.2858614939223,61.0067596435546
28436,2018-07-22 16:50:00,0.0,2.61384510993957,0.0,77.5544128417968
28437,2018-07-22 17:00:00,0.0,3.27281904220581,30.6846277337936,79.0601272583007
28438,2018-07-22 17:10:00,0.0,3.05689406394958,18.0795648074027,84.3933029174804
28439,2018-07-22 17:20:00,0.0,2.73543405532836,0.0,87.9960479736328
28440,2018-07-22 17:30:00,0.0,2.70460605621337,0.0,93.1952819824218
28441,2018-07-22 17:40:00,0.0,2.43965101242065,0.0,93.1795806884765
28442,2018-07-22 17:50:00,0.0,2.39624190330505,0.0,93.2747726440429
28443,2018-07-22 18:00:00,0.0,2.57938194274902,0.0,99.9771575927734
28444,2018-07-22 18:10:00,0.0,2.51065802574157,0.0,100.956001281738
28445,2018-07-22 18:20:00,0.0,1.94631898403167,0.0,96.3987503051757
28446,2018-07-22 18:30:00,0.0,1.39786994457244,0.0,113.113502502441
28447,2018-07-22 18:40:00,0.0,0.603936970233917,0.0,106.99169921875
28448,2018-07-22 18:50:00,0.0,0.906740128993988,0.0,22.4602508544921
28449,2018-07-22 19:00:00,0.0,0.903438627719879,0.0,35.651569366455
28450,2018-07-22 19:10:00,0.0,0.930915117263793,0.0,55.4813499450683
28451,2018-07-22 19:20:00,0.0,1.50050902366638,0.0,79.1691207885742
28452,2018-07-22 19:30:00,0.0,1.33032202720642,0.0,56.7113990783691
28453,2018-07-22 19:40:00,0.0,1.49290800094604,0.0,60.2755889892578
28454,2018-07-22 19:50:00,0.0,1.49262797832489,0.0,42.6355285644531
28455,2018-07-22 20:00:00,0.0,1.45750701427459,0.0,53.8927307128906
28456,2018-07-22 20:10:00,0.0,1.19559299945831,0.0,40.1588706970214
28457,2018-07-22 20:20:00,0.0,0.546676814556121,0.0,220.321105957031
28458,2018-07-22 20:30:00,0.0,1.06566298007965,0.0,259.389587402343
28459,2018-07-22 20:40:00,0.0,1.28417301177978,0.0,2.93817806243896
28460,2018-07-22 20:50:00,0.0,2.17305707931518,0.0,1.58036804199218
28461,2018-07-22 21:00:00,0.0,2.26132202148437,0.0,0.120145097374916
28462,2018-07-22 21:10:00,0.0,2.32524299621582,0.0,350.549987792968
28463,2018-07-22 21:20:00,0.0,2.20581102371215,0.0,1.38155400753021
28464,2018-07-22 21:30:00,0.0,2.07197904586791,0.0,9.79072856903076
28465,2018-07-22 21:40:00,0.0,2.01610302925109,0.0,26.730239868164
28466,2018-07-22 21:50:00,0.0,1.59852194786071,0.0,29.9131698608398
28467,2018-07-22 22:00:00,0.0,1.98066103458404,0.0,2.32030701637268
28468,2018-07-22 22:10:00,0.0,2.91863107681274,0.0,347.862915039062
28469,2018-07-22 22:20:00,0.0,1.46600794792175,0.0,304.755187988281
28470,2018-07-22 22:30:00,0.0,1.84252202510833,0.0,281.842102050781
28471,2018-07-22 22:40:00,0.0,1.98383903503417,0.0,245.113800048828
28472,2018-07-22 22:50:00,0.0,2.48656201362609,0.0,218.77000427246
28473,2018-07-22 23:00:00,0.0,3.04259204864501,17.508072165263,208.664199829101
28474,2018-07-22 23:10:00,0.0,3.16203808784484,23.2857261640283,195.852905273437
28475,2018-07-22 23:20:00,0.0,3.06347894668579,18.3536924277323,192.151596069335
28476,2018-07-22 23:30:00,0.0,2.18433189392089,0.0,197.526092529296
28477,2018-07-22 23:40:00,0.0,0.878078997135162,0.0,173.852401733398
28478,2018-07-22 23:50:00,0.0,1.1826809644699,0.0,250.04800415039
28479,2018-07-23 00:00:00,0.0,1.41935205459594,0.0,258.745513916015
28480,2018-07-23 00:10:00,0.0,1.05204200744628,0.0,277.877288818359
28481,2018-07-23 00:20:00,0.0,0.68393462896347,0.0,257.006286621093
28482,2018-07-23 00:30:00,0.0,1.19623804092407,0.0,18.6289596557617
28483,2018-07-23 00:40:00,0.0,1.16949796676635,0.0,44.5764083862304
28484,2018-07-23 00:50:00,0.0,1.54161596298217,0.0,7.89346408843994
28485,2018-07-23 01:00:00,0.0,1.91909003257751,0.0,355.003112792968
28486,2018-07-23 01:10:00,0.0,1.77006101608276,0.0,348.136291503906
28487,2018-07-23 01:20:00,0.0,1.68349802494049,0.0,1.52950394153594
28488,2018-07-23 01:30:00,0.0,0.764879882335662,0.0,32.4780693054199
28489,2018-07-23 01:40:00,0.0,0.382591396570206,0.0,103.203796386718
28490,2018-07-23 01:50:00,0.0,0.956155121326446,0.0,89.6953964233398
28491,2018-07-23 02:00:00,0.0,1.38673794269561,0.0,132.86360168457
28492,2018-07-23 02:10:00,0.0,1.7088199853897,0.0,155.652801513671
28493,2018-07-23 02:20:00,0.0,3.0474100112915,17.696937094981,184.248901367187
28494,2018-07-23 02:30:00,0.0,3.15980696678161,23.156884267567,197.056594848632
28495,2018-07-23 02:40:00,0.0,2.68039202690124,0.0,213.501998901367
28496,2018-07-23 02:50:00,0.0,3.54814910888671,57.5781671302393,206.336303710937
28497,2018-07-23 03:00:00,32.4194984436035,3.79653096199035,92.245916656434,199.509506225585
28498,2018-07-23 03:10:00,5.08372783660888,3.26154088973999,29.8415994321585,204.232498168945
28499,2018-07-23 03:20:00,0.0,2.99236011505126,0.0,198.979400634765
28500,2018-07-23 03:30:00,0.0,3.21170711517333,26.3602198947483,197.428604125976
28501,2018-07-23 03:40:00,0.0,3.12078809738159,21.0324002737361,199.121505737304
28502,2018-07-23 03:50:00,0.0,2.71110892295837,0.0,184.256393432617
28503,2018-07-23 04:00:00,0.0,3.44282293319702,45.8577058755218,185.866104125976
28504,2018-07-23 04:10:00,49.1855316162109,4.02604818344116,127.851283465218,185.355697631835
28505,2018-07-23 04:20:00,164.006195068359,4.43789005279541,208.967576481564,178.490203857421
28506,2018-07-23 04:30:00,182.804901123046,4.43138217926025,207.61515749257,183.348693847656
28507,2018-07-23 04:40:00,276.210205078125,4.95140600204467,324.150790200593,186.531494140625
28508,2018-07-23 04:50:00,270.51431274414,5.08920812606811,358.221275105149,185.139892578125
28509,2018-07-23 05:00:00,374.032897949218,5.442636013031,452.648494071278,185.136901855468
28510,2018-07-23 05:10:00,214.535995483398,4.70639991760253,267.012528484562,188.823303222656
28511,2018-07-23 05:20:00,169.667007446289,4.53954887390136,230.418113812194,198.83430480957
28512,2018-07-23 05:30:00,80.0266799926757,4.01125812530517,125.093047101985,199.916595458984
28513,2018-07-23 05:40:00,55.267578125,3.78429007530212,90.3061561870609,188.611892700195
28514,2018-07-23 05:50:00,13.8056802749633,2.92567801475524,0.0,183.410003662109
28515,2018-07-23 06:00:00,0.0,2.26461195945739,0.0,183.364196777343
28516,2018-07-23 06:10:00,0.0,1.40204501152038,0.0,177.334197998046
28517,2018-07-23 06:20:00,0.0,1.46269702911376,0.0,175.568206787109
28518,2018-07-23 06:30:00,0.0,0.964186489582061,0.0,169.357498168945
28519,2018-07-23 06:40:00,0.0,0.648112177848815,0.0,207.3251953125
28520,2018-07-23 06:50:00,0.0,0.376865595579147,0.0,116.357902526855
28521,2018-07-23 07:00:00,0.0,1.61418902873992,0.0,208.693298339843
28522,2018-07-23 07:10:00,0.0,2.36335396766662,0.0,188.442199707031
28523,2018-07-23 07:20:00,0.0,1.71047496795654,0.0,182.689300537109
28524,2018-07-23 07:30:00,0.0,2.35378289222717,0.0,159.872100830078
28525,2018-07-23 07:40:00,0.0,2.55003809928894,0.0,150.720901489257
28526,2018-07-23 07:50:00,0.0,3.18031597137451,24.3712190466031,158.202697753906
28527,2018-07-23 08:00:00,0.0,2.67635202407836,0.0,196.294006347656
28528,2018-07-23 08:10:00,0.0,2.6679151058197,0.0,185.097900390625
28529,2018-07-23 08:20:00,0.0,1.93280398845672,0.0,201.325393676757
28530,2018-07-23 08:30:00,0.0,2.03930306434631,0.0,260.291687011718
28531,2018-07-23 08:40:00,0.0,2.43402290344238,0.0,13.868989944458
28532,2018-07-23 08:50:00,0.0,3.23985505104064,28.2777972740778,13.3415603637695
28533,2018-07-23 09:00:00,0.0,2.06356596946716,0.0,9.59640312194824
28534,2018-07-23 09:10:00,0.0,2.30516791343688,0.0,7.39628410339355
28535,2018-07-23 09:20:00,0.0,2.74083089828491,0.0,23.9444198608398
28536,2018-07-23 09:30:00,0.0,3.37302303314208,39.0684317209088,33.1812210083007
28537,2018-07-23 09:40:00,0.0,3.1260540485382,21.3048994054525,37.2174987792968
28538,2018-07-23 09:50:00,0.0,2.19665098190307,0.0,16.9692592620849
28539,2018-07-23 10:00:00,0.0,1.87683498859405,0.0,14.7338304519653
28540,2018-07-23 10:10:00,0.0,3.38731908798217,40.3954968886574,24.6641292572021
28541,2018-07-23 10:20:00,0.0,3.44120693206787,45.6917063785513,12.7143802642822
28542,2018-07-23 10:30:00,0.0,3.13976001739501,22.0349495536211,353.734985351562
28543,2018-07-23 10:40:00,0.0,2.44755411148071,0.0,14.3565301895141
28544,2018-07-23 10:50:00,0.0,2.20611691474914,0.0,352.425506591796
28545,2018-07-23 11:00:00,0.0,2.18282008171081,0.0,10.7749395370483
28546,2018-07-23 11:10:00,0.0,1.63505804538726,0.0,0.785961985588073
28547,2018-07-23 11:20:00,0.0,2.19054889678955,0.0,329.915588378906
28548,2018-07-23 11:30:00,0.0,2.36347389221191,0.0,313.017913818359
28549,2018-07-23 11:40:00,0.0,2.9647090435028,0.0,327.546203613281
28550,2018-07-23 11:50:00,0.0,2.76210594177246,0.0,337.957397460937
28551,2018-07-23 12:00:00,0.0,2.50987410545349,0.0,355.549407958984
28552,2018-07-23 12:10:00,0.0,1.92564296722412,0.0,351.207214355468
28553,2018-07-23 12:20:00,0.0,0.704953372478485,0.0,355.317199707031
28554,2018-07-23 12:30:00,0.0,0.653906285762786,0.0,31.9750900268554
28555,2018-07-23 12:40:00,0.0,1.00476801395416,0.0,351.97378540039
28556,2018-07-23 12:50:00,0.0,1.80032503604888,0.0,351.121795654296
28557,2018-07-23 13:00:00,0.0,1.69048798084259,0.0,359.710296630859
28558,2018-07-23 13:10:00,0.0,1.72835505008697,0.0,24.740379333496
28559,2018-07-23 13:20:00,0.0,2.40327596664428,0.0,48.6806602478027
28560,2018-07-23 13:30:00,0.0,2.85126399993896,0.0,62.3844985961914
28561,2018-07-23 13:40:00,0.0,2.48763799667358,0.0,89.133918762207
28562,2018-07-23 13:50:00,0.0,2.07961297035217,0.0,105.293296813964
28563,2018-07-23 14:00:00,0.0,2.69773888587951,0.0,62.1529312133789
28564,2018-07-23 14:10:00,0.0,2.73655605316162,0.0,70.8265762329101
28565,2018-07-23 14:20:00,0.0,0.867156982421875,0.0,53.8766212463378
28566,2018-07-23 14:30:00,0.0,0.980518221855163,0.0,32.6683197021484
28567,2018-07-23 14:40:00,0.0,1.69199705123901,0.0,44.8004608154296
28568,2018-07-23 14:50:00,0.0,1.52919805049896,0.0,42.8782691955566
28569,2018-07-23 15:00:00,0.0,1.14604294300079,0.0,61.6669692993164
28570,2018-07-23 15:10:00,0.0,0.760386824607849,0.0,157.895401000976
28571,2018-07-23 15:20:00,0.0,2.07217788696289,0.0,206.009902954101
28572,2018-07-23 15:30:00,0.0,2.70922398567199,0.0,201.408996582031
28573,2018-07-23 15:40:00,0.0,2.62890005111694,0.0,206.424392700195
28574,2018-07-23 15:50:00,0.0,2.9606430530548,0.0,210.250198364257
28575,2018-07-23 16:00:00,0.0,2.85702300071716,0.0,232.569595336914
28576,2018-07-23 16:10:00,0.0,2.85117602348327,0.0,221.5458984375
28577,2018-07-23 16:20:00,0.0,3.06113505363464,18.2553212989415,217.476104736328
28578,2018-07-23 16:30:00,0.0,3.5790410041809,61.3523908956158,232.341094970703
28579,2018-07-23 16:40:00,0.0,2.78075504302978,0.0,249.261093139648
28580,2018-07-23 16:50:00,0.0,2.95406103134155,0.0,253.709899902343
28581,2018-07-23 17:00:00,44.1557693481445,4.1359429359436,148.659951300284,277.392700195312
28582,2018-07-23 17:10:00,17.709129333496,3.37680292129516,39.416128801171,256.810394287109
28583,2018-07-23 17:20:00,0.0,2.97685694694519,0.0,272.503112792968
28584,2018-07-23 17:30:00,0.0,3.26171803474426,29.8546834886483,292.753509521484
28585,2018-07-23 17:40:00,0.0,1.95157003402709,0.0,321.183013916015
28586,2018-07-23 17:50:00,0.0,2.1661570072174,0.0,16.2432098388671
28587,2018-07-23 18:00:00,0.0,2.82155394554138,0.0,49.8037490844726
28588,2018-07-23 18:10:00,0.0,2.91544795036315,0.0,59.5386390686035
28589,2018-07-23 18:20:00,0.0,3.25491189956665,29.3555869093871,31.0318393707275
28590,2018-07-23 18:30:00,0.0,2.97972798347473,0.0,44.454288482666
28591,2018-07-23 18:40:00,0.0,2.71216797828674,0.0,45.8382606506347
28592,2018-07-23 18:50:00,0.0,2.79726195335388,0.0,29.5991401672363
28593,2018-07-23 19:00:00,0.0,3.06460809707641,18.4013956030722,17.5637702941894
28594,2018-07-23 19:10:00,0.0,2.62411499023437,0.0,16.1629390716552
28595,2018-07-23 19:20:00,0.0,3.53585410118103,56.1185006579954,28.0946998596191
28596,2018-07-23 19:30:00,13.7469301223754,3.18151497840881,24.4442943000222,27.6299896240234
28597,2018-07-23 19:40:00,0.0,2.53246998786926,0.0,26.7172107696533
28598,2018-07-23 19:50:00,0.0,2.31403398513793,0.0,28.4407901763916
28599,2018-07-23 20:00:00,0.0,2.32975888252258,0.0,20.0657291412353
28600,2018-07-23 20:10:00,0.0,2.68328809738159,0.0,25.2490196228027
28601,2018-07-23 20:20:00,0.0,3.19032907485961,24.9885429344613,60.6978111267089
28602,2018-07-23 20:30:00,20.640920639038,3.8666489124298,103.819192191016,55.0723190307617
28603,2018-07-23 20:40:00,69.8072662353515,3.96221208572387,120.858954576212,53.0363807678222
28604,2018-07-23 20:50:00,22.4984607696533,3.63405895233154,68.4523468771513,40.4370384216308
28605,2018-07-23 21:00:00,12.9006700515747,3.15241289138793,22.7355876813126,22.0799198150634
28606,2018-07-23 21:10:00,0.0,2.05816102027893,0.0,26.4251499176025
28607,2018-07-23 21:20:00,0.0,2.25461101531982,0.0,27.149730682373
28608,2018-07-23 21:30:00,0.0,0.984161078929901,0.0,49.1894302368164
28609,2018-07-23 21:40:00,0.0,2.61475610733032,0.0,67.1134796142578
28610,2018-07-23 21:50:00,0.0,1.81617796421051,0.0,84.0658569335937
28611,2018-07-23 22:00:00,0.0,2.03649711608886,0.0,145.483993530273
28612,2018-07-23 22:10:00,0.0,1.88741099834442,0.0,144.96060180664
28613,2018-07-23 22:20:00,0.0,0.588037729263305,0.0,147.724395751953
28614,2018-07-23 22:30:00,56.9614906311035,6.63876390457153,861.348386450783,304.795684814453
28615,2018-07-23 22:40:00,708.341369628906,6.38703107833862,762.505597973561,324.888488769531
28616,2018-07-23 22:50:00,535.476806640625,5.64005899429321,510.207400212692,343.843292236328
28617,2018-07-23 23:00:00,267.53970336914,4.91684103012084,315.829926013237,9.1587209701538
28618,2018-07-23 23:10:00,40.240909576416,3.69551706314086,76.9560648301158,60.778881072998
28619,2018-07-23 23:20:00,15.7273502349853,3.070729970932,18.6635773728676,57.0018692016601
28620,2018-07-23 23:30:00,0.0,2.37248396873474,0.0,76.6718215942382
28621,2018-07-23 23:40:00,0.0,2.52523899078369,0.0,188.24609375
28622,2018-07-23 23:50:00,0.0,2.3673551082611,0.0,218.234893798828
28623,2018-07-24 00:00:00,0.0,2.2717969417572,0.0,330.796112060546
28624,2018-07-24 00:10:00,0.0,3.55060195922851,57.8722640958148,11.1775398254394
28625,2018-07-24 00:20:00,0.0,2.09551095962524,0.0,358.021606445312
28626,2018-07-24 00:30:00,0.0,1.64715003967285,0.0,338.357788085937
28627,2018-07-24 00:40:00,0.0,2.23625111579895,0.0,283.880615234375
28628,2018-07-24 00:50:00,0.0,3.44878697395324,46.4739630057129,295.79019165039
28629,2018-07-24 01:00:00,86.1734771728515,3.90395593643188,110.297496766656,288.599609375
28630,2018-07-24 01:10:00,121.584999084472,4.24958276748657,170.792369322944,268.780700683593
28631,2018-07-24 01:20:00,396.109985351562,5.43994188308715,451.887883516095,262.035095214843
28632,2018-07-24 01:30:00,1639.22998046875,8.5751724243164,1874.5483930047,290.920288085937
28633,2018-07-24 01:40:00,733.132385253906,6.38329792022705,761.092468610989,299.965209960937
28634,2018-07-24 01:50:00,401.784301757812,5.53605794906616,479.432670570434,321.192901611328
28635,2018-07-24 02:00:00,413.158294677734,5.6221580505371,504.83701736206,354.85220336914
28636,2018-07-24 02:10:00,469.523712158203,5.65320491790771,514.170929762404,359.549896240234
28637,2018-07-24 02:20:00,322.397399902343,5.01236009597778,339.041880755041,24.812400817871
28638,2018-07-24 02:30:00,100.340797424316,4.11139488220214,143.962608757491,25.2547092437744
28639,2018-07-24 02:40:00,57.9609909057617,3.84947490692138,100.911806420612,16.690050125122
28640,2018-07-24 02:50:00,132.051193237304,4.44286823272705,210.003763781253,345.743194580078
28641,2018-07-24 03:00:00,361.3837890625,5.61960697174072,504.07418586484,343.579986572265
28642,2018-07-24 03:10:00,147.652603149414,4.31323623657226,183.479813471605,21.2192707061767
28643,2018-07-24 03:20:00,87.15966796875,4.02764797210693,128.150218139578,53.0783081054687
28644,2018-07-24 03:30:00,65.1314468383789,3.37430906295776,39.186471983634,52.6923294067382
28645,2018-07-24 03:40:00,492.17739868164,5.90304708480834,592.765533841157,41.3782882690429
28646,2018-07-24 03:50:00,388.136688232421,5.40751981735229,442.785539867797,48.3587188720703
28647,2018-07-24 04:00:00,386.041809082031,5.4992971420288,468.797733116885,44.1533317565917
28648,2018-07-24 04:10:00,316.788208007812,5.40142011642456,441.083571546028,31.0594692230224
28649,2018-07-24 04:20:00,43.0818710327148,3.66446805000305,72.5844007580863,22.0626506805419
28650,2018-07-24 04:30:00,0.0,2.95274806022644,0.0,349.485412597656
28651,2018-07-24 04:40:00,0.0,2.85449409484863,0.0,323.407592773437
28652,2018-07-24 04:50:00,0.0,3.63551688194274,68.6470768009067,308.69189453125
28653,2018-07-24 05:00:00,143.596206665039,4.23540592193603,167.995604864581,287.615814208984
28654,2018-07-24 05:10:00,574.993408203125,6.19041299819946,690.131211634829,288.967712402343
28655,2018-07-24 05:20:00,126.34390258789,4.11192989349365,144.064677490085,288.255096435546
28656,2018-07-24 05:30:00,210.386505126953,4.3233790397644,185.521487439555,284.783111572265
28657,2018-07-24 05:40:00,318.361511230468,4.90701723098754,313.481080086546,270.630706787109
28658,2018-07-24 05:50:00,2226.10595703125,9.10696792602539,2213.16483715673,239.876693725585
28659,2018-07-24 06:00:00,3035.78198242187,11.8222599029541,3491.56507832095,228.177597045898
28660,2018-07-24 06:10:00,2258.48388671875,9.60959434509277,2524.46187087034,226.872497558593
28661,2018-07-24 06:20:00,1134.4990234375,7.47349405288696,1244.2542741617,213.025405883789
28662,2018-07-24 06:30:00,1128.99597167968,7.38830423355102,1200.83870008744,222.153594970703
28663,2018-07-24 06:40:00,1053.14794921875,7.21503400802612,1115.80268217172,226.156005859375
28664,2018-07-24 06:50:00,2355.93408203125,9.7261266708374,2609.71370811354,223.577194213867
28665,2018-07-24 07:00:00,2737.23095703125,10.4944601058959,3063.1424704401,245.174194335937
28666,2018-07-24 07:10:00,3105.46606445312,11.824119567871,3491.91186488127,247.426300048828
28667,2018-07-24 07:20:00,3443.57495117187,12.6044101715087,3586.10878855658,247.106704711914
28668,2018-07-24 07:30:00,3453.53295898437,12.4079599380493,3571.60012868642,244.56460571289
28669,2018-07-24 07:40:00,3207.52001953125,11.8882303237915,3503.49006078159,241.753494262695
28670,2018-07-24 07:50:00,2397.32592773437,10.4609403610229,3046.95942156159,241.622406005859
28671,2018-07-24 08:00:00,1972.96203613281,9.17311286926269,2256.13421540732,249.479995727539
28672,2018-07-24 08:10:00,1691.93603515625,8.47799396514892,1814.44088856115,219.666107177734
28673,2018-07-24 08:20:00,2265.94702148437,9.4641523361206,2446.45459196127,215.301498413085
28674,2018-07-24 08:30:00,2025.10900878906,9.07479953765869,2192.31874681533,217.525207519531
28675,2018-07-24 08:40:00,1335.39904785156,7.90388011932373,1475.44257558515,238.641799926757
28676,2018-07-24 08:50:00,1162.78100585937,7.46030616760253,1237.46156599116,255.518005371093
28677,2018-07-24 09:00:00,788.762512207031,6.63537502288818,859.970516806467,254.037902832031
28678,2018-07-24 09:10:00,547.440612792968,5.94481182098388,606.529029793698,251.27879333496
28679,2018-07-24 09:20:00,837.168212890625,6.99554681777954,1013.98539988416,251.163696289062
28680,2018-07-24 09:30:00,515.205017089843,5.77291297912597,551.042830314816,248.270202636718
28681,2018-07-24 09:40:00,455.367492675781,5.49376487731933,467.208043060226,253.045196533203
28682,2018-07-24 09:50:00,567.610900878906,5.99159479141235,622.166431852978,261.91860961914
28683,2018-07-24 10:00:00,576.407287597656,6.11199712753295,662.425099227799,258.230804443359
28684,2018-07-24 10:10:00,491.186004638671,5.8861870765686,587.261321398846,256.778991699218
28685,2018-07-24 10:20:00,642.987487792968,6.31250381469726,734.581187981844,260.491088867187
28686,2018-07-24 10:30:00,835.602172851562,6.89791297912597,970.687193244373,256.704406738281
28687,2018-07-24 10:40:00,1155.35302734375,7.57115793228149,1294.8202970993,267.187713623046
28688,2018-07-24 10:50:00,638.637084960937,6.11145305633544,662.235163012206,273.194885253906
28689,2018-07-24 11:00:00,737.039611816406,6.45168399810791,787.220724632951,263.386901855468
28690,2018-07-24 11:10:00,465.514007568359,5.68408203125,523.546448687762,250.672607421875
28691,2018-07-24 11:20:00,269.237213134765,4.86381721496582,303.235293753638,243.942001342773
28692,2018-07-24 11:30:00,266.804504394531,4.9610481262207,326.487759256325,240.811492919921
28693,2018-07-24 11:40:00,204.013702392578,4.55349111557006,233.408617623689,243.6083984375
28694,2018-07-24 11:50:00,303.372009277343,5.16034317016601,376.389578805643,230.785995483398
28695,2018-07-24 12:00:00,262.570495605468,4.84872722625732,299.688028212619,222.839492797851
28696,2018-07-24 12:10:00,93.4117584228515,3.92929100990295,114.823854803811,243.948699951171
28697,2018-07-24 12:20:00,83.4706268310546,3.64833498001098,70.3737790648192,232.292694091796
28698,2018-07-24 12:30:00,30.6072902679443,3.08600211143493,19.3437766196193,247.461700439453
28699,2018-07-24 12:40:00,97.3130416870117,3.77759289741516,89.2550298461256,241.104293823242
28700,2018-07-24 12:50:00,51.1728210449218,3.49679207801818,51.6415359991124,245.847106933593
28701,2018-07-24 13:00:00,19.1930999755859,2.97011303901672,0.0,268.185791015625
28702,2018-07-24 13:10:00,24.6048202514648,3.07492709159851,18.8467924555853,254.311203002929
28703,2018-07-24 13:20:00,3.46940088272094,2.447429895401,0.0,251.209594726562
28704,2018-07-24 13:30:00,0.0,2.12848997116088,0.0,255.504302978515
28705,2018-07-24 13:40:00,0.0,2.30216288566589,0.0,264.034790039062
28706,2018-07-24 13:50:00,0.0,2.43007206916809,0.0,259.79019165039
28707,2018-07-24 14:00:00,0.0,2.96176290512084,0.0,252.735794067382
28708,2018-07-24 14:10:00,0.0,2.05169105529785,0.0,251.532104492187
28709,2018-07-24 14:20:00,0.0,2.83380699157714,0.0,271.554107666015
28710,2018-07-24 14:30:00,0.0,3.01372909545898,16.4544100996572,265.085510253906
28711,2018-07-24 14:40:00,0.0,3.15948510169982,23.1383630675309,262.727294921875
28712,2018-07-24 14:50:00,0.0,2.46183395385742,0.0,243.23599243164
28713,2018-07-24 15:00:00,0.0,2.2809031009674,0.0,227.609603881835
28714,2018-07-24 15:10:00,0.0,1.85361897945404,0.0,238.022506713867
28715,2018-07-24 15:20:00,0.0,1.01108598709106,0.0,252.351806640625
28716,2018-07-24 15:30:00,0.0,0.660106301307678,0.0,257.904998779296
28717,2018-07-24 15:40:00,0.0,1.3659199476242,0.0,278.162200927734
28718,2018-07-24 15:50:00,0.0,1.8986769914627,0.0,287.01431274414
28719,2018-07-24 16:00:00,0.0,1.51891601085662,0.0,275.673706054687
28720,2018-07-24 16:10:00,0.0,2.21333503723144,0.0,300.993499755859
28721,2018-07-24 16:20:00,0.0,2.82140898704528,0.0,348.13150024414
28722,2018-07-24 16:30:00,0.0,2.90427899360656,0.0,354.868591308593
28723,2018-07-24 16:40:00,0.0,2.46730709075927,0.0,333.976287841796
28724,2018-07-24 16:50:00,21.6842193603515,4.26441717147827,173.730043088609,338.393096923828
28725,2018-07-24 17:00:00,105.412300109863,4.21052885055541,163.112910885159,358.576385498046
28726,2018-07-24 17:10:00,70.5797729492187,3.93270611763,115.441851913315,4.01935100555419
28727,2018-07-24 17:20:00,54.9624214172363,3.72144198417663,80.72442641627,5.70828819274902
28728,2018-07-24 17:30:00,140.958999633789,4.38358402252197,197.756543164149,11.259030342102
28729,2018-07-24 17:40:00,76.3127136230468,3.98025894165039,124.240893547656,14.5599498748779
28730,2018-07-24 17:50:00,132.969192504882,4.36104202270507,193.151969263597,9.64186954498291
28731,2018-07-24 18:00:00,143.179092407226,4.38965892791748,199.002318742658,9.9914379119873
28732,2018-07-24 18:10:00,56.9990310668945,3.79316592216491,91.7102839159752,8.23863887786865
28733,2018-07-24 18:20:00,0.610998213291168,2.77872800827026,0.0,11.8499002456665
28734,2018-07-24 18:30:00,0.0,3.56422805786132,59.5235619537997,350.348205566406
28735,2018-07-24 18:40:00,33.8364601135253,3.64628505706787,70.0958718253096,359.449005126953
28736,2018-07-24 18:50:00,53.1991081237792,3.71049690246582,79.1203687519883,1.51974594593048
28737,2018-07-24 19:00:00,8.37513160705566,3.40242600440979,41.8333672631315,15.6052198410034
28738,2018-07-24 19:10:00,0.0,2.45958089828491,0.0,10.2033395767211
28739,2018-07-24 19:20:00,0.0,2.23384690284729,0.0,7.76432418823242
28740,2018-07-24 19:30:00,0.0,2.70253610610961,0.0,10.9813499450683
28741,2018-07-24 19:40:00,0.0,2.9556860923767,0.0,352.909484863281
28742,2018-07-24 19:50:00,0.0,3.50769090652465,52.8661135342154,347.834014892578
28743,2018-07-24 20:00:00,43.3899307250976,3.9467589855194,118.00449366956,354.084411621093
28744,2018-07-24 20:10:00,26.3946094512939,3.30811500549316,33.4544687045855,358.252502441406
28745,2018-07-24 20:20:00,0.0,2.69089293479919,0.0,10.9533500671386
28746,2018-07-24 20:30:00,0.0,2.6948800086975,0.0,39.8946990966796
28747,2018-07-24 20:40:00,0.0,3.55049490928649,57.859408709196,61.4530601501464
28748,2018-07-24 20:50:00,0.0,2.92761588096618,0.0,74.4181213378906
28749,2018-07-24 21:00:00,0.0,3.03459310531616,17.2027140049504,53.3422203063964
28750,2018-07-24 21:10:00,0.0,3.07307004928588,18.7653801453598,54.3265991210937
28751,2018-07-24 21:20:00,0.0,3.2771770954132,31.0158384309589,45.4941711425781
28752,2018-07-24 21:30:00,0.0,3.53432989120483,55.9392311293523,38.2769203186035
28753,2018-07-24 21:40:00,0.0,2.68151092529296,0.0,42.0329895019531
28754,2018-07-24 21:50:00,0.0,2.53225398063659,0.0,26.1099605560302
28755,2018-07-24 22:00:00,0.0,2.00964593887329,0.0,34.6679611206054
28756,2018-07-24 22:10:00,0.0,1.8713229894638,0.0,21.6487808227539
28757,2018-07-24 22:20:00,0.0,1.42106294631958,0.0,67.3033370971679
28758,2018-07-24 22:30:00,0.0,0.933557212352752,0.0,85.9967193603515
28759,2018-07-24 22:40:00,0.0,0.834550499916076,0.0,69.0156784057617
28760,2018-07-24 22:50:00,0.0,0.926549792289733,0.0,11.9070997238159
28761,2018-07-24 23:00:00,0.0,0.621146976947784,0.0,347.075988769531
28762,2018-07-24 23:10:00,0.0,0.602416813373565,0.0,262.896606445312
28763,2018-07-24 23:20:00,0.0,0.614824771881103,0.0,241.453994750976
28764,2018-07-24 23:30:00,0.0,1.08030104637145,0.0,219.2666015625
28765,2018-07-24 23:40:00,0.0,1.54534101486206,0.0,221.731399536132
28766,2018-07-24 23:50:00,0.0,2.14121007919311,0.0,209.198104858398
28767,2018-07-25 00:00:00,0.0,2.82418894767761,0.0,193.552200317382
28768,2018-07-25 00:10:00,0.0,2.49431705474853,0.0,196.44790649414
28769,2018-07-25 00:20:00,0.0,1.48152899742126,0.0,187.701293945312
28770,2018-07-25 00:30:00,0.0,1.28117597103118,0.0,287.066497802734
28771,2018-07-25 00:40:00,0.0,2.44657111167907,0.0,274.966003417968
28772,2018-07-25 00:50:00,0.0,2.43442893028259,0.0,241.567993164062
28773,2018-07-25 01:00:00,0.0,2.89787888526916,0.0,244.836105346679
28774,2018-07-25 01:10:00,0.0,2.89549303054809,0.0,249.248794555664
28775,2018-07-25 01:20:00,0.0,3.09706997871398,19.8600457802504,253.771301269531
28776,2018-07-25 01:30:00,0.0,3.65343809127807,71.0685260515493,247.862106323242
28777,2018-07-25 01:40:00,0.0,2.5447518825531,0.0,247.622802734375
28778,2018-07-25 01:50:00,7.93592882156372,3.5938971042633,63.221808972613,264.948608398437
28779,2018-07-25 02:00:00,59.1441497802734,3.8384850025177,99.076088036335,268.712097167968
28780,2018-07-25 02:10:00,113.766998291015,4.21268510818481,163.53487581768,278.204315185546
28781,2018-07-25 02:20:00,315.003112792968,5.35630512237548,428.597528460423,281.834197998046
28782,2018-07-25 02:30:00,223.647399902343,4.80341005325317,289.132093602533,278.036987304687
28783,2018-07-25 02:40:00,154.294006347656,4.43657302856445,208.69368405847,274.353912353515
28784,2018-07-25 02:50:00,216.040893554687,4.82660913467407,294.517888445138,275.561614990234
28785,2018-07-25 03:00:00,342.949584960937,5.30718898773193,415.20629384778,279.019409179687
28786,2018-07-25 03:10:00,359.870513916015,5.37922477722167,434.918364739481,279.408813476562
28787,2018-07-25 03:20:00,294.344207763671,5.12491178512573,367.289598419134,285.143798828125
28788,2018-07-25 03:30:00,265.05288696289,4.83821296691894,297.225983279176,286.514709472656
28789,2018-07-25 03:40:00,246.267501831054,4.87821102142333,306.634105487581,299.351593017578
28790,2018-07-25 03:50:00,17.5331707000732,3.03380489349365,17.1731782577262,310.492004394531
28791,2018-07-25 04:00:00,92.993537902832,3.87200307846069,104.735248018336,263.392791748046
28792,2018-07-25 04:10:00,779.17041015625,5.9076600074768,594.276683221062,183.144805908203
28793,2018-07-25 04:20:00,117.410400390625,3.23709607124328,28.0842380397053,143.565399169921
28794,2018-07-25 04:30:00,46.1238403320312,3.59295511245727,63.1022248297704,263.628692626953
28795,2018-07-25 04:40:00,58.2184982299804,3.65496301651,71.2769407679916,268.908813476562
28796,2018-07-25 04:50:00,24.7055397033691,3.43082404136657,44.6351176932849,291.5244140625
28797,2018-07-25 05:00:00,103.766899108886,4.12478303909301,146.520888525496,263.880096435546
28798,2018-07-25 05:10:00,181.843200683593,4.7058401107788,266.886732408042,249.075393676757
28799,2018-07-25 05:20:00,132.666198730468,4.29803085327148,180.429479031866,252.254302978515
28800,2018-07-25 05:30:00,164.863204956054,4.53849983215332,230.193585244271,243.525100708007
28801,2018-07-25 05:40:00,65.4658203125,3.74444389343261,84.1579414273729,241.970306396484
28802,2018-07-25 05:50:00,112.771697998046,4.13500213623046,148.479392593741,262.15380859375
28803,2018-07-25 06:00:00,273.138305664062,5.01397514343261,339.440265056549,265.03628540039
28804,2018-07-25 06:10:00,184.401092529296,4.68892478942871,263.095449420771,259.682403564453
28805,2018-07-25 06:20:00,60.4325714111328,3.69737911224365,77.2231416872964,257.508697509765
28806,2018-07-25 06:30:00,21.4908199310302,3.35984396934509,37.8740216009655,263.684692382812
28807,2018-07-25 06:40:00,51.3529396057128,3.68665289878845,75.6922690343972,255.895599365234
28808,2018-07-25 06:50:00,26.4395694732666,3.0417320728302,17.4747516027828,263.879302978515
28809,2018-07-25 07:00:00,97.0533599853515,3.98675203323364,125.470431070735,264.117004394531
28810,2018-07-25 07:10:00,81.7661895751953,4.02085590362548,126.881849898918,254.04280090332
28811,2018-07-25 07:20:00,46.0076484680175,3.78087902069091,89.7698922585259,247.817306518554
28812,2018-07-25 07:30:00,44.9158096313476,3.69886207580566,77.4362425057334,252.658996582031
28813,2018-07-25 07:40:00,7.90988779067993,3.38453793525695,40.1347678203574,249.128997802734
28814,2018-07-25 07:50:00,0.0,3.59560704231262,63.4392452621951,253.212005615234
28815,2018-07-25 08:00:00,175.094604492187,4.51821422576904,225.865021057217,261.724914550781
28816,2018-07-25 08:10:00,194.661300659179,4.61172580718994,246.030200146915,262.252197265625
28817,2018-07-25 08:20:00,153.718200683593,4.03189086914062,128.94359770503,269.455200195312
28818,2018-07-25 08:30:00,225.446792602539,4.82975578308105,295.251311675815,275.529296875
28819,2018-07-25 08:40:00,230.57730102539,4.76461887359619,280.210122536033,263.905609130859
28820,2018-07-25 08:50:00,141.808502197265,4.18185091018676,157.523140684354,262.6875
28821,2018-07-25 09:00:00,132.398193359375,4.18820714950561,158.758508406301,279.967010498046
28822,2018-07-25 09:10:00,188.236099243164,4.64910221099853,254.244230996482,276.638885498046
28823,2018-07-25 09:20:00,92.6903533935546,3.77966499328613,89.5794799256255,268.521697998046
28824,2018-07-25 09:30:00,75.6358795166015,3.75307488441467,85.4681388241634,261.079986572265
28825,2018-07-25 09:40:00,93.1743469238281,3.87211990356445,104.755287009524,263.088409423828
28826,2018-07-25 09:50:00,14.9331398010253,2.77975511550903,0.0,276.26919555664
28827,2018-07-25 10:00:00,17.6683692932128,3.04262995719909,17.5095436904348,270.664306640625
28828,2018-07-25 10:10:00,0.0,2.43004298210144,0.0,255.680892944335
28829,2018-07-25 10:20:00,0.0,2.18312692642211,0.0,248.430297851562
28830,2018-07-25 10:30:00,0.0,2.18873405456542,0.0,289.672485351562
28831,2018-07-25 10:40:00,0.0,3.10122609138488,20.0589726504813,309.291687011718
28832,2018-07-25 10:50:00,0.0,2.16744804382324,0.0,302.454986572265
28833,2018-07-25 11:00:00,0.0,1.66742205619812,0.0,310.065185546875
28834,2018-07-25 11:10:00,0.0,1.87442505359649,0.0,305.301696777343
28835,2018-07-25 11:20:00,0.0,1.15950202941894,0.0,307.832489013671
28836,2018-07-25 11:30:00,0.0,1.74783504009246,0.0,311.307891845703
28837,2018-07-25 11:40:00,0.0,2.44858503341674,0.0,324.044189453125
28838,2018-07-25 11:50:00,0.0,2.02318096160888,0.0,312.257690429687
28839,2018-07-25 12:00:00,0.0,1.65020501613616,0.0,290.979614257812
28840,2018-07-25 12:10:00,0.0,1.70555198192596,0.0,292.803314208984
28841,2018-07-25 12:20:00,0.0,1.69678902626037,0.0,323.615997314453
28842,2018-07-25 12:30:00,0.0,2.32170796394348,0.0,313.285491943359
28843,2018-07-25 12:40:00,0.0,1.40674805641174,0.0,301.04800415039
28844,2018-07-25 12:50:00,0.0,1.75463497638702,0.0,307.475799560546
28845,2018-07-25 13:00:00,0.0,1.61053299903869,0.0,299.26040649414
28846,2018-07-25 13:10:00,0.0,2.20429611206054,0.0,315.094299316406
28847,2018-07-25 13:20:00,0.0,1.91044700145721,0.0,300.531097412109
28848,2018-07-25 13:30:00,0.0,1.39214599132537,0.0,321.0458984375
28849,2018-07-25 13:40:00,0.0,2.73444104194641,0.0,330.781799316406
28850,2018-07-25 13:50:00,0.0,1.88213896751403,0.0,335.077514648437
28851,2018-07-25 14:00:00,0.0,1.79677700996398,0.0,343.720794677734
28852,2018-07-25 14:10:00,0.0,1.25243401527404,0.0,331.513793945312
28853,2018-07-25 14:20:00,0.0,1.16623294353485,0.0,323.734405517578
28854,2018-07-25 14:30:00,0.0,1.04105699062347,0.0,311.297698974609
28855,2018-07-25 14:40:00,0.0,0.845327317714691,0.0,335.548614501953
28856,2018-07-25 14:50:00,0.0,0.770079791545867,0.0,299.5703125
28857,2018-07-25 15:00:00,0.0,1.09481298923492,0.0,346.972198486328
28858,2018-07-25 15:10:00,0.0,1.49244701862335,0.0,5.05052900314331
28859,2018-07-25 15:20:00,0.0,1.41373598575592,0.0,358.63101196289
28860,2018-07-25 15:30:00,0.0,1.9647409915924,0.0,351.508514404296
28861,2018-07-25 15:40:00,0.0,1.65915501117706,0.0,349.635314941406
28862,2018-07-25 15:50:00,0.0,1.37335503101348,0.0,25.4585304260253
28863,2018-07-25 16:00:00,0.0,1.36622202396392,0.0,33.3577690124511
28864,2018-07-25 16:10:00,0.0,0.424516707658768,0.0,276.117401123046
28865,2018-07-25 16:20:00,0.0,0.724497079849243,0.0,286.695495605468
28866,2018-07-25 16:30:00,0.0,1.43474197387695,0.0,291.611114501953
28867,2018-07-25 16:40:00,0.0,1.81660997867584,0.0,285.471496582031
28868,2018-07-25 16:50:00,0.0,1.62102401256561,0.0,303.152404785156
28869,2018-07-25 17:00:00,0.0,1.82000696659088,0.0,295.049102783203
28870,2018-07-25 17:10:00,0.0,2.32283401489257,0.0,320.162994384765
28871,2018-07-25 17:20:00,0.0,1.45593297481536,0.0,308.3046875
28872,2018-07-25 17:30:00,0.0,1.41478395462036,0.0,310.47280883789
28873,2018-07-25 17:40:00,0.0,1.80055904388427,0.0,335.956298828125
28874,2018-07-25 17:50:00,0.0,1.78168904781341,0.0,332.595306396484
28875,2018-07-25 18:00:00,0.0,1.65493404865264,0.0,346.630493164062
28876,2018-07-25 18:10:00,0.0,2.17268395423889,0.0,349.414886474609
28877,2018-07-25 18:20:00,0.0,2.039470911026,0.0,328.205108642578
28878,2018-07-25 18:30:00,0.0,1.32700204849243,0.0,305.161102294921
28879,2018-07-25 18:40:00,0.0,1.86805403232574,0.0,282.380889892578
28880,2018-07-25 18:50:00,0.0,1.914803981781,0.0,281.356689453125
28881,2018-07-25 19:00:00,0.0,1.67993795871734,0.0,305.06851196289
28882,2018-07-25 19:10:00,0.0,2.17274403572082,0.0,299.394500732421
28883,2018-07-25 19:20:00,0.0,2.00333905220031,0.0,292.701385498046
28884,2018-07-25 19:30:00,0.0,2.24569511413574,0.0,289.248504638671
28885,2018-07-25 19:40:00,0.0,2.60874390602111,0.0,274.261291503906
28886,2018-07-25 19:50:00,0.0,2.62208104133605,0.0,267.573303222656
28887,2018-07-25 20:00:00,0.0,3.13382601737976,21.7151847903706,269.830810546875
28888,2018-07-25 20:10:00,0.0,2.95836997032165,0.0,269.917999267578
28889,2018-07-25 20:20:00,0.0,3.54660296440124,57.3932789162182,275.647888183593
28890,2018-07-25 20:30:00,11.3458404541015,3.37078809738159,38.8639241689998,275.237213134765
28891,2018-07-25 20:40:00,69.8976669311523,3.97131395339965,122.558110194299,275.595886230468
28892,2018-07-25 20:50:00,36.0029716491699,3.55991291999816,58.9974116784115,269.481414794921
28893,2018-07-25 21:00:00,45.528881072998,3.7842059135437,90.2929024203513,268.005889892578
28894,2018-07-25 21:10:00,124.74690246582,4.25911808013916,172.679338068591,275.803314208984
28895,2018-07-25 21:20:00,134.587799072265,4.35340404510498,191.598208124343,273.454895019531
28896,2018-07-25 21:30:00,163.270706176757,4.48858499526977,219.587430514676,277.345489501953
28897,2018-07-25 21:40:00,152.554504394531,4.40300798416137,201.747129243388,279.85708618164
28898,2018-07-25 21:50:00,123.252601623535,4.22042798995971,165.052054426554,284.631195068359
28899,2018-07-25 22:00:00,101.036300659179,4.10231685638427,142.232786688486,286.28140258789
28900,2018-07-25 22:10:00,73.5057678222656,4.05665588378906,133.590658845011,283.538208007812
28901,2018-07-25 22:20:00,68.9192581176757,4.0190110206604,126.537688024736,273.887603759765
28902,2018-07-25 22:30:00,75.3296737670898,4.01006603240966,124.871154563516,280.16470336914
28903,2018-07-25 22:40:00,8.02681064605712,2.87910509109497,0.0,267.417205810546
28904,2018-07-25 22:50:00,0.0,3.04578304290771,17.632744334478,268.103607177734
28905,2018-07-25 23:00:00,0.0,3.31708788871765,34.1903907726783,268.917114257812
28906,2018-07-25 23:10:00,4.88013410568237,3.57594895362854,60.9677422909781,273.307312011718
28907,2018-07-25 23:20:00,150.74169921875,4.41556501388549,204.338337588746,273.564514160156
28908,2018-07-25 23:30:00,103.902397155761,4.21614408493041,164.212267547956,272.863800048828
28909,2018-07-25 23:40:00,108.72370147705,4.21905994415283,164.783770555508,278.536499023437
28910,2018-07-25 23:50:00,65.189582824707,3.81673598289489,95.5001647130603,277.975311279296
28911,2018-07-26 00:00:00,44.6575889587402,3.70724606513977,78.6476338169277,276.83950805664
28912,2018-07-26 00:10:00,10.35089969635,3.26462602615356,30.0701875343402,272.898895263671
28913,2018-07-26 00:20:00,-0.0196000505238771,2.70513105392456,0.0,276.781707763671
28914,2018-07-26 00:30:00,0.0,3.27722001075744,31.019115093387,283.799499511718
28915,2018-07-26 00:40:00,0.0,3.4553849697113,47.1623566818789,284.367004394531
28916,2018-07-26 00:50:00,0.0,2.56772089004516,0.0,280.198303222656
28917,2018-07-26 01:00:00,0.0,2.7038071155548,0.0,295.584014892578
28918,2018-07-26 01:10:00,0.0,3.02644109725952,16.9020456422477,294.657287597656
28919,2018-07-26 01:20:00,0.0,2.74873208999633,0.0,286.806488037109
28920,2018-07-26 01:30:00,0.0,2.33538699150085,0.0,283.417602539062
28921,2018-07-26 01:40:00,0.0,2.20785188674926,0.0,294.077697753906
28922,2018-07-26 01:50:00,0.0,1.88225698471069,0.0,296.063385009765
28923,2018-07-26 02:00:00,0.0,2.1258680820465,0.0,314.354888916015
28924,2018-07-26 02:10:00,0.0,2.19682192802429,0.0,309.244384765625
28925,2018-07-26 02:20:00,0.0,1.69194304943084,0.0,290.658996582031
28926,2018-07-26 02:30:00,0.0,2.30322098731994,0.0,299.085906982421
28927,2018-07-26 02:40:00,0.0,1.91535997390747,0.0,273.608093261718
28928,2018-07-26 02:50:00,0.0,2.07552599906921,0.0,260.666809082031
28929,2018-07-26 03:00:00,0.0,1.85177397727966,0.0,253.023300170898
28930,2018-07-26 03:10:00,0.0,1.98115801811218,0.0,291.312591552734
28931,2018-07-26 03:20:00,0.0,1.93479800224304,0.0,272.010711669921
28932,2018-07-26 03:30:00,0.0,2.1573359966278,0.0,266.412292480468
28933,2018-07-26 03:40:00,0.0,2.10808205604553,0.0,266.247802734375
28934,2018-07-26 03:50:00,0.0,1.86791896820068,0.0,276.480987548828
28935,2018-07-26 04:00:00,0.0,2.00017499923706,0.0,284.634094238281
28936,2018-07-26 04:10:00,0.0,2.48808288574218,0.0,273.02978515625
28937,2018-07-26 04:20:00,0.0,2.41656494140625,0.0,262.89028930664
28938,2018-07-26 04:30:00,0.0,1.88145899772644,0.0,248.08430480957
28939,2018-07-26 04:40:00,0.0,1.24573898315429,0.0,271.339599609375
28940,2018-07-26 04:50:00,0.0,2.85714197158813,0.0,270.679901123046
28941,2018-07-26 05:00:00,0.0,1.97785103321075,0.0,276.536712646484
28942,2018-07-26 05:10:00,0.0,2.52026391029357,0.0,253.817398071289
28943,2018-07-26 05:20:00,0.0,2.42811393737792,0.0,245.334594726562
28944,2018-07-26 05:30:00,0.0,2.77069211006164,0.0,230.014602661132
28945,2018-07-26 05:40:00,0.0,1.56593203544616,0.0,246.901306152343
28946,2018-07-26 05:50:00,0.0,1.49018394947052,0.0,257.681396484375
28947,2018-07-26 06:00:00,0.0,1.33273899555206,0.0,284.628112792968
28948,2018-07-26 06:10:00,0.0,1.26402902603149,0.0,287.253204345703
28949,2018-07-26 06:20:00,0.0,0.996285021305084,0.0,242.460906982421
28950,2018-07-26 06:30:00,0.0,1.12158095836639,0.0,279.145202636718
28951,2018-07-26 06:40:00,0.0,1.60587501525878,0.0,266.95849609375
28952,2018-07-26 06:50:00,0.0,1.41493999958038,0.0,274.785888671875
28953,2018-07-26 07:00:00,0.0,1.45637702941894,0.0,314.071197509765
28954,2018-07-26 07:10:00,0.0,1.08254098892211,0.0,314.747497558593
28955,2018-07-26 07:20:00,0.0,1.40699696540832,0.0,315.198303222656
28956,2018-07-26 07:30:00,0.0,1.47717499732971,0.0,304.47119140625
28957,2018-07-26 07:40:00,0.0,1.95646703243255,0.0,296.161102294921
28958,2018-07-26 07:50:00,0.0,1.87678694725036,0.0,306.664886474609
28959,2018-07-26 08:00:00,0.0,1.84003102779388,0.0,285.26708984375
28960,2018-07-26 08:10:00,0.0,2.25294208526611,0.0,316.09341430664
28961,2018-07-26 08:20:00,0.0,2.32101607322692,0.0,318.854309082031
28962,2018-07-26 08:30:00,0.0,1.20786905288696,0.0,299.99819946289
28963,2018-07-26 08:40:00,0.0,1.74489498138427,0.0,309.05239868164
28964,2018-07-26 08:50:00,0.0,1.81592202186584,0.0,319.73941040039
28965,2018-07-26 09:00:00,0.0,3.20696306228637,26.0495147252404,332.114501953125
28966,2018-07-26 09:10:00,0.0,3.42778706550598,44.3293279693289,340.576690673828
28967,2018-07-26 09:20:00,14.566120147705,3.32451200485229,34.8090274587339,10.964539527893
28968,2018-07-26 09:30:00,0.473666995763779,1.96211302280426,0.0,10.0554399490356
28969,2018-07-26 09:40:00,0.0,2.18351292610168,0.0,35.8798217773437
28970,2018-07-26 09:50:00,0.0,2.93035411834716,0.0,35.9235000610351
28971,2018-07-26 10:00:00,0.0,2.90884494781494,0.0,8.82387447357177
28972,2018-07-26 10:10:00,0.0,1.92586803436279,0.0,35.5313491821289
28973,2018-07-26 10:20:00,0.0,1.98830497264862,0.0,10.2969598770141
28974,2018-07-26 10:30:00,0.0,1.96701002120971,0.0,346.875885009765
28975,2018-07-26 10:40:00,0.0,2.63966298103332,0.0,359.448791503906
28976,2018-07-26 10:50:00,0.0,3.00194096565246,16.062412288692,357.936798095703
28977,2018-07-26 11:00:00,0.0,2.46552395820617,0.0,21.1019592285156
28978,2018-07-26 11:10:00,0.0,2.3704650402069,0.0,15.8542604446411
28979,2018-07-26 11:20:00,0.0,2.0791049003601,0.0,20.4922904968261
28980,2018-07-26 11:30:00,0.0,1.3899450302124,0.0,59.5822486877441
28981,2018-07-26 11:40:00,0.0,1.93249905109405,0.0,12.7850399017333
28982,2018-07-26 11:50:00,0.0,2.20388507843017,0.0,19.6600399017333
28983,2018-07-26 12:00:00,0.0,2.5802879333496,0.0,23.4095001220703
28984,2018-07-26 12:10:00,0.0,2.29437804222106,0.0,19.6802291870117
28985,2018-07-26 12:20:00,0.0,2.34689593315124,0.0,19.7823791503906
28986,2018-07-26 12:30:00,0.0,2.88399195671081,0.0,15.5643100738525
28987,2018-07-26 12:40:00,0.0,3.22388410568237,27.1742188040116,17.9630298614501
28988,2018-07-26 12:50:00,0.0,2.80902290344238,0.0,50.6519203186035
28989,2018-07-26 13:00:00,0.0,2.67029595375061,0.0,40.0283584594726
28990,2018-07-26 13:10:00,0.0,3.00349593162536,16.1128475350461,36.7053298950195
28991,2018-07-26 13:20:00,17.5108699798583,3.49400091171264,51.3309812366388,43.5642890930175
28992,2018-07-26 13:30:00,203.803497314453,4.70112609863281,265.828258030547,66.3840866088867
28993,2018-07-26 13:40:00,223.542495727539,4.78596115112304,285.105977878983,60.9593696594238
28994,2018-07-26 13:50:00,215.325500488281,4.66686820983886,258.180203279223,60.1012687683105
28995,2018-07-26 14:00:00,179.059204101562,4.47874021530151,217.513230443835,47.9470901489257
28996,2018-07-26 14:10:00,225.323898315429,4.58976411819458,241.245318627739,32.0437507629394
28997,2018-07-26 14:20:00,139.59129333496,4.25365018844604,171.596702514716,30.3072891235351
28998,2018-07-26 14:30:00,66.5009307861328,3.62680101394653,67.4879933330412,45.7786598205566
28999,2018-07-26 14:40:00,101.386596679687,4.08909082412719,139.719526346833,54.8123817443847
29000,2018-07-26 14:50:00,101.011497497558,4.02642488479614,127.921663115013,64.5661315917968
29001,2018-07-26 15:00:00,86.8277282714843,3.87150597572326,104.650004480854,73.0580673217773
29002,2018-07-26 15:10:00,17.0604991912841,2.92235398292541,0.0,90.6037063598632
29003,2018-07-26 15:20:00,0.0,2.45273900032043,0.0,93.9992523193359
29004,2018-07-26 15:30:00,0.0,2.74529194831848,0.0,109.986198425292
29005,2018-07-26 15:40:00,0.0,2.37601208686828,0.0,92.957176208496
29006,2018-07-26 15:50:00,0.0,2.73376107215881,0.0,105.490196228027
29007,2018-07-26 16:00:00,0.0,1.70571899414062,0.0,109.846702575683
29008,2018-07-26 16:10:00,0.0,1.95762503147125,0.0,113.330101013183
29009,2018-07-26 16:20:00,0.0,2.62592196464538,0.0,144.802307128906
29010,2018-07-26 16:30:00,21.3630409240722,3.56035590171813,59.0512877822084,149.729095458984
29011,2018-07-26 16:40:00,159.707901000976,4.38295984268188,197.628660923211,168.13459777832
29012,2018-07-26 16:50:00,362.035003662109,5.60820913314819,500.673579189324,195.23550415039
29013,2018-07-26 17:00:00,210.483596801757,4.88926887512207,309.255339699198,197.608306884765
29014,2018-07-26 17:10:00,67.8321304321289,3.76123189926147,86.7173411326257,179.858306884765
29015,2018-07-26 17:20:00,9.37272453308105,2.33034300804138,0.0,185.93049621582
29016,2018-07-26 17:30:00,0.0,2.63027310371398,0.0,210.166397094726
29017,2018-07-26 17:40:00,361.689086914062,5.660493850708,516.375773899919,206.409896850585
29018,2018-07-26 17:50:00,385.967987060546,5.59272003173828,496.072191549574,205.872497558593
29019,2018-07-26 18:00:00,69.0290832519531,3.67333006858825,73.8164326960296,217.080093383789
29020,2018-07-26 18:10:00,72.9612579345703,3.83398699760437,98.330328897192,246.992492675781
29021,2018-07-26 18:20:00,82.0583572387695,3.91169190406799,111.668711165626,279.428985595703
29022,2018-07-26 18:30:00,65.0744476318359,3.64628791809082,70.0962592245196,264.825592041015
29023,2018-07-26 18:40:00,0.0,2.86329293251037,0.0,293.163391113281
29024,2018-07-26 18:50:00,0.0,3.19948005676269,25.5667452600901,349.297210693359
29025,2018-07-26 19:00:00,0.0,2.92784190177917,0.0,17.4873294830322
29026,2018-07-26 19:10:00,0.0,1.6744669675827,0.0,84.9773330688476
29027,2018-07-26 19:20:00,0.0,1.32368505001068,0.0,99.6810226440429
29028,2018-07-26 19:30:00,0.0,1.38924598693847,0.0,229.082107543945
29029,2018-07-26 19:40:00,0.0,0.720695614814758,0.0,140.587799072265
29030,2018-07-26 19:50:00,0.0,2.31404495239257,0.0,223.140594482421
29031,2018-07-26 20:00:00,0.0,1.697438955307,0.0,262.956390380859
29032,2018-07-26 20:10:00,0.0,0.777491986751556,0.0,341.80239868164
29033,2018-07-26 20:20:00,0.0,1.26902997493743,0.0,145.772705078125
29034,2018-07-26 20:30:00,0.0,3.51608991622924,53.8227814500169,198.163299560546
29035,2018-07-26 20:40:00,254.550201416015,5.16755390167236,378.253966131477,190.219802856445
29036,2018-07-26 20:50:00,444.600402832031,5.9485650062561,607.774925440956,184.195907592773
29037,2018-07-26 21:00:00,583.393920898437,6.32141304016113,737.887666965304,191.829696655273
29038,2018-07-26 21:10:00,371.912292480468,5.68565797805786,524.027464129547,192.332107543945
29039,2018-07-26 21:20:00,323.137908935546,5.38189697265625,435.658315392277,193.410095214843
29040,2018-07-26 21:30:00,290.134490966796,5.19268989562988,384.786215823346,194.09700012207
29041,2018-07-26 21:40:00,238.986892700195,4.92730808258056,318.340361151489,196.015792846679
29042,2018-07-26 21:50:00,362.814514160156,5.6368408203125,509.239655883955,199.186798095703
29043,2018-07-26 22:00:00,272.072998046875,5.15228509902954,374.311096244632,201.400695800781
29044,2018-07-26 22:10:00,129.186096191406,4.32534599304199,185.918067346009,207.81069946289
29045,2018-07-26 22:20:00,135.638107299804,4.40856218338012,202.892156855681,206.682800292968
29046,2018-07-26 22:30:00,222.199905395507,4.87548494338989,305.989252452889,206.29719543457
29047,2018-07-26 22:40:00,328.750701904296,5.46373319625854,458.627358443202,202.744506835937
29048,2018-07-26 22:50:00,569.649780273437,6.52320384979248,815.097284760406,200.441101074218
29049,2018-07-26 23:00:00,638.787902832031,6.74868106842041,906.756671132486,198.328094482421
29050,2018-07-26 23:10:00,428.254699707031,5.86122608184814,579.166841471731,197.484893798828
29051,2018-07-26 23:20:00,153.884201049804,4.5554780960083,233.835784290984,194.068801879882
29052,2018-07-26 23:30:00,106.870002746582,4.14677476882934,150.74189109641,192.829498291015
29053,2018-07-26 23:40:00,69.315689086914,3.84567499160766,100.274895045895,198.449005126953
29054,2018-07-26 23:50:00,79.5079498291015,4.08105278015136,138.196115687585,204.387405395507
29055,2018-07-27 00:00:00,68.2948837280273,3.8398220539093,99.2983923036927,207.01870727539
29056,2018-07-27 00:10:00,125.927001953125,4.16971683502197,155.17040283392,212.732696533203
29057,2018-07-27 00:20:00,125.015998840332,4.19825410842895,160.715311608437,214.96240234375
29058,2018-07-27 00:30:00,89.3785018920898,3.8859748840332,107.147315900074,207.743698120117
29059,2018-07-27 00:40:00,34.9064903259277,3.280925989151,31.3031845632695,211.197692871093
29060,2018-07-27 00:50:00,-0.0095333317294716,1.97365605831146,0.0,193.727706909179
29061,2018-07-27 01:00:00,0.0,2.63334798812866,0.0,206.170104980468
29062,2018-07-27 01:10:00,0.0,2.72704291343688,0.0,204.46189880371
29063,2018-07-27 01:20:00,0.0,2.88331294059753,0.0,208.149505615234
29064,2018-07-27 01:30:00,0.0,2.83982706069946,0.0,201.240402221679
29065,2018-07-27 01:40:00,0.0,2.52987504005432,0.0,208.826705932617
29066,2018-07-27 01:50:00,0.0,2.9825279712677,0.0,195.59260559082
29067,2018-07-27 02:00:00,0.0,3.38458490371704,40.139160772309,191.049896240234
29068,2018-07-27 02:10:00,0.0,2.09807610511779,0.0,203.572204589843
29069,2018-07-27 02:20:00,0.0,2.54902410507202,0.0,213.241806030273
29070,2018-07-27 02:30:00,0.0,2.18391108512878,0.0,204.953506469726
29071,2018-07-27 02:40:00,0.0,2.47329497337341,0.0,187.464096069335
29072,2018-07-27 02:50:00,0.0,2.77227807044982,0.0,171.328201293945
29073,2018-07-27 03:00:00,0.0,2.51558804512023,0.0,167.37190246582
29074,2018-07-27 03:10:00,0.0,1.40547800064086,0.0,189.025604248046
29075,2018-07-27 03:20:00,0.0,0.709437608718872,0.0,225.537292480468
29076,2018-07-27 03:30:00,0.0,0.592042982578277,0.0,214.23420715332
29077,2018-07-27 03:40:00,0.0,0.986462116241455,0.0,188.557205200195
29078,2018-07-27 03:50:00,0.0,1.43006503582,0.0,165.345901489257
29079,2018-07-27 04:00:00,0.0,1.01564800739288,0.0,152.178497314453
29080,2018-07-27 04:10:00,0.0,0.926226377487182,0.0,139.829696655273
29081,2018-07-27 04:20:00,0.0,0.915695011615753,0.0,111.264297485351
29082,2018-07-27 04:30:00,0.0,1.09544396400451,0.0,118.02310180664
29083,2018-07-27 04:40:00,0.0,1.00993502140045,0.0,107.614402770996
29084,2018-07-27 04:50:00,0.0,1.45006000995635,0.0,136.706100463867
29085,2018-07-27 05:00:00,0.0,1.76016902923583,0.0,133.762802124023
29086,2018-07-27 05:10:00,0.0,1.19049000740051,0.0,118.564796447753
29087,2018-07-27 05:20:00,0.0,0.917833387851715,0.0,110.252601623535
29088,2018-07-27 05:30:00,0.0,1.1262240409851,0.0,39.2584991455078
29089,2018-07-27 05:40:00,0.0,1.43067896366119,0.0,31.0292701721191
29090,2018-07-27 05:50:00,0.0,1.65836298465728,0.0,20.2966709136962
29091,2018-07-27 06:00:00,0.0,1.67470800876617,0.0,14.7982301712036
29092,2018-07-27 06:10:00,0.0,2.04426193237304,0.0,19.863130569458
29093,2018-07-27 06:20:00,0.0,2.19279408454895,0.0,24.7112598419189
29094,2018-07-27 06:30:00,0.0,1.98583698272705,0.0,25.4508399963378
29095,2018-07-27 06:40:00,0.0,2.21796894073486,0.0,21.7089099884033
29096,2018-07-27 06:50:00,0.0,2.32971501350402,0.0,24.9968395233154
29097,2018-07-27 07:00:00,0.0,2.40939307212829,0.0,27.6582908630371
29098,2018-07-27 07:10:00,0.0,2.38328504562377,0.0,33.23237991333
29099,2018-07-27 07:20:00,0.0,1.97456204891204,0.0,21.4600296020507
29100,2018-07-27 07:30:00,0.0,2.31487798690795,0.0,35.665771484375
29101,2018-07-27 07:40:00,0.0,1.75700104236602,0.0,30.8572692871093
29102,2018-07-27 07:50:00,0.0,1.20814001560211,0.0,99.0998916625976
29103,2018-07-27 08:00:00,0.0,1.43855202198028,0.0,0.0
29104,2018-07-27 08:10:00,0.0,1.94403195381164,0.0,0.0
29105,2018-07-27 08:20:00,0.0,2.01516008377075,0.0,52.3015518188476
29106,2018-07-27 08:30:00,0.0,2.54584503173828,0.0,102.860000610351
29107,2018-07-27 08:40:00,0.0,3.12687492370605,21.3477772598271,100.505798339843
29108,2018-07-27 08:50:00,0.0,3.14490103721618,22.3165380378241,140.411102294921
29109,2018-07-27 09:00:00,0.0,2.0361430644989,0.0,145.498992919921
29110,2018-07-27 09:10:00,0.0,3.03678393363952,17.2853304983846,143.770294189453
29111,2018-07-27 09:20:00,0.0,2.1751070022583,0.0,134.674896240234
29112,2018-07-27 09:30:00,0.0,2.65831589698791,0.0,103.308898925781
29113,2018-07-27 09:40:00,0.0,2.71471691131591,0.0,109.777801513671
29114,2018-07-27 09:50:00,0.0,2.62771105766296,0.0,106.600303649902
29115,2018-07-27 10:00:00,0.0,2.8439290523529,0.0,100.960998535156
29116,2018-07-27 10:10:00,0.0,2.40976595878601,0.0,109.007499694824
29117,2018-07-27 10:20:00,0.0,2.10418105125427,0.0,167.90119934082
29118,2018-07-27 10:30:00,0.0,2.20954799652099,0.0,199.38589477539
29119,2018-07-27 10:40:00,0.0,2.51949501037597,0.0,202.718597412109
29120,2018-07-27 10:50:00,0.0,1.17080903053283,0.0,334.25830078125
29121,2018-07-27 11:00:00,0.0,1.6243599653244,0.0,14.3301200866699
29122,2018-07-27 11:10:00,0.0,3.43019294738769,44.5714520749752,47.705280303955
29123,2018-07-27 11:20:00,0.0,3.13072705268859,21.550430670407,51.4546318054199
29124,2018-07-27 11:30:00,0.0,3.20609307289123,25.9929267080197,76.2298736572265
29125,2018-07-27 11:40:00,0.0,1.68875002861022,0.0,79.9121704101562
29126,2018-07-27 11:50:00,0.0,0.628835380077362,0.0,263.05288696289
29127,2018-07-27 12:00:00,0.0,1.71111595630645,0.0,264.581787109375
29128,2018-07-27 12:10:00,0.0,1.31659305095672,0.0,32.0063209533691
29129,2018-07-27 12:20:00,0.0,1.28234302997589,0.0,158.767196655273
29130,2018-07-27 12:30:00,0.0,1.22375500202178,0.0,170.214401245117
29131,2018-07-27 12:40:00,0.0,1.96168994903564,0.0,112.77310180664
29132,2018-07-27 12:50:00,0.0,1.60189604759216,0.0,87.9632415771484
29133,2018-07-27 13:00:00,0.0,1.15821301937103,0.0,98.2844314575195
29134,2018-07-27 13:10:00,0.0,2.06942510604858,0.0,148.554595947265
29135,2018-07-27 13:20:00,0.0,1.59096503257751,0.0,188.241394042968
29136,2018-07-27 13:30:00,0.0,2.54521989822387,0.0,239.100204467773
29137,2018-07-27 13:40:00,0.0,4.0506100654602,132.453610148512,275.872100830078
29138,2018-07-27 13:50:00,602.343017578125,6.3167381286621,736.151597674378,285.834594726562
29139,2018-07-27 14:00:00,856.144470214843,7.08847618103027,1056.319815267,289.1962890625
29140,2018-07-27 14:10:00,874.663818359375,6.91637992858886,978.785954188592,294.773986816406
29141,2018-07-27 14:20:00,1712.69396972656,8.46050453186035,1803.69510752334,282.098114013671
29142,2018-07-27 14:30:00,1920.123046875,9.13254356384277,2229.76321275836,276.889190673828
29143,2018-07-27 14:40:00,1380.80395507812,8.23321819305419,1666.24451427485,270.342803955078
29144,2018-07-27 14:50:00,1250.82800292968,7.79076480865478,1412.5502841697,273.509490966796
29145,2018-07-27 15:00:00,758.658325195312,6.60996294021606,849.680038678794,278.007385253906
29146,2018-07-27 15:10:00,520.4970703125,5.99575614929199,623.568754502178,271.747192382812
29147,2018-07-27 15:20:00,550.798522949218,6.11792087554931,664.495137171947,261.119506835937
29148,2018-07-27 15:30:00,46.9238586425781,3.43853211402893,45.4178608517004,242.266403198242
29149,2018-07-27 15:40:00,1.06466698646545,2.41122102737426,0.0,260.059692382812
29150,2018-07-27 15:50:00,0.0,1.53242301940917,0.0,321.525207519531
29151,2018-07-27 16:00:00,0.0,3.36854910850524,38.6598471025691,42.2987899780273
29152,2018-07-27 16:10:00,0.0,3.33890104293823,36.0331467263932,45.0971488952636
29153,2018-07-27 16:20:00,0.0,2.82796192169189,0.0,53.7054595947265
29154,2018-07-27 16:30:00,0.0,2.78176593780517,0.0,34.0795593261718
29155,2018-07-27 16:40:00,0.0,1.46664094924926,0.0,45.129051208496
29156,2018-07-27 16:50:00,0.0,0.923116326332092,0.0,194.663192749023
29157,2018-07-27 17:00:00,0.0,2.00669193267822,0.0,329.907592773437
29158,2018-07-27 17:10:00,0.0,3.54937100410461,57.7245521434206,329.558898925781
29159,2018-07-27 17:20:00,90.4262924194335,3.98032093048095,124.252599914515,283.144592285156
29160,2018-07-27 17:30:00,17.1930999755859,2.81401491165161,0.0,259.699310302734
29161,2018-07-27 17:40:00,8.31014919281005,2.93771409988403,0.0,258.582305908203
29162,2018-07-27 17:50:00,2.45979809761047,2.30315399169921,0.0,263.509887695312
29163,2018-07-27 18:00:00,0.0,1.08533501625061,0.0,228.463592529296
29164,2018-07-27 18:10:00,0.0,1.15625798702239,0.0,225.729904174804
29165,2018-07-27 18:20:00,0.0,2.14679288864135,0.0,219.630996704101
29166,2018-07-27 18:30:00,0.0,2.27131605148315,0.0,239.482299804687
29167,2018-07-27 18:40:00,21.8595008850097,3.83458590507507,98.4294395984007,203.960098266601
29168,2018-07-27 18:50:00,111.464202880859,4.02076387405395,126.864678233294,198.931900024414
29169,2018-07-27 19:00:00,242.673797607421,4.96126079559326,326.53938232671,196.638107299804
29170,2018-07-27 19:10:00,257.006896972656,4.96430397033691,327.278448893539,209.941696166992
29171,2018-07-27 19:20:00,201.954406738281,4.64402198791503,253.122498526249,210.432296752929
29172,2018-07-27 19:30:00,191.915298461914,4.60407304763793,244.359399051237,207.193206787109
29173,2018-07-27 19:40:00,186.150299072265,4.59411907196044,242.191728702871,204.447402954101
29174,2018-07-27 19:50:00,72.6978302001953,3.92809510231018,114.607884788497,197.923294067382
29175,2018-07-27 20:00:00,-0.110799998044968,2.6205289363861,0.0,185.366104125976
29176,2018-07-27 20:10:00,0.0,2.57827496528625,0.0,220.08250427246
29177,2018-07-27 20:20:00,0.0,3.39304304122924,40.9360039000348,245.219696044921
29178,2018-07-27 20:30:00,0.0,3.28803396224975,31.8541718647357,248.502899169921
29179,2018-07-27 20:40:00,0.0,2.94465088844299,0.0,264.717590332031
29180,2018-07-27 20:50:00,0.0,3.54526710510253,57.2338446358335,274.46499633789
29181,2018-07-27 21:00:00,0.0,3.06841611862182,18.5637770188805,271.552001953125
29182,2018-07-27 21:10:00,0.0,2.74073600769042,0.0,281.035003662109
29183,2018-07-27 21:20:00,0.0,2.36530494689941,0.0,287.498809814453
29184,2018-07-27 21:30:00,0.0,2.47930908203125,0.0,285.080200195312
29185,2018-07-27 21:40:00,0.0,2.2593228816986,0.0,285.469207763671
29186,2018-07-27 21:50:00,0.0,2.62645602226257,0.0,290.783996582031
29187,2018-07-27 22:00:00,0.0,2.12304806709289,0.0,278.459014892578
29188,2018-07-27 22:10:00,0.0,1.72340905666351,0.0,276.885711669921
29189,2018-07-27 22:20:00,0.0,1.96738100051879,0.0,283.551788330078
29190,2018-07-27 22:30:00,0.0,1.99825799465179,0.0,286.100402832031
29191,2018-07-27 22:40:00,0.0,2.01953792572021,0.0,298.519897460937
29192,2018-07-27 22:50:00,0.0,2.21337103843688,0.0,284.262603759765
29193,2018-07-27 23:00:00,0.0,2.80265402793884,0.0,275.629486083984
29194,2018-07-27 23:10:00,0.0,2.48416090011596,0.0,255.151397705078
29195,2018-07-27 23:20:00,0.0,2.29943990707397,0.0,275.897003173828
29196,2018-07-27 23:30:00,0.0,2.56474995613098,0.0,293.403594970703
29197,2018-07-27 23:40:00,0.0,2.33343911170959,0.0,286.091491699218
29198,2018-07-27 23:50:00,0.0,2.57418203353881,0.0,289.676696777343
29199,2018-07-28 00:00:00,0.0,2.35061693191528,0.0,298.301391601562
29200,2018-07-28 00:10:00,0.0,2.57158398628234,0.0,323.130798339843
29201,2018-07-28 00:20:00,0.0,2.49996709823608,0.0,323.742004394531
29202,2018-07-28 00:30:00,0.0,2.42938089370727,0.0,314.15249633789
29203,2018-07-28 00:40:00,0.0,2.06754302978515,0.0,293.512603759765
29204,2018-07-28 00:50:00,0.0,2.02020692825317,0.0,299.245697021484
29205,2018-07-28 01:00:00,0.0,2.20562100410461,0.0,311.84341430664
29206,2018-07-28 01:10:00,0.0,1.67946004867553,0.0,337.370697021484
29207,2018-07-28 01:20:00,0.0,0.861916124820709,0.0,23.7628307342529
29208,2018-07-28 01:30:00,0.0,1.24702298641204,0.0,22.7727508544921
29209,2018-07-28 01:40:00,0.0,1.2354279756546,0.0,35.1971588134765
29210,2018-07-28 01:50:00,0.0,1.54985201358795,0.0,359.083587646484
29211,2018-07-28 02:00:00,0.0,1.45470798015594,0.0,0.685392796993255
29212,2018-07-28 02:10:00,0.0,1.3415800333023,0.0,345.519104003906
29213,2018-07-28 02:20:00,0.0,1.18314099311828,0.0,10.1084899902343
29214,2018-07-28 02:30:00,0.0,1.13260698318481,0.0,15.3302097320556
29215,2018-07-28 02:40:00,0.0,0.634564578533172,0.0,351.390106201171
29216,2018-07-28 02:50:00,0.0,0.925961971282958,0.0,324.239013671875
29217,2018-07-28 03:00:00,0.0,1.7960729598999,0.0,317.754913330078
29218,2018-07-28 03:10:00,0.0,1.94223701953887,0.0,303.257110595703
29219,2018-07-28 03:20:00,0.0,2.03545999526977,0.0,295.704406738281
29220,2018-07-28 03:30:00,0.0,1.98435401916503,0.0,289.39859008789
29221,2018-07-28 03:40:00,0.0,1.33162200450897,0.0,283.695098876953
29222,2018-07-28 03:50:00,0.0,0.888754189014434,0.0,304.664398193359
29223,2018-07-28 04:00:00,0.0,0.755873322486877,0.0,276.617492675781
29224,2018-07-28 04:10:00,0.0,1.38889896869659,0.0,290.213287353515
29225,2018-07-28 04:20:00,0.0,1.6463119983673,0.0,288.605499267578
29226,2018-07-28 04:30:00,0.0,1.07777094841003,0.0,283.72378540039
29227,2018-07-28 04:40:00,0.0,0.660871624946594,0.0,293.557006835937
29228,2018-07-28 04:50:00,0.0,1.03653597831726,0.0,317.032012939453
29229,2018-07-28 05:00:00,0.0,1.31573498249053,0.0,301.087585449218
29230,2018-07-28 05:10:00,0.0,1.79363501071929,0.0,287.353302001953
29231,2018-07-28 05:20:00,0.0,1.29548704624176,0.0,287.037414550781
29232,2018-07-28 05:30:00,0.0,1.51433598995208,0.0,319.085510253906
29233,2018-07-28 05:40:00,0.0,1.35847997665405,0.0,320.343292236328
29234,2018-07-28 05:50:00,0.0,1.14612996578216,0.0,325.970001220703
29235,2018-07-28 06:00:00,0.0,0.776749014854431,0.0,352.197692871093
29236,2018-07-28 06:10:00,0.0,2.04854106903076,0.0,12.2739601135253
29237,2018-07-28 06:20:00,0.0,3.31079006195068,33.6725189910067,23.6968402862548
29238,2018-07-28 06:30:00,0.0,2.35908198356628,0.0,29.7506008148193
29239,2018-07-28 06:40:00,0.0,1.48159599304199,0.0,20.8258094787597
29240,2018-07-28 06:50:00,0.0,1.46339094638824,0.0,14.8412399291992
29241,2018-07-28 07:00:00,0.0,1.45770895481109,0.0,358.961303710937
29242,2018-07-28 07:10:00,0.0,2.29205799102783,0.0,330.956604003906
29243,2018-07-28 07:20:00,0.0,2.51112604141235,0.0,343.371002197265
29244,2018-07-28 07:30:00,0.0,2.01796793937683,0.0,5.12355995178222
29245,2018-07-28 07:40:00,0.0,2.22023606300354,0.0,343.145111083984
29246,2018-07-28 07:50:00,0.0,1.3709510564804,0.0,0.23151059448719
29247,2018-07-28 08:00:00,0.0,1.39048194885253,0.0,7.50899982452392
29248,2018-07-28 08:10:00,0.0,1.29172098636627,0.0,24.91282081604
29249,2018-07-28 08:20:00,0.0,1.58436799049377,0.0,351.775512695312
29250,2018-07-28 08:30:00,0.0,1.91787898540496,0.0,20.4038791656494
29251,2018-07-28 08:40:00,0.0,1.80741798877716,0.0,24.9675102233886
29252,2018-07-28 08:50:00,0.0,2.33853697776794,0.0,32.9031982421875
29253,2018-07-28 09:00:00,0.0,2.09966111183166,0.0,22.4577407836914
29254,2018-07-28 09:10:00,0.0,1.68918704986572,0.0,28.4113693237304
29255,2018-07-28 09:20:00,0.0,1.47494602203369,0.0,19.4774894714355
29256,2018-07-28 09:30:00,0.0,1.2558399438858,0.0,28.2324600219726
29257,2018-07-28 09:40:00,0.0,1.49271595478057,0.0,47.1062316894531
29258,2018-07-28 09:50:00,0.0,1.28048396110534,0.0,25.1248893737792
29259,2018-07-28 10:00:00,0.0,1.50556397438049,0.0,36.145408630371
29260,2018-07-28 10:10:00,0.0,2.41824507713317,0.0,46.2051696777343
29261,2018-07-28 10:20:00,0.0,1.71242594718933,0.0,17.8439502716064
29262,2018-07-28 10:30:00,0.0,1.75671005249023,0.0,28.2586193084716
29263,2018-07-28 10:40:00,0.0,1.96555495262145,0.0,26.6899604797363
29264,2018-07-28 10:50:00,0.0,1.64651703834533,0.0,34.0658988952636
29265,2018-07-28 11:00:00,0.0,1.90964698791503,0.0,45.7954292297363
29266,2018-07-28 11:10:00,0.0,1.07571196556091,0.0,68.2419662475585
29267,2018-07-28 11:20:00,0.0,1.48120105266571,0.0,40.6675605773925
29268,2018-07-28 11:30:00,0.0,2.17225790023803,0.0,24.4203300476074
29269,2018-07-28 11:40:00,0.0,2.07692599296569,0.0,38.0852890014648
29270,2018-07-28 11:50:00,0.0,1.69361102581024,0.0,16.9800796508789
29271,2018-07-28 12:00:00,0.0,1.06639301776885,0.0,14.5687704086303
29272,2018-07-28 12:10:00,0.0,1.2870990037918,0.0,353.214904785156
29273,2018-07-28 12:20:00,0.0,0.931053876876831,0.0,11.5173501968383
29274,2018-07-28 12:30:00,0.0,1.76065897941589,0.0,289.459014892578
29275,2018-07-28 12:40:00,0.0,1.65921902656555,0.0,320.917388916015
29276,2018-07-28 12:50:00,0.0,1.55850803852081,0.0,330.62759399414
29277,2018-07-28 13:00:00,0.0,1.82819104194641,0.0,338.761901855468
29278,2018-07-28 13:10:00,0.0,1.51823902130126,0.0,354.400390625
29279,2018-07-28 13:20:00,0.0,1.92395401000976,0.0,347.262512207031
29280,2018-07-28 13:30:00,0.0,2.04575395584106,0.0,348.360687255859
29281,2018-07-28 13:40:00,0.0,1.37669098377227,0.0,351.344207763671
29282,2018-07-28 13:50:00,0.0,1.22237205505371,0.0,8.31011772155761
29283,2018-07-28 14:00:00,0.0,1.58449602127075,0.0,347.592987060546
29284,2018-07-28 14:10:00,0.0,1.7074270248413,0.0,299.34341430664
29285,2018-07-28 14:20:00,0.0,1.70085799694061,0.0,342.425689697265
29286,2018-07-28 14:30:00,0.0,1.76743805408477,0.0,338.345886230468
29287,2018-07-28 14:40:00,0.0,1.35437202453613,0.0,347.693206787109
29288,2018-07-28 14:50:00,0.0,1.44972801208496,0.0,19.5221500396728
29289,2018-07-28 15:00:00,0.0,1.0263979434967,0.0,343.230499267578
29290,2018-07-28 15:10:00,0.0,1.0758249759674,0.0,299.188812255859
29291,2018-07-28 15:20:00,0.0,1.49007999897003,0.0,317.943908691406
29292,2018-07-28 15:30:00,0.0,1.54155695438385,0.0,333.490112304687
29293,2018-07-28 15:40:00,0.0,1.9442069530487,0.0,305.690399169921
29294,2018-07-28 15:50:00,0.0,1.46710705757141,0.0,309.961608886718
29295,2018-07-28 16:00:00,0.0,1.93659603595733,0.0,319.425201416015
29296,2018-07-28 16:10:00,0.0,1.5064400434494,0.0,328.37109375
29297,2018-07-28 16:20:00,0.0,1.67768096923828,0.0,2.70834493637084
29298,2018-07-28 16:30:00,0.0,2.38795208930969,0.0,37.3308601379394
29299,2018-07-28 16:40:00,0.0,2.31363105773925,0.0,36.1354484558105
29300,2018-07-28 16:50:00,0.0,2.93481588363647,0.0,44.726879119873
29301,2018-07-28 17:00:00,0.0,3.0071198940277,16.231892040164,45.6946716308593
29302,2018-07-28 17:10:00,0.0,3.24818205833435,28.8693725930252,49.1781196594238
29303,2018-07-28 17:20:00,0.0,3.50910806655883,53.0267400047051,51.7587585449218
29304,2018-07-28 17:30:00,26.9077606201171,3.89409589767456,108.563666664664,52.5667190551757
29305,2018-07-28 17:40:00,43.3959197998046,3.81165194511413,94.6751726442571,55.4211616516113
29306,2018-07-28 17:50:00,52.8198585510253,3.79798698425292,92.4782416590606,57.5925483703613
29307,2018-07-28 18:00:00,143.3876953125,4.43154621124267,207.649215314503,61.0600509643554
29308,2018-07-28 18:10:00,189.159805297851,4.65800380706787,256.213770408339,50.5057182312011
29309,2018-07-28 18:20:00,147.953506469726,4.49760484695434,221.49289908816,41.4281196594238
29310,2018-07-28 18:30:00,130.44580078125,4.29724311828613,180.271790633628,41.4914093017578
29311,2018-07-28 18:40:00,98.3279266357421,4.0238938331604,127.448905320873,45.4849014282226
29312,2018-07-28 18:50:00,99.4508972167968,4.0827407836914,138.515784364138,36.003791809082
29313,2018-07-28 19:00:00,50.6651191711425,3.78419089317321,90.2905371364077,45.6671104431152
29314,2018-07-28 19:10:00,-0.413933396339417,3.07725095748901,18.949447474286,74.5185470581054
29315,2018-07-28 19:20:00,0.0,2.87943291664123,0.0,61.8221092224121
29316,2018-07-28 19:30:00,0.0,2.92284607887268,0.0,64.2782669067382
29317,2018-07-28 19:40:00,0.0,2.87873005867004,0.0,79.1609115600585
29318,2018-07-28 19:50:00,0.0,2.96681308746337,0.0,88.873291015625
29319,2018-07-28 20:00:00,0.0,2.17347598075866,0.0,92.9889068603515
29320,2018-07-28 20:10:00,0.0,1.07748699188232,0.0,82.1576232910156
29321,2018-07-28 20:20:00,0.0,1.11215996742248,0.0,56.0189399719238
29322,2018-07-28 20:30:00,0.0,1.51668000221252,0.0,42.7002716064453
29323,2018-07-28 20:40:00,0.0,1.62804400920867,0.0,39.7167205810546
29324,2018-07-28 20:50:00,0.0,1.92770898342132,0.0,41.1583099365234
29325,2018-07-28 21:00:00,0.0,2.24993109703063,0.0,41.0453300476074
29326,2018-07-28 21:10:00,0.0,2.60826802253723,0.0,31.9379501342773
29327,2018-07-28 21:20:00,0.0,2.15777111053466,0.0,38.0764389038085
29328,2018-07-28 21:30:00,0.0,1.85041201114654,0.0,58.674388885498
29329,2018-07-28 21:40:00,0.0,1.71549999713897,0.0,48.0170097351074
29330,2018-07-28 21:50:00,0.0,1.66079497337341,0.0,46.4941101074218
29331,2018-07-28 22:00:00,0.0,1.55820000171661,0.0,54.405460357666
29332,2018-07-28 22:10:00,0.0,1.39489495754241,0.0,72.020637512207
29333,2018-07-28 22:20:00,0.0,1.79139995574951,0.0,57.8671913146972
29334,2018-07-28 22:30:00,0.0,1.69325494766235,0.0,38.05078125
29335,2018-07-28 22:40:00,0.0,2.3414340019226,0.0,25.1838493347167
29336,2018-07-28 22:50:00,0.0,2.094820022583,0.0,36.0900192260742
29337,2018-07-28 23:00:00,0.0,2.32257294654846,0.0,30.858600616455
29338,2018-07-28 23:10:00,0.0,2.36971402168273,0.0,34.7320098876953
29339,2018-07-28 23:20:00,0.0,2.03085708618164,0.0,39.3914604187011
29340,2018-07-28 23:30:00,0.0,1.90921294689178,0.0,55.6882705688476
29341,2018-07-28 23:40:00,0.0,2.02501201629638,0.0,47.5234298706054
29342,2018-07-28 23:50:00,0.0,1.78511404991149,0.0,54.7696495056152
29343,2018-07-29 00:00:00,0.0,1.69770097732543,0.0,46.4380798339843
29344,2018-07-29 00:10:00,0.0,1.6534229516983,0.0,41.444538116455
29345,2018-07-29 00:20:00,0.0,1.58162403106689,0.0,23.5779304504394
29346,2018-07-29 00:30:00,0.0,2.08821296691894,0.0,19.021240234375
29347,2018-07-29 00:40:00,0.0,2.38905405998229,0.0,22.065839767456
29348,2018-07-29 00:50:00,0.0,2.53116488456726,0.0,13.5630102157592
29349,2018-07-29 01:00:00,0.0,2.8426489830017,0.0,8.08730125427246
29350,2018-07-29 01:10:00,0.0,3.15528011322021,22.8979167079815,6.28026819229125
29351,2018-07-29 01:20:00,0.0,3.06329989433288,18.3461467484567,8.26918220520019
29352,2018-07-29 01:30:00,0.0,3.22587609291076,27.3096357210352,8.62940311431884
29353,2018-07-29 01:40:00,0.0,3.34306597709655,36.3936524383871,7.6009612083435
29354,2018-07-29 01:50:00,0.0,3.53600907325744,56.1367484733828,5.48122406005859
29355,2018-07-29 02:00:00,0.0,3.55384111404418,58.2621140178708,4.15531778335571
29356,2018-07-29 02:10:00,0.0,3.27757096290588,31.0459219688682,353.588592529296
29357,2018-07-29 02:20:00,0.0,3.00068402290344,16.0219261638968,5.69624710083007
29358,2018-07-29 02:30:00,3.22352910041809,3.47820210456848,49.5966475712894,11.1021995544433
29359,2018-07-29 02:40:00,8.86804866790771,3.3554720878601,37.4839392313334,3.52729392051696
29360,2018-07-29 02:50:00,0.0,2.92051410675048,0.0,10.1784496307373
29361,2018-07-29 03:00:00,0.0,3.66640496253967,72.8526047290698,10.9280395507812
29362,2018-07-29 03:10:00,94.6255569458007,4.28040122985839,176.908308673118,9.91374206542968
29363,2018-07-29 03:20:00,52.3945693969726,3.73019695281982,82.0213096828229,12.9023599624633
29364,2018-07-29 03:30:00,36.6828117370605,3.58406996726989,61.9812570859694,13.9273195266723
29365,2018-07-29 03:40:00,34.5548706054687,3.774099111557,88.709526330892,8.27649688720703
29366,2018-07-29 03:50:00,0.727069973945617,3.20402598381042,25.8589596475185,19.2125091552734
29367,2018-07-29 04:00:00,0.0,3.47764301300048,49.5360042454704,26.580810546875
29368,2018-07-29 04:10:00,0.0,3.4891619682312,50.7955374765043,35.4969902038574
29369,2018-07-29 04:20:00,0.0,3.43271303176879,44.8260624456052,29.2819995880126
29370,2018-07-29 04:30:00,18.6375102996826,3.50530910491943,52.5968746785802,25.095890045166
29371,2018-07-29 04:40:00,43.2709083557128,3.60678005218505,64.8715242082981,22.5281295776367
29372,2018-07-29 04:50:00,30.6985492706298,3.50788211822509,52.8877674642281,21.6905403137207
29373,2018-07-29 05:00:00,92.3287887573242,3.99924492835998,127.855071855772,15.8577995300292
29374,2018-07-29 05:10:00,118.804702758789,4.21367120742797,163.727927420302,14.6926202774047
29375,2018-07-29 05:20:00,119.544296264648,4.22785186767578,166.509599853495,15.5331497192382
29376,2018-07-29 05:30:00,71.7436828613281,3.81686305999755,95.5208386230079,19.0601692199707
29377,2018-07-29 05:40:00,52.3697319030761,3.76220297813415,86.866765690419,25.4021606445312
29378,2018-07-29 05:50:00,19.8681907653808,3.25320506095886,29.2315861822981,30.1726093292236
29379,2018-07-29 06:00:00,29.4529705047607,3.51359796524047,53.5377644796281,34.7767601013183
29380,2018-07-29 06:10:00,24.4194793701171,3.08201909065246,19.1627813993955,43.0937995910644
29381,2018-07-29 06:20:00,0.0,2.82899689674377,0.0,49.869831085205
29382,2018-07-29 06:30:00,0.0,2.34059906005859,0.0,46.9580688476562
29383,2018-07-29 06:40:00,0.0,1.99061203002929,0.0,40.8218994140625
29384,2018-07-29 06:50:00,0.0,1.33047997951507,0.0,63.7823104858398
29385,2018-07-29 07:00:00,0.0,1.85211098194122,0.0,63.9854698181152
29386,2018-07-29 07:10:00,0.0,1.81232297420501,0.0,39.8028717041015
29387,2018-07-29 07:20:00,0.0,2.14224600791931,0.0,14.6194896697998
29388,2018-07-29 07:30:00,0.0,2.34766793251037,0.0,23.867109298706
29389,2018-07-29 07:40:00,0.0,2.19472599029541,0.0,26.1019096374511
29390,2018-07-29 07:50:00,0.0,2.67670702934265,0.0,22.8753204345703
29391,2018-07-29 08:00:00,0.0,3.1259651184082,21.3002606735099,20.4309692382812
29392,2018-07-29 08:10:00,0.0,2.93696093559265,0.0,25.9383296966552
29393,2018-07-29 08:20:00,0.0,2.33757710456848,0.0,44.3340492248535
29394,2018-07-29 08:30:00,0.0,1.9842300415039,0.0,40.1420516967773
29395,2018-07-29 08:40:00,0.0,2.48865604400634,0.0,57.9440612792968
29396,2018-07-29 08:50:00,0.0,2.3369140625,0.0,66.4198303222656
29397,2018-07-29 09:00:00,0.0,2.30533909797668,0.0,49.2475891113281
29398,2018-07-29 09:10:00,0.0,3.02825999259948,16.9682099377214,83.2912063598632
29399,2018-07-29 09:20:00,0.0,2.47652888298034,0.0,68.044090270996
29400,2018-07-29 09:30:00,0.0,2.37104606628417,0.0,52.9787101745605
29401,2018-07-29 09:40:00,0.0,1.73406195640563,0.0,33.8960990905761
29402,2018-07-29 09:50:00,0.0,2.28354811668395,0.0,49.1356811523437
29403,2018-07-29 10:00:00,0.0,1.76148998737335,0.0,53.4418106079101
29404,2018-07-29 10:10:00,0.0,2.06639409065246,0.0,75.673599243164
29405,2018-07-29 10:20:00,0.0,2.30138111114501,0.0,25.8287906646728
29406,2018-07-29 10:30:00,0.0,2.45515608787536,0.0,21.1581592559814
29407,2018-07-29 10:40:00,0.0,2.19865894317626,0.0,20.1793994903564
29408,2018-07-29 10:50:00,0.0,3.23432993888854,27.8913996651945,4.9268832206726
29409,2018-07-29 11:00:00,0.0,2.97578310966491,0.0,11.0940999984741
29410,2018-07-29 11:10:00,0.0,3.34482908248901,36.5470983300656,10.13570022583
29411,2018-07-29 11:20:00,65.5357971191406,3.86663794517517,103.817320487001,20.2735691070556
29412,2018-07-29 11:30:00,121.26609802246,4.14381885528564,150.173182591812,9.5096731185913
29413,2018-07-29 11:40:00,97.1700286865234,4.08926391601562,139.752364829689,13.4335002899169
29414,2018-07-29 11:50:00,67.9754104614257,3.76144504547119,86.7501260368881,15.4721097946166
29415,2018-07-29 12:00:00,114.810600280761,4.11115503311157,143.916855091732,10.5027198791503
29416,2018-07-29 12:10:00,43.6132011413574,3.44623899459838,46.2099870511629,18.4927101135253
29417,2018-07-29 12:20:00,20.0957908630371,3.10059905052185,20.028783133971,15.0592699050903
29418,2018-07-29 12:30:00,4.60900402069091,2.6065649986267,0.0,16.3527107238769
29419,2018-07-29 12:40:00,0.0,2.97361707687377,0.0,8.49302196502685
29420,2018-07-29 12:50:00,0.0,3.21622610092163,26.6595333670739,3.82805299758911
29421,2018-07-29 13:00:00,0.0,3.19694900512695,25.4054810137022,5.55826902389526
29422,2018-07-29 13:10:00,25.7458591461181,3.88981699943542,107.816087380675,1.87118697166442
29423,2018-07-29 13:20:00,76.4645614624023,3.71769404411315,80.1729886880612,359.533599853515
29424,2018-07-29 13:30:00,102.026298522949,3.75899910926818,86.3743433261743,2.06313490867614
29425,2018-07-29 13:40:00,127.455200195312,4.07394409179687,136.851350186944,354.800109863281
29426,2018-07-29 13:50:00,138.966903686523,4.25228786468505,171.327206832594,358.917694091796
29427,2018-07-29 14:00:00,353.19140625,5.47568607330322,462.032683927633,352.0869140625
29428,2018-07-29 14:10:00,380.259796142578,5.61313390731811,502.141387735098,355.43798828125
29429,2018-07-29 14:20:00,394.434295654296,5.62783813476562,506.537736664878,355.692901611328
29430,2018-07-29 14:30:00,311.126708984375,5.33206987380981,421.963809714678,356.704010009765
29431,2018-07-29 14:40:00,364.367889404296,5.47434997558593,461.651389180426,7.42528915405273
29432,2018-07-29 14:50:00,452.30288696289,5.86214399337768,579.463360724799,0.892565786838531
29433,2018-07-29 15:00:00,569.29052734375,6.13955020904541,672.085296116773,357.829498291015
29434,2018-07-29 15:10:00,374.0126953125,5.5432801246643,481.536798676759,10.4512395858764
29435,2018-07-29 15:20:00,533.38330078125,6.08116006851196,651.709731601665,12.6020498275756
29436,2018-07-29 15:30:00,469.270812988281,5.9119701385498,595.690660957734,15.1975698471069
29437,2018-07-29 15:40:00,359.835205078125,5.48737287521362,465.374806682349,12.0482301712036
29438,2018-07-29 15:50:00,290.029113769531,5.20523691177368,388.066281395661,12.7100801467895
29439,2018-07-29 16:00:00,454.614990234375,5.89736413955688,590.906923865888,10.8401699066162
29440,2018-07-29 16:10:00,512.860473632812,6.09603404998779,656.865510217449,14.9565496444702
29441,2018-07-29 16:20:00,426.20849609375,5.68867683410644,524.949568266423,21.4624691009521
29442,2018-07-29 16:30:00,308.738494873046,5.25941276550292,402.379076769219,39.2598991394042
29443,2018-07-29 16:40:00,324.337585449218,5.3633542060852,430.53663438119,43.978588104248
29444,2018-07-29 16:50:00,193.822296142578,4.64117908477783,252.495502687289,52.6000099182128
29445,2018-07-29 17:00:00,120.504600524902,4.21387004852294,163.766861125162,56.6141891479492
29446,2018-07-29 17:10:00,104.892997741699,3.92742204666137,114.48643770385,37.1117782592773
29447,2018-07-29 17:20:00,235.729400634765,4.79433393478393,287.035254910956,25.0832691192626
29448,2018-07-29 17:30:00,335.066802978515,5.36354398727416,430.588900717022,28.6130294799804
29449,2018-07-29 17:40:00,327.261108398437,5.30159091949462,413.693228420012,36.3373718261718
29450,2018-07-29 17:50:00,182.105102539062,4.49960613250732,221.916336218206,37.8031501770019
29451,2018-07-29 18:00:00,205.345001220703,4.65092086791992,254.646203443854,41.1445693969726
29452,2018-07-29 18:10:00,194.99510192871,4.3892331123352,198.914929275958,43.2204513549804
29453,2018-07-29 18:20:00,298.095611572265,5.10538578033447,362.317673101779,48.6248893737792
29454,2018-07-29 18:30:00,180.023498535156,4.62292718887329,248.482477307687,56.169448852539
29455,2018-07-29 18:40:00,326.394500732421,5.30751991271972,415.295821557283,54.8168487548828
29456,2018-07-29 18:50:00,306.436614990234,5.21078920364379,389.521917492568,61.1290283203125
29457,2018-07-29 19:00:00,291.952209472656,5.12050914764404,366.165895840443,61.2733688354492
29458,2018-07-29 19:10:00,227.214904785156,4.72259616851806,270.661103137428,62.1547508239746
29459,2018-07-29 19:20:00,144.223999023437,4.33288478851318,187.44000171786,68.555923461914
29460,2018-07-29 19:30:00,87.2719268798828,3.89873600006103,109.37766382641,64.8616485595703
29461,2018-07-29 19:40:00,118.390098571777,4.16211605072021,153.700358896102,70.7254333496093
29462,2018-07-29 19:50:00,131.58430480957,4.42834091186523,206.983983309221,60.9447593688964
29463,2018-07-29 20:00:00,188.838302612304,4.69921207427978,265.398908633728,60.8905410766601
29464,2018-07-29 20:10:00,156.947692871093,4.55412578582763,233.545034333363,56.9266014099121
29465,2018-07-29 20:20:00,72.133430480957,3.9025239944458,110.044732666298,62.6126594543457
29466,2018-07-29 20:30:00,59.9013710021972,3.77592301368713,88.9940582915342,61.3560600280761
29467,2018-07-29 20:40:00,141.356704711914,4.489990234375,219.883971500339,49.564338684082
29468,2018-07-29 20:50:00,77.2042007446289,3.89519190788269,108.755625207338,47.1926002502441
29469,2018-07-29 21:00:00,49.771800994873,3.78433609008789,90.3134030599612,46.6990509033203
29470,2018-07-29 21:10:00,10.1418895721435,3.0415449142456,17.4675156478334,50.2733917236328
29471,2018-07-29 21:20:00,1.29846501350402,2.76044011116027,0.0,57.8713798522949
29472,2018-07-29 21:30:00,0.0,2.32223105430603,0.0,44.0148391723632
29473,2018-07-29 21:40:00,0.0,2.63408398628234,0.0,40.3065910339355
29474,2018-07-29 21:50:00,0.0,2.41242098808288,0.0,55.746841430664
29475,2018-07-29 22:00:00,0.0,3.34840893745422,36.8601890143736,45.056770324707
29476,2018-07-29 22:10:00,6.50319576263427,3.69966006278991,77.5510582863326,38.0994415283203
29477,2018-07-29 22:20:00,55.2512283325195,3.83500409126281,98.4986775144616,36.4069290161132
29478,2018-07-29 22:30:00,30.4302291870117,3.69043207168579,76.229541942932,40.6804008483886
29479,2018-07-29 22:40:00,39.205810546875,3.76731610298156,87.6560354469957,43.536449432373
29480,2018-07-29 22:50:00,13.9853601455688,3.42300009727478,43.8503296963509,55.159568786621
29481,2018-07-29 23:00:00,0.0,3.12373995780944,21.1846048225971,57.8442001342773
29482,2018-07-29 23:10:00,0.0,3.23335790634155,27.8239259990987,50.9005889892578
29483,2018-07-29 23:20:00,0.0,3.02239990234375,16.7569373250007,50.4256515502929
29484,2018-07-29 23:30:00,0.0,2.87311697006225,0.0,42.3437194824218
29485,2018-07-29 23:40:00,0.0,2.84174394607543,0.0,67.318618774414
29486,2018-07-29 23:50:00,0.0,3.09832906723022,19.9200185883565,71.2774963378906
29487,2018-07-30 00:00:00,4.12071895599365,3.54909896850585,57.6919411693233,65.500129699707
29488,2018-07-30 00:10:00,23.0182495117187,3.56041193008422,59.0581042731537,58.7094497680664
29489,2018-07-30 00:20:00,49.7112503051757,3.79942488670349,92.7080083329829,49.4249000549316
29490,2018-07-30 00:30:00,33.8852500915527,3.4933750629425,51.2615182328418,54.8712882995605
29491,2018-07-30 00:40:00,0.280267894268036,3.42616295814514,44.1664040122459,62.6691818237304
29492,2018-07-30 00:50:00,16.8546390533447,3.37119388580322,38.9009964143188,58.9268417358398
29493,2018-07-30 01:00:00,0.0,3.42790389060974,44.341063667428,51.9033889770507
29494,2018-07-30 01:10:00,49.1426696777343,3.9298288822174,114.921064247411,64.5999526977539
29495,2018-07-30 01:20:00,50.6304283142089,3.77780294418334,89.2878878122901,60.8229904174804
29496,2018-07-30 01:30:00,56.415901184082,3.78818798065185,90.9212388083834,52.8379402160644
29497,2018-07-30 01:40:00,91.7159729003906,4.05757999420166,133.764605434713,52.6306800842285
29498,2018-07-30 01:50:00,36.664680480957,3.58423805236816,62.0023458225769,64.6384735107421
29499,2018-07-30 02:00:00,74.0437393188476,3.97590589523315,123.420373955527,69.5398178100585
29500,2018-07-30 02:10:00,83.2296524047851,4.03057384490966,128.697240638893,72.4799499511718
29501,2018-07-30 02:20:00,98.6335906982421,4.16289901733398,153.851658497504,68.522850036621
29502,2018-07-30 02:30:00,134.028594970703,4.45229911804199,211.970718818809,63.3893814086914
29503,2018-07-30 02:40:00,148.599395751953,4.62575817108154,249.103521937417,53.551040649414
29504,2018-07-30 02:50:00,108.495002746582,4.30214118957519,181.25282339644,58.8898391723632
29505,2018-07-30 03:00:00,62.8857498168945,3.9786639213562,123.939891160542,61.5727882385253
29506,2018-07-30 03:10:00,88.6214981079101,4.11924600601196,145.461804192314,61.060131072998
29507,2018-07-30 03:20:00,144.213806152343,4.41672086715698,204.577307049589,59.4580612182617
29508,2018-07-30 03:30:00,145.596298217773,4.42699718475341,206.705280869104,59.8174591064453
29509,2018-07-30 03:40:00,153.406997680664,4.41577577590942,204.381906345039,62.2037811279296
29510,2018-07-30 03:50:00,175.734405517578,4.54605913162231,231.813026678471,64.8128509521484
29511,2018-07-30 04:00:00,211.146301269531,4.7547698020935,277.961310536681,63.1445884704589
29512,2018-07-30 04:10:00,201.336395263671,4.78868293762207,285.73260578032,70.7498474121093
29513,2018-07-30 04:20:00,283.129913330078,5.24905109405517,399.622632081218,69.2386016845703
29514,2018-07-30 04:30:00,163.302902221679,4.62334108352661,248.573243143314,74.0258178710937
29515,2018-07-30 04:40:00,222.51609802246,4.90808820724487,313.736805024619,74.2371292114257
29516,2018-07-30 04:50:00,251.406906127929,5.05394077301025,349.362461577961,69.7736511230468
29517,2018-07-30 05:00:00,248.651702880859,4.89861917495727,311.478714469,67.861572265625
29518,2018-07-30 05:10:00,219.041305541992,4.76821088790893,281.031928751176,70.2522735595703
29519,2018-07-30 05:20:00,198.319793701171,4.68857097625732,263.016350500655,62.7527084350585
29520,2018-07-30 05:30:00,126.742500305175,4.14263200759887,149.944956346667,60.0119018554687
29521,2018-07-30 05:40:00,158.001495361328,4.2462248802185,170.128994740175,65.7968826293945
29522,2018-07-30 05:50:00,212.39419555664,4.59505701065063,242.39571603332,68.9271011352539
29523,2018-07-30 06:00:00,310.941314697265,5.0680809020996,352.902634466098,70.1845703125
29524,2018-07-30 06:10:00,344.63198852539,5.3551697731018,428.285615879706,69.6050720214843
29525,2018-07-30 06:20:00,318.654510498046,5.25497102737426,401.196365218837,63.9492607116699
29526,2018-07-30 06:30:00,283.707214355468,5.15436601638793,374.847340224159,62.9171600341796
29527,2018-07-30 06:40:00,329.831512451171,5.26236581802368,403.166312971696,69.7089233398437
29528,2018-07-30 06:50:00,270.003509521484,5.02498817443847,342.162176107711,70.5183868408203
29529,2018-07-30 07:00:00,232.311798095703,4.87361478805541,305.547177261371,66.6975021362304
29530,2018-07-30 07:10:00,268.1796875,4.97084808349609,328.870104203259,66.8300628662109
29531,2018-07-30 07:20:00,248.778701782226,4.86364412307739,303.194512052058,69.4766769409179
29532,2018-07-30 07:30:00,254.938293457031,4.97280979156494,329.347855560774,64.5072631835937
29533,2018-07-30 07:40:00,183.170806884765,4.44450092315673,210.343915204962,68.4647216796875
29534,2018-07-30 07:50:00,198.712997436523,4.56430578231811,235.736537552477,69.0193862915039
29535,2018-07-30 08:00:00,167.027893066406,4.38095712661743,197.2184915115,68.0077667236328
29536,2018-07-30 08:10:00,161.685394287109,4.36504697799682,193.967974522035,65.0705108642578
29537,2018-07-30 08:20:00,214.335098266601,4.61057519912719,245.778754313174,59.5177993774414
29538,2018-07-30 08:30:00,263.509185791015,4.95186519622802,324.261928259862,56.3342094421386
29539,2018-07-30 08:40:00,276.706390380859,5.03144407272338,343.762103064829,67.2680892944335
29540,2018-07-30 08:50:00,199.57209777832,4.37551498413085,196.10504254318,58.9370384216308
29541,2018-07-30 09:00:00,178.941802978515,4.34229516983032,189.344132529629,60.9410896301269
29542,2018-07-30 09:10:00,91.0400085449218,3.73446106910705,82.6573991741361,56.8448181152343
29543,2018-07-30 09:20:00,168.923294067382,4.31720495223999,184.278023914604,47.0063591003417
29544,2018-07-30 09:30:00,47.7221412658691,3.44998288154602,46.5982197042295,50.6295890808105
29545,2018-07-30 09:40:00,149.831100463867,4.17744493484497,156.667998437614,29.6095695495605
29546,2018-07-30 09:50:00,171.705902099609,4.33148717880249,187.157617702188,28.9343109130859
29547,2018-07-30 10:00:00,91.0520706176757,3.68575310707092,75.5646853348635,29.9388103485107
29548,2018-07-30 10:10:00,184.271606445312,4.42724895477294,206.757492559854,27.2714500427246
29549,2018-07-30 10:20:00,112.120796203613,3.8487479686737,100.789784143778,30.4355907440185
29550,2018-07-30 10:30:00,332.718688964843,5.12536478042602,367.405306137103,31.2453098297119
29551,2018-07-30 10:40:00,243.911300659179,4.77307319641113,282.145771713299,38.3671913146972
29552,2018-07-30 10:50:00,239.351699829101,4.45268011093139,212.050289814933,47.8770713806152
29553,2018-07-30 11:00:00,287.870513916015,4.75881719589233,278.884639150532,49.2760200500488
29554,2018-07-30 11:10:00,332.739196777343,5.02502393722534,342.171030162124,26.9292392730712
29555,2018-07-30 11:20:00,451.401885986328,5.52903509140014,477.391272111979,33.2051811218261
29556,2018-07-30 11:30:00,354.277313232421,5.19828176498413,386.246451666372,29.0005092620849
29557,2018-07-30 11:40:00,386.970306396484,5.35669612884521,428.704975084429,30.5245609283447
29558,2018-07-30 11:50:00,477.506195068359,5.79875183105468,559.18912850525,28.4398899078369
29559,2018-07-30 12:00:00,577.523620605468,5.99584913253784,623.600109954702,27.1328105926513
29560,2018-07-30 12:10:00,509.218292236328,5.84735918045043,574.697923243852,24.3586807250976
29561,2018-07-30 12:20:00,554.413818359375,6.0116548538208,627.930426134209,24.2277793884277
29562,2018-07-30 12:30:00,439.639190673828,5.57184886932373,489.907954572438,19.8337707519531
29563,2018-07-30 12:40:00,435.545288085937,5.49551200866699,467.709775483887,19.9373893737792
29564,2018-07-30 12:50:00,453.487487792968,5.70471096038818,529.862159999245,18.7820396423339
29565,2018-07-30 13:00:00,601.785217285156,6.30034494400024,730.082512528957,15.8007097244262
29566,2018-07-30 13:10:00,507.827911376953,6.01404285430908,628.738848677234,13.032859802246
29567,2018-07-30 13:20:00,532.828430175781,6.03121614456176,634.570575632077,14.58078956604
29568,2018-07-30 13:30:00,381.943908691406,5.5661449432373,488.230476127451,16.4452495574951
29569,2018-07-30 13:40:00,432.275085449218,5.77310514450073,551.10316599405,19.8820495605468
29570,2018-07-30 13:50:00,396.643188476562,5.59522199630737,496.81391061288,24.7437591552734
29571,2018-07-30 14:00:00,524.612487792968,6.0136489868164,628.605468612177,24.9863700866699
29572,2018-07-30 14:10:00,779.029724121093,6.82791900634765,940.369054601114,26.1648502349853
29573,2018-07-30 14:20:00,886.530029296875,7.00322008132934,1017.4390208038,32.2917289733886
29574,2018-07-30 14:30:00,1047.68005371093,7.39984893798828,1206.65860229017,32.0656394958496
29575,2018-07-30 14:40:00,1236.00402832031,7.76028490066528,1395.85644717838,30.6294898986816
29576,2018-07-30 14:50:00,1071.66003417968,7.32114887237548,1167.37172236898,36.1882705688476
29577,2018-07-30 15:00:00,1484.47094726562,8.45148944854736,1798.16498192637,34.4201698303222
29578,2018-07-30 15:10:00,1334.92700195312,8.05797958374023,1563.37202729035,36.2614517211914
29579,2018-07-30 15:20:00,1722.27502441406,8.8171043395996,2026.8193680919,40.3080215454101
29580,2018-07-30 15:30:00,1265.65795898437,7.82252407073974,1430.06081821581,43.2196388244628
29581,2018-07-30 15:40:00,721.293212890625,6.59836387634277,845.007449996958,46.910041809082
29582,2018-07-30 15:50:00,919.350524902343,7.04831600189208,1037.88796450696,46.7465782165527
29583,2018-07-30 16:00:00,735.210998535156,6.57442808151245,835.41320922175,49.4206390380859
29584,2018-07-30 16:10:00,719.810791015625,6.52800416946411,816.988661677754,50.1561889648437
29585,2018-07-30 16:20:00,764.346984863281,6.74264621734619,904.227143604744,51.347900390625
29586,2018-07-30 16:30:00,859.978576660156,6.86639499664306,956.96141401223,49.995979309082
29587,2018-07-30 16:40:00,813.901489257812,6.85893297195434,953.729496115991,52.6469383239746
29588,2018-07-30 16:50:00,763.593627929687,6.67170286178588,874.809393248218,54.9067497253417
29589,2018-07-30 17:00:00,781.384094238281,6.77612209320068,918.312722458968,51.882469177246
29590,2018-07-30 17:10:00,832.807495117187,6.90305519104003,972.938116303044,50.8109397888183
29591,2018-07-30 17:20:00,818.325012207031,6.89801311492919,970.730995122441,52.9291305541992
29592,2018-07-30 17:30:00,792.075622558593,6.91356182098388,977.547344074323,50.8220787048339
29593,2018-07-30 17:40:00,1129.82299804687,7.7301549911499,1379.46326689149,51.8526382446289
29594,2018-07-30 17:50:00,1089.82397460937,7.5958981513977,1307.77909832127,55.3818206787109
29595,2018-07-30 18:00:00,1211.61901855468,7.81160020828247,1424.02469267984,56.1099586486816
29596,2018-07-30 18:10:00,1069.68896484375,7.43776893615722,1225.91451965188,62.9753799438476
29597,2018-07-30 18:20:00,885.94189453125,7.06447505950927,1045.27907752438,58.5797004699707
29598,2018-07-30 18:30:00,854.735107421875,6.97092580795288,1002.95416831565,57.8554191589355
29599,2018-07-30 18:40:00,849.17919921875,6.86509799957275,956.399179060286,65.3699798583984
29600,2018-07-30 18:50:00,986.0322265625,7.34132099151611,1177.35564445172,63.1640014648437
29601,2018-07-30 19:00:00,1070.34204101562,7.47456216812133,1244.80559471192,67.953987121582
29602,2018-07-30 19:10:00,1106.30200195312,7.62130880355834,1321.17180616569,69.1771087646484
29603,2018-07-30 19:20:00,878.756713867187,6.82006216049194,937.002808787134,74.8736572265625
29604,2018-07-30 19:30:00,878.402587890625,6.68660497665405,880.94035529766,77.9088516235351
29605,2018-07-30 19:40:00,948.239624023437,6.8091869354248,932.355551363399,79.3064575195312
29606,2018-07-30 19:50:00,1137.76501464843,7.43917894363403,1226.63468811273,77.5774536132812
29607,2018-07-30 20:00:00,871.3994140625,6.35346603393554,749.854576366245,79.5063171386718
29608,2018-07-30 20:10:00,607.884216308593,5.54145288467407,481.003985829144,83.0635833740234
29609,2018-07-30 20:20:00,610.131713867187,5.80202102661132,560.224639237446,79.80322265625
29610,2018-07-30 20:30:00,500.861694335937,5.83342599868774,570.227615689613,84.3890075683593
29611,2018-07-30 20:40:00,527.418701171875,6.235191822052,706.247919852459,76.6207275390625
29612,2018-07-30 20:50:00,764.005676269531,7.18686389923095,1102.37569694684,77.26708984375
29613,2018-07-30 21:00:00,698.268371582031,6.64709520339965,864.74135009847,78.3000411987304
29614,2018-07-30 21:10:00,233.554992675781,4.77219295501708,281.944008305484,78.4809265136718
29615,2018-07-30 21:20:00,167.664596557617,4.32218217849731,185.28027749039,78.0668563842773
29616,2018-07-30 21:30:00,323.041595458984,5.40161514282226,441.137937567608,79.4919204711914
29617,2018-07-30 21:40:00,184.4208984375,4.72615623474121,271.465445003723,74.5717620849609
29618,2018-07-30 21:50:00,136.144607543945,4.31220483779907,183.272512127373,80.7468719482421
29619,2018-07-30 22:00:00,112.72550201416,3.9121971130371,111.758593459846,78.7213287353515
29620,2018-07-30 22:10:00,13.8779001235961,2.88731789588928,0.0,81.8837432861328
29621,2018-07-30 22:20:00,3.93405508995056,2.52349495887756,0.0,90.845947265625
29622,2018-07-30 22:30:00,0.0,2.25526595115661,0.0,104.883903503417
29623,2018-07-30 22:40:00,0.0,1.57911694049835,0.0,127.349700927734
29624,2018-07-30 22:50:00,0.0,1.47888898849487,0.0,72.8645782470703
29625,2018-07-30 23:00:00,0.0,2.70765209197998,0.0,62.1121597290039
29626,2018-07-30 23:10:00,0.0,2.82706189155578,0.0,64.8996124267578
29627,2018-07-30 23:20:00,0.0,2.18321394920349,0.0,59.4024391174316
29628,2018-07-30 23:30:00,0.0,3.48363399505615,50.1884351357148,53.6232109069824
29629,2018-07-30 23:40:00,102.604400634765,4.30894994735717,182.618686564377,45.0457000732421
29630,2018-07-30 23:50:00,159.169204711914,4.40072393417358,201.276769853958,56.939640045166
29631,2018-07-31 00:00:00,511.735900878906,6.11362981796264,662.995264220028,63.5425796508789
29632,2018-07-31 00:10:00,718.187072753906,6.65889692306518,869.56126252767,64.904800415039
29633,2018-07-31 00:20:00,682.325012207031,6.47025823593139,794.406066730743,62.2939987182617
29634,2018-07-31 00:30:00,824.773498535156,6.93895006179809,988.741400055263,59.9989013671875
29635,2018-07-31 00:40:00,834.098815917968,6.93031406402587,984.924693515757,62.0064888000488
29636,2018-07-31 00:50:00,1046.95703125,7.45641803741455,1235.46396378977,64.748176574707
29637,2018-07-31 01:00:00,1085.27502441406,7.55391311645507,1285.83507724245,71.0522766113281
29638,2018-07-31 01:10:00,1296.24194335937,7.82834482192993,1433.2827788349,69.8247833251953
29639,2018-07-31 01:20:00,1332.59704589843,8.06841278076171,1569.4139393256,72.7626495361328
29640,2018-07-31 01:30:00,1557.3330078125,8.52320384979248,1842.32175481863,72.0267791748046
29641,2018-07-31 01:40:00,1724.4580078125,9.01007747650146,2150.48948445717,70.6975936889648
29642,2018-07-31 01:50:00,1841.36694335937,9.45474052429199,2440.27775369574,70.1704635620117
29643,2018-07-31 02:00:00,1748.33996582031,9.13620853424072,2232.14346194659,67.5688400268554
29644,2018-07-31 02:10:00,1773.7060546875,9.11760902404785,2220.06824777688,63.4980392456054
29645,2018-07-31 02:20:00,1873.31494140625,9.25996780395507,2312.74655571122,67.7612915039062
29646,2018-07-31 02:30:00,2218.3359375,10.0314798355102,2811.5204625867,68.9534072875976
29647,2018-07-31 02:40:00,1896.56005859375,9.13461399078369,2231.10781900719,69.137710571289
29648,2018-07-31 02:50:00,2029.28601074218,9.44717693328857,2435.3145736803,68.2630310058593
29649,2018-07-31 03:00:00,1894.88500976562,9.17954921722412,2260.32247842356,67.0210571289062
29650,2018-07-31 03:10:00,1784.33605957031,9.08131217956542,2196.5362630292,65.937271118164
29651,2018-07-31 03:20:00,2146.61694335937,9.71570491790771,2602.28081761943,66.865966796875
29652,2018-07-31 03:30:00,2065.98901367187,9.61499786376953,2528.51994321821,65.4849777221679
29653,2018-07-31 03:40:00,1825.82104492187,9.05318546295166,2178.33250883356,66.1197662353515
29654,2018-07-31 03:50:00,1789.51403808593,8.89283275604248,2075.14710992041,67.6672286987304
29655,2018-07-31 04:00:00,2077.4609375,9.57113647460937,2495.28007506389,65.6728134155273
29656,2018-07-31 04:10:00,1763.91296386718,8.88770484924316,2071.86582944115,64.3503265380859
29657,2018-07-31 04:20:00,1479.32299804687,8.3022813796997,1707.55808849567,59.4058609008789
29658,2018-07-31 04:30:00,1855.19494628906,9.11824703216552,2220.48227305765,62.9477195739746
29659,2018-07-31 04:40:00,2209.84790039062,9.79141044616699,2655.4353845725,61.4846115112304
29660,2018-07-31 04:50:00,2022.998046875,9.4057502746582,2408.14295015116,60.5513801574707
29661,2018-07-31 05:00:00,2077.26000976562,9.40260601043701,2406.08156272687,59.8165702819824
29662,2018-07-31 05:10:00,2139.087890625,9.44359588623046,2432.96493898187,54.0982093811035
29663,2018-07-31 05:20:00,2329.60693359375,9.97088241577148,2773.86420129912,57.5706596374511
29664,2018-07-31 05:30:00,2303.96411132812,9.91580295562744,2738.62956980204,58.1744995117187
29665,2018-07-31 05:40:00,2518.73803710937,10.472430229187,3052.54075377741,60.0399093627929
29666,2018-07-31 05:50:00,2256.40991210937,9.83334922790527,2684.05295758631,59.6654815673828
29667,2018-07-31 06:00:00,2223.15087890625,9.77649784088134,2645.11805933387,59.5411491394042
29668,2018-07-31 06:10:00,1984.97094726562,9.33358669281005,2360.87127966359,59.0557594299316
29669,2018-07-31 06:20:00,1847.90295410156,9.00232601165771,2145.49049894095,57.3694801330566
29670,2018-07-31 06:30:00,1918.33203125,9.13643836975097,2232.29274479668,60.0629196166992
29671,2018-07-31 06:40:00,1445.27001953125,8.21546459197998,1655.69211903039,61.7905502319335
29672,2018-07-31 06:50:00,1538.69702148437,8.43799877166748,1789.90080774701,55.8777809143066
29673,2018-07-31 07:00:00,1930.11999511718,9.31083106994628,2345.98392684524,60.0213508605957
29674,2018-07-31 07:10:00,1501.31298828125,8.35736465454101,1740.79935709793,58.7418899536132
29675,2018-07-31 07:20:00,1432.98400878906,8.15174770355224,1618.05673035133,60.1734390258789
29676,2018-07-31 07:30:00,1364.89599609375,7.84361886978149,1441.7559151009,59.2897415161132
29677,2018-07-31 07:40:00,977.980285644531,7.01952600479125,1024.80295461517,58.2949485778808
29678,2018-07-31 07:50:00,658.795776367187,6.27875089645385,722.132239059558,54.0309906005859
29679,2018-07-31 08:00:00,695.30078125,6.08387899398803,652.650429254381,53.9181213378906
29680,2018-07-31 08:10:00,830.212524414062,6.67260599136352,875.180225990795,51.3667984008789
29681,2018-07-31 08:20:00,640.810913085937,6.1329698562622,669.770828333874,58.181339263916
29682,2018-07-31 08:30:00,910.979187011718,6.74620199203491,905.717040861447,50.9105796813964
29683,2018-07-31 08:40:00,974.856384277343,6.83740377426147,944.442661693118,44.6556396484375
29684,2018-07-31 08:50:00,746.832275390625,6.09227085113525,655.558836438927,41.4586105346679
29685,2018-07-31 09:00:00,692.45361328125,6.18848323822021,689.441487059793,37.0572814941406
29686,2018-07-31 09:10:00,1017.4390258789,7.22777414321899,1121.9109131719,32.8479881286621
29687,2018-07-31 09:20:00,857.162109375,6.7198429107666,894.707563882931,33.5285110473632
29688,2018-07-31 09:30:00,905.870788574218,6.87125492095947,959.069960680323,22.5446300506591
29689,2018-07-31 09:40:00,930.027893066406,7.02584791183471,1027.66713258688,31.1438808441162
29690,2018-07-31 09:50:00,530.139526367187,5.89107704162597,588.854665622452,34.6072998046875
29691,2018-07-31 10:00:00,836.610473632812,6.48770999908447,801.191898107292,35.0227394104003
29692,2018-07-31 10:10:00,895.330627441406,6.93530797958374,987.130640454473,30.1833896636962
29693,2018-07-31 10:20:00,496.824310302734,5.53990983963012,480.554285307252,28.7226791381835
29694,2018-07-31 10:30:00,436.795501708984,5.36299180984497,430.436838085247,38.5079689025878
29695,2018-07-31 10:40:00,435.795501708984,5.66581487655639,517.988600042832,34.3851318359375
29696,2018-07-31 10:50:00,594.019226074218,6.16402912139892,680.735765184578,31.5631599426269
29697,2018-07-31 11:00:00,257.381195068359,4.83670282363891,296.873008303947,45.0240211486816
29698,2018-07-31 11:10:00,364.479705810546,5.45147609710693,455.148839234625,41.4076995849609
29699,2018-07-31 11:20:00,437.118499755859,5.57829284667968,491.806767414509,34.2280883789062
29700,2018-07-31 11:30:00,453.240203857421,5.70944118499755,531.316256813521,36.8288803100585
29701,2018-07-31 11:40:00,485.295806884765,5.85297489166259,576.505317541969,38.7311096191406
29702,2018-07-31 11:50:00,479.699401855468,5.97085523605346,615.205248726438,36.6173286437988
29703,2018-07-31 12:00:00,238.54930114746,4.73455095291137,273.365478154126,37.2443313598632
29704,2018-07-31 12:10:00,197.439895629882,4.55065011978149,232.798275494582,24.3276100158691
29705,2018-07-31 12:20:00,388.849304199218,5.40976095199584,443.411704045416,27.1830501556396
29706,2018-07-31 12:30:00,194.143997192382,4.46642398834228,214.926412222235,24.2567501068115
29707,2018-07-31 12:40:00,304.668304443359,5.05808782577514,350.399117789515,25.87034034729
29708,2018-07-31 12:50:00,524.177795410156,6.10355281829833,659.480740090891,29.190689086914
29709,2018-07-31 13:00:00,543.62109375,6.07883310317993,650.905272078492,33.8545913696289
29710,2018-07-31 13:10:00,598.168823242187,6.23882389068603,707.564600050171,41.6564102172851
29711,2018-07-31 13:20:00,840.412902832031,6.77529001235961,917.96100713507,48.3563499450683
29712,2018-07-31 13:30:00,875.196716308593,7.09601879119873,1059.80504829536,64.2664184570312
29713,2018-07-31 13:40:00,1123.71301269531,7.52443790435791,1270.56879073592,64.6063003540039
29714,2018-07-31 13:50:00,423.117614746093,5.61245822906494,501.939867448106,61.5538482666015
29715,2018-07-31 14:00:00,1212.52197265625,7.6870698928833,1356.21309314069,59.2865905761718
29716,2018-07-31 14:10:00,1660.09301757812,8.54586219787597,1856.34971267561,55.7159194946289
29717,2018-07-31 14:20:00,1616.19299316406,8.45291996002197,1799.04209482727,56.6554794311523
29718,2018-07-31 14:30:00,1890.41796875,9.16700267791748,2252.15929755438,58.5620918273925
29719,2018-07-31 14:40:00,1692.97802734375,8.72480773925781,1968.32196170047,58.5302391052246
29720,2018-07-31 14:50:00,2573.99194335937,10.6084299087524,3115.93246217252,57.6337699890136
29721,2018-07-31 15:00:00,2686.4560546875,10.9715700149536,3262.31165336542,59.5013313293457
29722,2018-07-31 15:10:00,2526.94311523437,10.6428604125976,3131.21440309062,60.7581710815429
29723,2018-07-31 15:20:00,2186.6708984375,9.91561889648437,2738.5101983763,58.8318481445312
29724,2018-07-31 15:30:00,1587.6689453125,8.53181362152099,1847.64790649724,56.2558212280273
29725,2018-07-31 15:40:00,889.140502929687,6.86927700042724,958.211465252331,55.1015090942382
29726,2018-07-31 15:50:00,1013.14202880859,7.0845398902893,1054.50392619836,52.2336311340332
29727,2018-07-31 16:00:00,1190.05798339843,7.63418197631835,1327.98828939835,61.891918182373
29728,2018-07-31 16:10:00,980.327697753906,7.16752386093139,1093.22005532318,61.3555297851562
29729,2018-07-31 16:20:00,769.467224121093,6.7305359840393,899.163977178234,62.2403602600097
29730,2018-07-31 16:30:00,876.322814941406,6.99750089645385,1014.86419203657,65.1855926513671
29731,2018-07-31 16:40:00,900.674072265625,7.14373779296875,1082.02887534999,68.1636505126953
29732,2018-07-31 16:50:00,721.484069824218,6.56487607955932,831.602489067943,64.9559631347656
29733,2018-07-31 17:00:00,809.043823242187,6.86626720428466,956.906008253545,64.5556335449218
29734,2018-07-31 17:10:00,879.810485839843,7.14174079895019,1081.09275828872,60.3856391906738
29735,2018-07-31 17:20:00,988.363403320312,7.17994785308837,1099.09579076603,57.1096992492675
29736,2018-07-31 17:30:00,1052.06604003906,7.39649391174316,1204.96523565371,61.3260803222656
29737,2018-07-31 17:40:00,1111.90295410156,7.39785003662109,1205.64950516083,64.7702331542968
29738,2018-07-31 17:50:00,1058.22802734375,7.46707201004028,1240.94314155774,67.9145736694335
29739,2018-07-31 18:00:00,1080.63098144531,7.50362014770507,1259.85679558835,65.8304367065429
29740,2018-07-31 18:10:00,811.516784667968,6.8043098449707,930.276040125227,61.5564918518066
29741,2018-07-31 18:20:00,584.989196777343,6.12800312042236,668.026973608727,64.4290466308593
29742,2018-07-31 18:30:00,471.369110107421,5.81993579864501,565.918426503011,67.080467224121
29743,2018-07-31 18:40:00,502.555999755859,5.89607381820678,590.485394975654,65.854148864746
29744,2018-07-31 18:50:00,782.668273925781,6.75960111618041,911.344723464657,72.1005630493164
29745,2018-07-31 19:00:00,673.383422851562,6.35546588897705,750.604910645933,69.681037902832
29746,2018-07-31 19:10:00,559.604675292968,6.2447280883789,709.707985762566,73.1161499023437
29747,2018-07-31 19:20:00,493.806884765625,5.43551588058471,450.639747358233,78.2135314941406
29748,2018-07-31 19:30:00,478.98779296875,5.41392612457275,444.5766260439,77.8970336914062
29749,2018-07-31 19:40:00,372.358703613281,4.85665607452392,301.549867889872,79.697410583496
29750,2018-07-31 19:50:00,376.497985839843,5.29967021942138,413.174713651931,76.1090469360351
29751,2018-07-31 20:00:00,253.133102416992,5.39393377304077,438.999213066463,70.4276962280273
29752,2018-07-31 20:10:00,358.916412353515,5.62459897994995,505.567495990125,65.3503036499023
29753,2018-07-31 20:20:00,359.379486083984,5.59341812133789,496.279083649111,73.882957458496
29754,2018-07-31 20:30:00,307.984588623046,5.38666486740112,436.980145850264,71.1623306274414
29755,2018-07-31 20:40:00,314.51431274414,5.49006414413452,466.146210265567,65.0744934082031
29756,2018-07-31 20:50:00,424.744110107421,5.76912784576416,549.855140104175,63.6441192626953
29757,2018-07-31 21:00:00,284.140411376953,5.16057109832763,376.448446669746,64.270393371582
29758,2018-07-31 21:10:00,160.684097290039,4.5299072265625,228.357025298143,46.4158401489257
29759,2018-07-31 21:20:00,276.478485107421,5.37925195693969,434.925887834982,46.1504783630371
29760,2018-07-31 21:30:00,369.557006835937,5.55519580841064,485.018999873928,53.4468688964843
29761,2018-07-31 21:40:00,508.596313476562,6.10665082931518,660.560068750978,55.3605804443359
29762,2018-07-31 21:50:00,487.46630859375,6.06356191635131,645.640197584564,57.2948913574218
29763,2018-07-31 22:00:00,628.338928222656,6.40226602554321,768.288316597411,53.8678817749023
29764,2018-07-31 22:10:00,677.676696777343,6.54363584518432,823.165539087459,63.4843215942382
29765,2018-07-31 22:20:00,666.239929199218,6.49571990966796,804.31770863695,63.0718307495117
29766,2018-07-31 22:30:00,553.023071289062,6.23028898239135,704.472812597273,71.0696334838867
29767,2018-07-31 22:40:00,344.851013183593,5.23194599151611,395.091987437504,75.6617279052734
29768,2018-07-31 22:50:00,413.987091064453,5.79253101348876,557.221694772961,74.818000793457
29769,2018-07-31 23:00:00,744.952514648437,6.77862501144409,919.371184261608,71.7840270996093
29770,2018-07-31 23:10:00,846.594421386718,7.02586603164672,1027.67534923245,72.140022277832
29771,2018-07-31 23:20:00,614.608703613281,6.45451498031616,788.313418397071,75.320213317871
29772,2018-07-31 23:30:00,743.56591796875,6.81858682632446,936.371531238963,72.6149673461914
29773,2018-07-31 23:40:00,923.739318847656,7.25182199478149,1133.50185948548,70.9176177978515
29774,2018-07-31 23:50:00,967.876708984375,7.32997179031372,1171.73128934277,71.0696182250976
